order_id,event,lat,lon,time,trip_dist_m,trip_dur_s
0,driver_arrival,58.3711493,26.7655325,7.0,2623.1,424.0
0,rider_pickup_presence,58.3711493,26.7655325,83.73,2623.1,424.0
0,trip_completion,58.375338,26.7212616,431.0,2623.1,424.0
0,rider_dropoff_presence,58.375338,26.7212616,434.0,2623.1,424.0
1,driver_arrival,58.3894487,26.7100626,8.0,2843.1,409.0
1,rider_pickup_presence,58.3894487,26.7100626,41.0,2843.1,409.0
1,trip_completion,58.3736865,26.748464,417.0,2843.1,409.0
1,rider_dropoff_presence,58.3736865,26.748464,443.79,2843.1,409.0
10,driver_arrival,58.3642639,26.697956,35.0,708.7,111.0
10,rider_pickup_presence,58.3642639,26.697956,123.38,708.7,111.0
10,trip_completion,58.370604,26.6991948,146.0,708.7,111.0
10,rider_dropoff_presence,58.370604,26.6991948,227.2,708.7,111.0
100,driver_arrival,58.3891721,26.709614,361.0,3755.9,921.0
100,rider_pickup_presence,58.3891721,26.709614,468.06,3755.9,921.0
100,trip_completion,58.3736149,26.7668015,1282.0,3755.9,921.0
100,rider_dropoff_presence,58.3736149,26.7668015,1292.43,3755.9,921.0
1000,driver_arrival,58.3750613,26.7057678,2965.0,1639.7,287.0
1000,rider_pickup_presence,58.3750613,26.7057678,3015.63,1639.7,287.0
1000,trip_completion,58.3895274,26.7112263,3252.0,1639.7,287.0
1000,rider_dropoff_presence,58.3895274,26.7112263,3255.58,1639.7,287.0
1001,driver_arrival,58.3877442,26.7103023,2966.0,592.5,230.0
1001,rider_pickup_presence,58.3877442,26.7103023,2992.24,592.5,230.0
1001,trip_completion,58.3832737,26.7047701,3196.0,592.5,230.0
1001,rider_dropoff_presence,58.3832737,26.7047701,3256.64,592.5,230.0
1002,driver_arrival,58.3896225,26.7110103,2967.0,490.2,75.0
1002,rider_pickup_presence,58.3896225,26.7110103,2970.18,490.2,75.0
1002,trip_completion,58.3857799,26.7151345,3042.0,490.2,75.0
1002,rider_dropoff_presence,58.3857799,26.7151345,3065.86,490.2,75.0
1003,driver_arrival,58.3763371,26.7453402,2982.0,930.3,210.0
1003,rider_pickup_presence,58.3763371,26.7453402,3059.99,930.3,210.0
1003,trip_completion,58.3765243,26.7293882,3192.0,930.3,210.0
1003,rider_dropoff_presence,58.3765243,26.7293882,3257.39,930.3,210.0
1004,driver_arrival,58.3748156,26.7189659,2986.0,2081.8,275.0
1004,rider_pickup_presence,58.3748156,26.7189659,3012.45,2081.8,275.0
1004,trip_completion,58.3782693,26.6838717,3261.0,2081.8,275.0
1004,rider_dropoff_presence,58.3782693,26.6838717,3331.71,2081.8,275.0
1005,driver_arrival,58.3720539,26.6870813,2987.0,2643.9,762.0
1005,rider_pickup_presence,58.3720539,26.6870813,3084.13,2643.9,762.0
1005,trip_completion,58.3741575,26.7322469,3749.0,2643.9,762.0
1005,rider_dropoff_presence,58.3741575,26.7322469,3749.78,2643.9,762.0
1006,driver_arrival,58.3683308,26.7134785,2990.0,2344.0,481.0
1006,rider_pickup_presence,58.3683308,26.7134785,3086.7,2344.0,481.0
1006,trip_completion,58.3841624,26.740024,3471.0,2344.0,481.0
1006,rider_dropoff_presence,58.3841624,26.740024,3554.78,2344.0,481.0
1007,driver_arrival,58.3755914,26.7616828,3000.0,2629.0,442.0
1007,rider_pickup_presence,58.3755914,26.7616828,3040.83,2629.0,442.0
1007,trip_completion,58.3859449,26.7211399,3442.0,2629.0,442.0
1007,rider_dropoff_presence,58.3859449,26.7211399,3460.66,2629.0,442.0
1008,driver_arrival,58.3856956,26.7005394,3000.0,1923.0,235.0
1008,rider_pickup_presence,58.3856956,26.7005394,3114.87,1923.0,235.0
1008,trip_completion,58.3842999,26.7334225,3235.0,1923.0,235.0
1008,rider_dropoff_presence,58.3842999,26.7334225,3275.39,1923.0,235.0
1009,driver_arrival,58.3714536,26.6971989,3015.0,2195.0,294.0
1009,rider_pickup_presence,58.3714536,26.6971989,3026.13,2195.0,294.0
1009,trip_completion,58.3623785,26.7306241,3309.0,2195.0,294.0
1009,rider_dropoff_presence,58.3623785,26.7306241,3320.61,2195.0,294.0
101,driver_arrival,58.3769162,26.7483603,367.0,4261.6,770.0
101,rider_pickup_presence,58.3769162,26.7483603,468.7,4261.6,770.0
101,trip_completion,58.362558,26.6806024,1137.0,4261.6,770.0
101,rider_dropoff_presence,58.362558,26.6806024,1209.45,4261.6,770.0
1010,driver_arrival,58.3764848,26.7551104,3017.0,3158.4,609.0
1010,rider_pickup_presence,58.3764848,26.7551104,3113.86,3158.4,609.0
1010,trip_completion,58.364142,26.7063296,3626.0,3158.4,609.0
1010,rider_dropoff_presence,58.364142,26.7063296,3713.57,3158.4,609.0
1011,driver_arrival,58.3815252,26.7094173,3019.0,224.4,133.0
1011,rider_pickup_presence,58.3815252,26.7094173,3083.35,224.4,133.0
1011,trip_completion,58.3828576,26.7065262,3152.0,224.4,133.0
1011,rider_dropoff_presence,58.3828576,26.7065262,3268.77,224.4,133.0
1012,driver_arrival,58.3757918,26.7538673,3021.0,4123.9,747.0
1012,rider_pickup_presence,58.3757918,26.7538673,3066.42,4123.9,747.0
1012,trip_completion,58.3664162,26.6854431,3768.0,4123.9,747.0
1012,rider_dropoff_presence,58.3664162,26.6854431,3834.24,4123.9,747.0
1013,driver_arrival,58.3665438,26.7734419,3024.0,4079.5,1071.0
1013,rider_pickup_presence,58.3665438,26.7734419,3123.53,4079.5,1071.0
1013,trip_completion,58.3860589,26.7141918,4095.0,4079.5,1071.0
1013,rider_dropoff_presence,58.3860589,26.7141918,4169.22,4079.5,1071.0
1014,driver_arrival,58.3675755,26.7066553,3028.0,1692.6,273.0
1014,rider_pickup_presence,58.3675755,26.7066553,3131.4,1692.6,273.0
1014,trip_completion,58.3768675,26.6836639,3301.0,1692.6,273.0
1014,rider_dropoff_presence,58.3768675,26.6836639,3370.28,1692.6,273.0
1015,driver_arrival,58.3778038,26.6836203,3029.0,4172.6,868.0
1015,rider_pickup_presence,58.3778038,26.6836203,3113.55,4172.6,868.0
1015,trip_completion,58.3766701,26.7551564,3897.0,4172.6,868.0
1015,rider_dropoff_presence,58.3766701,26.7551564,3902.5,4172.6,868.0
1016,driver_arrival,58.3817079,26.717499,3035.0,1686.8,248.0
1016,rider_pickup_presence,58.3817079,26.717499,3062.35,1686.8,248.0
1016,trip_completion,58.3893236,26.6924704,3283.0,1686.8,248.0
1016,rider_dropoff_presence,58.3893236,26.6924704,3317.73,1686.8,248.0
1017,driver_arrival,58.3785561,26.7063522,3035.0,4135.6,454.0
1017,rider_pickup_presence,58.3785561,26.7063522,3044.58,4135.6,454.0
1017,trip_completion,58.3773469,26.7772507,3489.0,4135.6,454.0
1017,rider_dropoff_presence,58.3773469,26.7772507,3516.93,4135.6,454.0
1018,driver_arrival,58.3670343,26.771735,3037.0,4605.4,775.0
1018,rider_pickup_presence,58.3670343,26.771735,3049.12,4605.4,775.0
1018,trip_completion,58.3831896,26.6990054,3812.0,4605.4,775.0
1018,rider_dropoff_presence,58.3831896,26.6990054,3845.36,4605.4,775.0
1019,driver_arrival,58.3874805,26.6950604,3039.0,3313.3,496.0
1019,rider_pickup_presence,58.3874805,26.6950604,3115.28,3313.3,496.0
1019,trip_completion,58.3766392,26.7480025,3535.0,3313.3,496.0
1019,rider_dropoff_presence,58.3766392,26.7480025,3578.78,3313.3,496.0
102,driver_arrival,58.3665701,26.6950051,367.0,3656.6,978.0
102,rider_pickup_presence,58.3665701,26.6950051,411.42,3656.6,978.0
102,trip_completion,58.3837895,26.748434,1345.0,3656.6,978.0
102,rider_dropoff_presence,58.3837895,26.748434,1370.14,3656.6,978.0
1020,driver_arrival,58.3603346,26.7063574,3047.0,2594.1,866.0
1020,rider_pickup_presence,58.3603346,26.7063574,3079.04,2594.1,866.0
1020,trip_completion,58.3822208,26.7217611,3913.0,2594.1,866.0
1020,rider_dropoff_presence,58.3822208,26.7217611,4025.4,2594.1,866.0
1021,driver_arrival,58.375327,26.6931043,3047.0,4270.1,990.0
1021,rider_pickup_presence,58.375327,26.6931043,3124.76,4270.1,990.0
1021,trip_completion,58.3711533,26.7659037,4037.0,4270.1,990.0
1021,rider_dropoff_presence,58.3711533,26.7659037,4110.1,4270.1,990.0
1022,driver_arrival,58.3675052,26.770755,3055.0,644.8,393.0
1022,rider_pickup_presence,58.3675052,26.770755,3075.54,644.8,393.0
1022,trip_completion,58.3731357,26.7681093,3448.0,644.8,393.0
1022,rider_dropoff_presence,58.3731357,26.7681093,3535.5,644.8,393.0
1023,driver_arrival,58.3663693,26.7085394,3055.0,1422.7,422.0
1023,rider_pickup_presence,58.3663693,26.7085394,3074.61,1422.7,422.0
1023,trip_completion,58.3785718,26.715877,3477.0,1422.7,422.0
1023,rider_dropoff_presence,58.3785718,26.715877,3522.53,1422.7,422.0
1024,driver_arrival,58.3733138,26.7749526,3056.0,438.9,224.0
1024,rider_pickup_presence,58.3733138,26.7749526,3174.74,438.9,224.0
1024,trip_completion,58.3765824,26.770733,3280.0,438.9,224.0
1024,rider_dropoff_presence,58.3765824,26.770733,3356.8,438.9,224.0
1025,driver_arrival,58.360042,26.7410352,3058.0,2877.0,314.0
1025,rider_pickup_presence,58.360042,26.7410352,3124.83,2877.0,314.0
1025,trip_completion,58.382036,26.7670213,3372.0,2877.0,314.0
1025,rider_dropoff_presence,58.382036,26.7670213,3454.15,2877.0,314.0
1026,driver_arrival,58.3682438,26.745299,3058.0,2050.3,384.0
1026,rider_pickup_presence,58.3682438,26.745299,3159.14,2050.3,384.0
1026,trip_completion,58.3775309,26.7756756,3442.0,2050.3,384.0
1026,rider_dropoff_presence,58.3775309,26.7756756,3535.12,2050.3,384.0
1027,driver_arrival,58.3815741,26.6981534,3060.0,1622.5,284.0
1027,rider_pickup_presence,58.3815741,26.6981534,3087.49,1622.5,284.0
1027,trip_completion,58.3772949,26.7247614,3344.0,1622.5,284.0
1027,rider_dropoff_presence,58.3772949,26.7247614,3347.85,1622.5,284.0
1028,driver_arrival,58.3608526,26.7073269,3062.0,2448.6,443.0
1028,rider_pickup_presence,58.3608526,26.7073269,3099.85,2448.6,443.0
1028,trip_completion,58.3828694,26.7065436,3505.0,2448.6,443.0
1028,rider_dropoff_presence,58.3828694,26.7065436,3537.13,2448.6,443.0
1029,driver_arrival,58.3708391,26.6892173,3065.0,1896.5,468.0
1029,rider_pickup_presence,58.3708391,26.6892173,3090.32,1896.5,468.0
1029,trip_completion,58.3711918,26.7217333,3533.0,1896.5,468.0
1029,rider_dropoff_presence,58.3711918,26.7217333,3646.15,1896.5,468.0
103,driver_arrival,58.3668961,26.7034912,369.0,4349.0,1024.0
103,rider_pickup_presence,58.3668961,26.7034912,474.16,4349.0,1024.0
103,trip_completion,58.3720588,26.777416,1393.0,4349.0,1024.0
103,rider_dropoff_presence,58.3720588,26.777416,1430.76,4349.0,1024.0
1030,driver_arrival,58.3621401,26.7347219,3065.0,2183.6,341.0
1030,rider_pickup_presence,58.3621401,26.7347219,3143.65,2183.6,341.0
1030,trip_completion,58.3794908,26.7171848,3406.0,2183.6,341.0
1030,rider_dropoff_presence,58.3794908,26.7171848,3453.48,2183.6,341.0
1031,driver_arrival,58.3721564,26.7768385,3070.0,3816.1,1010.0
1031,rider_pickup_presence,58.3721564,26.7768385,3179.75,3816.1,1010.0
1031,trip_completion,58.3825413,26.7144527,4080.0,3816.1,1010.0
1031,rider_dropoff_presence,58.3825413,26.7144527,4135.06,3816.1,1010.0
1032,driver_arrival,58.372247,26.7715749,3076.0,3788.8,938.0
1032,rider_pickup_presence,58.372247,26.7715749,3107.79,3788.8,938.0
1032,trip_completion,58.3866845,26.7127069,4014.0,3788.8,938.0
1032,rider_dropoff_presence,58.3866845,26.7127069,4043.6,3788.8,938.0
1033,driver_arrival,58.3876909,26.7076418,3085.0,2034.7,349.0
1033,rider_pickup_presence,58.3876909,26.7076418,3152.36,2034.7,349.0
1033,trip_completion,58.3848708,26.7421336,3434.0,2034.7,349.0
1033,rider_dropoff_presence,58.3848708,26.7421336,3465.53,2034.7,349.0
1034,driver_arrival,58.3695602,26.7018794,3088.0,1093.2,140.0
1034,rider_pickup_presence,58.3695602,26.7018794,3158.15,1093.2,140.0
1034,trip_completion,58.3689424,26.68317,3228.0,1093.2,140.0
1034,rider_dropoff_presence,58.3689424,26.68317,3335.74,1093.2,140.0
1035,driver_arrival,58.381863,26.7567751,3089.0,4177.2,904.0
1035,rider_pickup_presence,58.381863,26.7567751,3136.93,4177.2,904.0
1035,trip_completion,58.3715374,26.6878876,3993.0,4177.2,904.0
1035,rider_dropoff_presence,58.3715374,26.6878876,4019.32,4177.2,904.0
1036,driver_arrival,58.3681628,26.7287432,3102.0,1657.1,430.0
1036,rider_pickup_presence,58.3681628,26.7287432,3221.7,1657.1,430.0
1036,trip_completion,58.3830531,26.7275974,3532.0,1657.1,430.0
1036,rider_dropoff_presence,58.3830531,26.7275974,3593.14,1657.1,430.0
1037,driver_arrival,58.385246,26.7134316,3105.0,2151.8,382.0
1037,rider_pickup_presence,58.385246,26.7134316,3115.91,2151.8,382.0
1037,trip_completion,58.3708811,26.6887014,3487.0,2151.8,382.0
1037,rider_dropoff_presence,58.3708811,26.6887014,3492.65,2151.8,382.0
1038,driver_arrival,58.3727469,26.7708796,3107.0,2891.4,1002.0
1038,rider_pickup_presence,58.3727469,26.7708796,3120.16,2891.4,1002.0
1038,trip_completion,58.3752093,26.7215139,4109.0,2891.4,1002.0
1038,rider_dropoff_presence,58.3752093,26.7215139,4184.29,2891.4,1002.0
1039,driver_arrival,58.3613746,26.6928656,3109.0,4879.4,928.0
1039,rider_pickup_presence,58.3613746,26.6928656,3204.05,4879.4,928.0
1039,trip_completion,58.3878784,26.7595621,4037.0,4879.4,928.0
1039,rider_dropoff_presence,58.3878784,26.7595621,4087.66,4879.4,928.0
104,driver_arrival,58.3741852,26.7232323,372.0,1337.6,335.0
104,rider_pickup_presence,58.3741852,26.7232323,379.62,1337.6,335.0
104,trip_completion,58.362758,26.7303975,707.0,1337.6,335.0
104,rider_dropoff_presence,58.362758,26.7303975,752.79,1337.6,335.0
1040,driver_arrival,58.3637354,26.7072065,3109.0,2740.6,542.0
1040,rider_pickup_presence,58.3637354,26.7072065,3228.53,2740.6,542.0
1040,trip_completion,58.3883766,26.70619,3651.0,2740.6,542.0
1040,rider_dropoff_presence,58.3883766,26.70619,3714.49,2740.6,542.0
1041,driver_arrival,58.3746023,26.7130963,3109.0,2368.1,596.0
1041,rider_pickup_presence,58.3746023,26.7130963,3225.53,2368.1,596.0
1041,trip_completion,58.3733301,26.7536372,3705.0,2368.1,596.0
1041,rider_dropoff_presence,58.3733301,26.7536372,3808.29,2368.1,596.0
1042,driver_arrival,58.3730002,26.7141333,3113.0,2527.1,690.0
1042,rider_pickup_presence,58.3730002,26.7141333,3114.38,2527.1,690.0
1042,trip_completion,58.3849183,26.751042,3803.0,2527.1,690.0
1042,rider_dropoff_presence,58.3849183,26.751042,3889.49,2527.1,690.0
1043,driver_arrival,58.3873644,26.7071922,3115.0,2852.6,516.0
1043,rider_pickup_presence,58.3873644,26.7071922,3196.81,2852.6,516.0
1043,trip_completion,58.3627594,26.7210409,3631.0,2852.6,516.0
1043,rider_dropoff_presence,58.3627594,26.7210409,3695.44,2852.6,516.0
1044,driver_arrival,58.3683236,26.7288933,3117.0,1968.7,389.0
1044,rider_pickup_presence,58.3683236,26.7288933,3149.02,1968.7,389.0
1044,trip_completion,58.3719282,26.6958396,3506.0,1968.7,389.0
1044,rider_dropoff_presence,58.3719282,26.6958396,3582.92,1968.7,389.0
1045,driver_arrival,58.3771987,26.7677592,3125.0,3279.7,317.0
1045,rider_pickup_presence,58.3771987,26.7677592,3138.39,3279.7,317.0
1045,trip_completion,58.3894954,26.7166195,3442.0,3279.7,317.0
1045,rider_dropoff_presence,58.3894954,26.7166195,3494.17,3279.7,317.0
1046,driver_arrival,58.3715997,26.7278587,3136.0,2613.4,792.0
1046,rider_pickup_presence,58.3715997,26.7278587,3190.45,2613.4,792.0
1046,trip_completion,58.3719237,26.7726723,3928.0,2613.4,792.0
1046,rider_dropoff_presence,58.3719237,26.7726723,4042.46,2613.4,792.0
1047,driver_arrival,58.3764856,26.7227774,3136.0,1995.6,249.0
1047,rider_pickup_presence,58.3764856,26.7227774,3241.1,1995.6,249.0
1047,trip_completion,58.3732623,26.756447,3385.0,1995.6,249.0
1047,rider_dropoff_presence,58.3732623,26.756447,3416.61,1995.6,249.0
1048,driver_arrival,58.3724892,26.7575921,3140.0,1738.4,177.0
1048,rider_pickup_presence,58.3724892,26.7575921,3200.07,1738.4,177.0
1048,trip_completion,58.3645825,26.7318757,3317.0,1738.4,177.0
1048,rider_dropoff_presence,58.3645825,26.7318757,3338.44,1738.4,177.0
1049,driver_arrival,58.3767637,26.7481811,3145.0,1122.7,368.0
1049,rider_pickup_presence,58.3767637,26.7481811,3254.52,1122.7,368.0
1049,trip_completion,58.3780203,26.729074,3513.0,1122.7,368.0
1049,rider_dropoff_presence,58.3780203,26.729074,3617.46,1122.7,368.0
105,driver_arrival,58.370115,26.7290982,374.0,1415.2,260.0
105,rider_pickup_presence,58.370115,26.7290982,409.81,1415.2,260.0
105,trip_completion,58.3724693,26.7529482,634.0,1415.2,260.0
105,rider_dropoff_presence,58.3724693,26.7529482,710.67,1415.2,260.0
1050,driver_arrival,58.3875307,26.7098072,3145.0,2249.8,422.0
1050,rider_pickup_presence,58.3875307,26.7098072,3218.08,2249.8,422.0
1050,trip_completion,58.3774895,26.7433126,3567.0,2249.8,422.0
1050,rider_dropoff_presence,58.3774895,26.7433126,3585.34,2249.8,422.0
1051,driver_arrival,58.3765547,26.7169254,3145.0,460.1,64.0
1051,rider_pickup_presence,58.3765547,26.7169254,3236.5,460.1,64.0
1051,trip_completion,58.3772697,26.7246984,3209.0,460.1,64.0
1051,rider_dropoff_presence,58.3772697,26.7246984,3273.73,460.1,64.0
1052,driver_arrival,58.3720887,26.7614008,3154.0,676.0,669.0
1052,rider_pickup_presence,58.3720887,26.7614008,3247.44,676.0,669.0
1052,trip_completion,58.3772027,26.7676713,3823.0,676.0,669.0
1052,rider_dropoff_presence,58.3772027,26.7676713,3886.64,676.0,669.0
1053,driver_arrival,58.3609358,26.6943494,3155.0,4537.5,1197.0
1053,rider_pickup_presence,58.3609358,26.6943494,3155.07,4537.5,1197.0
1053,trip_completion,58.3684954,26.7708026,4352.0,4537.5,1197.0
1053,rider_dropoff_presence,58.3684954,26.7708026,4390.9,4537.5,1197.0
1054,driver_arrival,58.3832711,26.7274182,3157.0,1244.0,200.0
1054,rider_pickup_presence,58.3832711,26.7274182,3159.34,1244.0,200.0
1054,trip_completion,58.3881737,26.7082348,3357.0,1244.0,200.0
1054,rider_dropoff_presence,58.3881737,26.7082348,3468.49,1244.0,200.0
1055,driver_arrival,58.3705234,26.6987375,3158.0,2532.6,694.0
1055,rider_pickup_presence,58.3705234,26.6987375,3263.45,2532.6,694.0
1055,trip_completion,58.3806368,26.737658,3852.0,2532.6,694.0
1055,rider_dropoff_presence,58.3806368,26.737658,3951.8,2532.6,694.0
1056,driver_arrival,58.3802419,26.7487855,3164.0,3123.4,593.0
1056,rider_pickup_presence,58.3802419,26.7487855,3200.9,3123.4,593.0
1056,trip_completion,58.3756333,26.6959386,3757.0,3123.4,593.0
1056,rider_dropoff_presence,58.3756333,26.6959386,3763.95,3123.4,593.0
1057,driver_arrival,58.3779901,26.6838126,3165.0,2671.5,408.0
1057,rider_pickup_presence,58.3779901,26.6838126,3270.36,2671.5,408.0
1057,trip_completion,58.3835909,26.7283766,3573.0,2671.5,408.0
1057,rider_dropoff_presence,58.3835909,26.7283766,3686.63,2671.5,408.0
1058,driver_arrival,58.3820384,26.7199802,3167.0,1898.5,414.0
1058,rider_pickup_presence,58.3820384,26.7199802,3177.28,1898.5,414.0
1058,trip_completion,58.3836759,26.7523989,3581.0,1898.5,414.0
1058,rider_dropoff_presence,58.3836759,26.7523989,3639.32,1898.5,414.0
1059,driver_arrival,58.3731664,26.7721393,3167.0,1875.8,533.0
1059,rider_pickup_presence,58.3731664,26.7721393,3175.31,1875.8,533.0
1059,trip_completion,58.382009,26.7447387,3700.0,1875.8,533.0
1059,rider_dropoff_presence,58.382009,26.7447387,3791.27,1875.8,533.0
106,driver_arrival,58.3756512,26.7779331,375.0,682.0,266.0
106,rider_pickup_presence,58.3756512,26.7779331,466.9,682.0,266.0
106,trip_completion,58.3780545,26.7671708,641.0,682.0,266.0
106,rider_dropoff_presence,58.3780545,26.7671708,656.41,682.0,266.0
1060,driver_arrival,58.3683256,26.6988758,3167.0,3217.8,799.0
1060,rider_pickup_presence,58.3683256,26.6988758,3224.03,3217.8,799.0
1060,trip_completion,58.3738879,26.7530291,3966.0,3217.8,799.0
1060,rider_dropoff_presence,58.3738879,26.7530291,4031.98,3217.8,799.0
1061,driver_arrival,58.3741626,26.7228943,3171.0,272.9,285.0
1061,rider_pickup_presence,58.3741626,26.7228943,3202.81,272.9,285.0
1061,trip_completion,58.3721428,26.7202369,3456.0,272.9,285.0
1061,rider_dropoff_presence,58.3721428,26.7202369,3560.69,272.9,285.0
1062,driver_arrival,58.3812525,26.7231853,3178.0,2071.3,323.0
1062,rider_pickup_presence,58.3812525,26.7231853,3228.78,2071.3,323.0
1062,trip_completion,58.364615,26.7391598,3501.0,2071.3,323.0
1062,rider_dropoff_presence,58.364615,26.7391598,3526.42,2071.3,323.0
1063,driver_arrival,58.3681039,26.7463515,3187.0,1691.2,542.0
1063,rider_pickup_presence,58.3681039,26.7463515,3251.72,1691.2,542.0
1063,trip_completion,58.3759009,26.721449,3729.0,1691.2,542.0
1063,rider_dropoff_presence,58.3759009,26.721449,3816.59,1691.2,542.0
1064,driver_arrival,58.3853876,26.7133651,3193.0,2312.8,461.0
1064,rider_pickup_presence,58.3853876,26.7133651,3217.14,2312.8,461.0
1064,trip_completion,58.3669076,26.7315681,3654.0,2312.8,461.0
1064,rider_dropoff_presence,58.3669076,26.7315681,3691.41,2312.8,461.0
1065,driver_arrival,58.3713243,26.7336672,3202.0,1933.3,308.0
1065,rider_pickup_presence,58.3713243,26.7336672,3321.42,1933.3,308.0
1065,trip_completion,58.3789255,26.7634893,3510.0,1933.3,308.0
1065,rider_dropoff_presence,58.3789255,26.7634893,3587.99,1933.3,308.0
1066,driver_arrival,58.3736942,26.7346992,3207.0,2076.5,845.0
1066,rider_pickup_presence,58.3736942,26.7346992,3259.57,2076.5,845.0
1066,trip_completion,58.3743105,26.7702934,4052.0,2076.5,845.0
1066,rider_dropoff_presence,58.3743105,26.7702934,4114.11,2076.5,845.0
1067,driver_arrival,58.3600371,26.71706,3208.0,1597.5,191.0
1067,rider_pickup_presence,58.3600371,26.71706,3222.52,1597.5,191.0
1067,trip_completion,58.3496898,26.6980635,3399.0,1597.5,191.0
1067,rider_dropoff_presence,58.3496898,26.6980635,3425.96,1597.5,191.0
1068,driver_arrival,58.3785198,26.6837638,3209.0,3176.7,630.0
1068,rider_pickup_presence,58.3785198,26.6837638,3249.57,3176.7,630.0
1068,trip_completion,58.3815694,26.737943,3839.0,3176.7,630.0
1068,rider_dropoff_presence,58.3815694,26.737943,3909.6,3176.7,630.0
1069,driver_arrival,58.3820384,26.7199802,3214.0,1540.6,345.0
1069,rider_pickup_presence,58.3820384,26.7199802,3241.61,1540.6,345.0
1069,trip_completion,58.381412,26.7463812,3559.0,1540.6,345.0
1069,rider_dropoff_presence,58.381412,26.7463812,3585.43,1540.6,345.0
107,driver_arrival,58.3719934,26.723228,377.0,1308.9,1371.0
107,rider_pickup_presence,58.3719934,26.723228,385.52,1308.9,1371.0
107,trip_completion,58.3667492,26.7031326,1748.0,1308.9,1371.0
107,rider_dropoff_presence,58.3667492,26.7031326,1823.73,1308.9,1371.0
1070,driver_arrival,58.3751837,26.7214822,3217.0,1580.3,438.0
1070,rider_pickup_presence,58.3751837,26.7214822,3244.47,1580.3,438.0
1070,trip_completion,58.3648696,26.7401266,3655.0,1580.3,438.0
1070,rider_dropoff_presence,58.3648696,26.7401266,3763.65,1580.3,438.0
1071,driver_arrival,58.3815957,26.7500264,3217.0,1809.1,149.0
1071,rider_pickup_presence,58.3815957,26.7500264,3320.16,1809.1,149.0
1071,trip_completion,58.3690684,26.7302293,3366.0,1809.1,149.0
1071,rider_dropoff_presence,58.3690684,26.7302293,3374.5,1809.1,149.0
1072,driver_arrival,58.3833066,26.7563821,3219.0,2556.6,613.0
1072,rider_pickup_presence,58.3833066,26.7563821,3247.56,2556.6,613.0
1072,trip_completion,58.3744652,26.7159006,3832.0,2556.6,613.0
1072,rider_dropoff_presence,58.3744652,26.7159006,3912.28,2556.6,613.0
1073,driver_arrival,58.3688423,26.724599,3221.0,2015.3,288.0
1073,rider_pickup_presence,58.3688423,26.724599,3246.71,2015.3,288.0
1073,trip_completion,58.3841442,26.7060745,3509.0,2015.3,288.0
1073,rider_dropoff_presence,58.3841442,26.7060745,3524.88,2015.3,288.0
1074,driver_arrival,58.3770508,26.7241502,3221.0,1863.1,264.0
1074,rider_pickup_presence,58.3770508,26.7241502,3333.26,1863.1,264.0
1074,trip_completion,58.3749756,26.755859,3485.0,1863.1,264.0
1074,rider_dropoff_presence,58.3749756,26.755859,3553.53,1863.1,264.0
1075,driver_arrival,58.3739964,26.707438,3223.0,3984.7,842.0
1075,rider_pickup_presence,58.3739964,26.707438,3279.72,3984.7,842.0
1075,trip_completion,58.3613982,26.771403,4065.0,3984.7,842.0
1075,rider_dropoff_presence,58.3613982,26.771403,4159.15,3984.7,842.0
1076,driver_arrival,58.3735475,26.7660031,3228.0,1552.2,429.0
1076,rider_pickup_presence,58.3735475,26.7660031,3324.9,1552.2,429.0
1076,trip_completion,58.3785809,26.7411719,3657.0,1552.2,429.0
1076,rider_dropoff_presence,58.3785809,26.7411719,3679.85,1552.2,429.0
1077,driver_arrival,58.3797856,26.7683808,3230.0,3123.7,609.0
1077,rider_pickup_presence,58.3797856,26.7683808,3241.63,3123.7,609.0
1077,trip_completion,58.3736323,26.7161056,3839.0,3123.7,609.0
1077,rider_dropoff_presence,58.3736323,26.7161056,3890.73,3123.7,609.0
1078,driver_arrival,58.3830941,26.7237505,3231.0,2694.0,921.0
1078,rider_pickup_presence,58.3830941,26.7237505,3281.83,2694.0,921.0
1078,trip_completion,58.3635413,26.6964676,4152.0,2694.0,921.0
1078,rider_dropoff_presence,58.3635413,26.6964676,4208.04,2694.0,921.0
1079,driver_arrival,58.3682052,26.7310992,3232.0,2919.0,401.0
1079,rider_pickup_presence,58.3682052,26.7310992,3319.49,2919.0,401.0
1079,trip_completion,58.3767861,26.6837883,3633.0,2919.0,401.0
1079,rider_dropoff_presence,58.3767861,26.6837883,3713.8,2919.0,401.0
108,driver_arrival,58.3779663,26.7286291,381.0,2182.4,423.0
108,rider_pickup_presence,58.3779663,26.7286291,499.1,2182.4,423.0
108,trip_completion,58.3773,26.7660411,804.0,2182.4,423.0
108,rider_dropoff_presence,58.3773,26.7660411,815.81,2182.4,423.0
1080,driver_arrival,58.3667632,26.73317,3247.0,1924.1,227.0
1080,rider_pickup_presence,58.3667632,26.73317,3295.31,1924.1,227.0
1080,trip_completion,58.3815915,26.7501796,3474.0,1924.1,227.0
1080,rider_dropoff_presence,58.3815915,26.7501796,3514.72,1924.1,227.0
1081,driver_arrival,58.3834507,26.682131,3248.0,2578.5,287.0
1081,rider_pickup_presence,58.3834507,26.682131,3351.4,2578.5,287.0
1081,trip_completion,58.3850361,26.7262625,3535.0,2578.5,287.0
1081,rider_dropoff_presence,58.3850361,26.7262625,3564.84,2578.5,287.0
1082,driver_arrival,58.3643132,26.6846717,3251.0,5787.4,1273.0
1082,rider_pickup_presence,58.3643132,26.6846717,3273.83,5787.4,1273.0
1082,trip_completion,58.3809793,26.7786977,4524.0,5787.4,1273.0
1082,rider_dropoff_presence,58.3809793,26.7786977,4577.83,5787.4,1273.0
1083,driver_arrival,58.372615,26.7799733,3252.0,3283.9,712.0
1083,rider_pickup_presence,58.372615,26.7799733,3302.63,3283.9,712.0
1083,trip_completion,58.3749711,26.7238331,3964.0,3283.9,712.0
1083,rider_dropoff_presence,58.3749711,26.7238331,3997.43,3283.9,712.0
1084,driver_arrival,58.3740575,26.7235675,3258.0,1303.9,294.0
1084,rider_pickup_presence,58.3740575,26.7235675,3287.98,1303.9,294.0
1084,trip_completion,58.3764069,26.745477,3552.0,1303.9,294.0
1084,rider_dropoff_presence,58.3764069,26.745477,3662.79,1303.9,294.0
1085,driver_arrival,58.384323,26.7400765,3260.0,1641.6,261.0
1085,rider_pickup_presence,58.384323,26.7400765,3313.18,1641.6,261.0
1085,trip_completion,58.3886814,26.7131673,3521.0,1641.6,261.0
1085,rider_dropoff_presence,58.3886814,26.7131673,3624.36,1641.6,261.0
1086,driver_arrival,58.3684079,26.7287737,3265.0,2832.1,624.0
1086,rider_pickup_presence,58.3684079,26.7287737,3331.04,2832.1,624.0
1086,trip_completion,58.3771323,26.6831421,3889.0,2832.1,624.0
1086,rider_dropoff_presence,58.3771323,26.6831421,3895.07,2832.1,624.0
1087,driver_arrival,58.3663751,26.721629,3312.0,2692.7,591.0
1087,rider_pickup_presence,58.3663751,26.721629,3431.91,2692.7,591.0
1087,trip_completion,58.3896731,26.7090307,3903.0,2692.7,591.0
1087,rider_dropoff_presence,58.3896731,26.7090307,4003.32,2692.7,591.0
1088,driver_arrival,58.371779,26.7561954,3274.0,812.7,408.0
1088,rider_pickup_presence,58.371779,26.7561954,3390.28,812.7,408.0
1088,trip_completion,58.3698493,26.7696381,3682.0,812.7,408.0
1088,rider_dropoff_presence,58.3698493,26.7696381,3793.16,812.7,408.0
1089,driver_arrival,58.3674481,26.773478,3277.0,221.4,182.0
1089,rider_pickup_presence,58.3674481,26.773478,3378.84,221.4,182.0
1089,trip_completion,58.3687084,26.7705395,3459.0,221.4,182.0
1089,rider_dropoff_presence,58.3687084,26.7705395,3478.96,221.4,182.0
109,driver_arrival,58.3825957,26.738336,384.0,3029.2,888.0
109,rider_pickup_presence,58.3825957,26.738336,442.28,3029.2,888.0
109,trip_completion,58.3774439,26.6873118,1272.0,3029.2,888.0
109,rider_dropoff_presence,58.3774439,26.6873118,1297.65,3029.2,888.0
1090,driver_arrival,58.3832013,26.7552718,3281.0,3809.1,598.0
1090,rider_pickup_presence,58.3832013,26.7552718,3329.12,3809.1,598.0
1090,trip_completion,58.3585022,26.7100082,3879.0,3809.1,598.0
1090,rider_dropoff_presence,58.3585022,26.7100082,3886.04,3809.1,598.0
1091,driver_arrival,58.3604277,26.7298647,3282.0,2050.3,270.0
1091,rider_pickup_presence,58.3604277,26.7298647,3327.48,2050.3,270.0
1091,trip_completion,58.3763501,26.712136,3552.0,2050.3,270.0
1091,rider_dropoff_presence,58.3763501,26.712136,3670.24,2050.3,270.0
1092,driver_arrival,58.3838877,26.6899486,3288.0,2496.0,318.0
1092,rider_pickup_presence,58.3838877,26.6899486,3319.82,2496.0,318.0
1092,trip_completion,58.3676387,26.7194838,3606.0,2496.0,318.0
1092,rider_dropoff_presence,58.3676387,26.7194838,3700.09,2496.0,318.0
1093,driver_arrival,58.3773309,26.7250702,3288.0,2090.2,290.0
1093,rider_pickup_presence,58.3773309,26.7250702,3342.6,2090.2,290.0
1093,trip_completion,58.3788423,26.760806,3578.0,2090.2,290.0
1093,rider_dropoff_presence,58.3788423,26.760806,3628.76,2090.2,290.0
1094,driver_arrival,58.3831062,26.7334984,3288.0,2921.3,953.0
1094,rider_pickup_presence,58.3831062,26.7334984,3402.88,2921.3,953.0
1094,trip_completion,58.3708755,26.6891544,4241.0,2921.3,953.0
1094,rider_dropoff_presence,58.3708755,26.6891544,4360.45,2921.3,953.0
1095,driver_arrival,58.3752965,26.7092358,3289.0,2357.1,571.0
1095,rider_pickup_presence,58.3752965,26.7092358,3355.69,2357.1,571.0
1095,trip_completion,58.3759543,26.7496435,3860.0,2357.1,571.0
1095,rider_dropoff_presence,58.3759543,26.7496435,3946.21,2357.1,571.0
1096,driver_arrival,58.3677698,26.7382988,3292.0,2470.3,531.0
1096,rider_pickup_presence,58.3677698,26.7382988,3310.58,2470.3,531.0
1096,trip_completion,58.3860135,26.7141212,3823.0,2470.3,531.0
1096,rider_dropoff_presence,58.3860135,26.7141212,3858.6,2470.3,531.0
1097,driver_arrival,58.3717087,26.6929145,3292.0,1136.3,226.0
1097,rider_pickup_presence,58.3717087,26.6929145,3408.25,1136.3,226.0
1097,trip_completion,58.3815464,26.6981897,3518.0,1136.3,226.0
1097,rider_dropoff_presence,58.3815464,26.6981897,3587.5,1136.3,226.0
1098,driver_arrival,58.361454,26.7018124,3293.0,4298.8,658.0
1098,rider_pickup_presence,58.361454,26.7018124,3358.06,4298.8,658.0
1098,trip_completion,58.3863833,26.7581642,3951.0,4298.8,658.0
1098,rider_dropoff_presence,58.3863833,26.7581642,4040.76,4298.8,658.0
1099,driver_arrival,58.378213,26.7678595,3297.0,2733.0,286.0
1099,rider_pickup_presence,58.378213,26.7678595,3303.86,2733.0,286.0
1099,trip_completion,58.3675517,26.7256273,3583.0,2733.0,286.0
1099,rider_dropoff_presence,58.3675517,26.7256273,3653.1,2733.0,286.0
11,driver_arrival,58.3694885,26.691281,36.0,2074.9,380.0
11,rider_pickup_presence,58.3694885,26.691281,96.34,2074.9,380.0
11,trip_completion,58.3855603,26.7093632,416.0,2074.9,380.0
11,rider_dropoff_presence,58.3855603,26.7093632,518.33,2074.9,380.0
110,driver_arrival,58.3708942,26.770433,385.0,4559.1,1152.0
110,rider_pickup_presence,58.3708942,26.770433,403.89,4559.1,1152.0
110,trip_completion,58.3752798,26.6926926,1537.0,4559.1,1152.0
110,rider_dropoff_presence,58.3752798,26.6926926,1652.29,4559.1,1152.0
1100,driver_arrival,58.3734417,26.6851466,3300.0,3718.5,1088.0
1100,rider_pickup_presence,58.3734417,26.6851466,3309.61,3718.5,1088.0
1100,trip_completion,58.3729268,26.7489123,4388.0,3718.5,1088.0
1100,rider_dropoff_presence,58.3729268,26.7489123,4410.3,3718.5,1088.0
1101,driver_arrival,58.3779784,26.729059,3302.0,1717.9,337.0
1101,rider_pickup_presence,58.3779784,26.729059,3373.4,1717.9,337.0
1101,trip_completion,58.3683125,26.7060747,3639.0,1717.9,337.0
1101,rider_dropoff_presence,58.3683125,26.7060747,3720.03,1717.9,337.0
1102,driver_arrival,58.3840314,26.7142069,3306.0,1979.3,316.0
1102,rider_pickup_presence,58.3840314,26.7142069,3334.22,1979.3,316.0
1102,trip_completion,58.3762856,26.6836385,3622.0,1979.3,316.0
1102,rider_dropoff_presence,58.3762856,26.6836385,3636.39,1979.3,316.0
1103,driver_arrival,58.3640967,26.7363396,3308.0,1731.3,432.0
1103,rider_pickup_presence,58.3640967,26.7363396,3414.83,1731.3,432.0
1103,trip_completion,58.3595295,26.7079634,3740.0,1731.3,432.0
1103,rider_dropoff_presence,58.3595295,26.7079634,3769.55,1731.3,432.0
1104,driver_arrival,58.3859524,26.6989103,3310.0,1331.2,247.0
1104,rider_pickup_presence,58.3859524,26.6989103,3381.34,1331.2,247.0
1104,trip_completion,58.3863042,26.721739,3557.0,1331.2,247.0
1104,rider_dropoff_presence,58.3863042,26.721739,3631.33,1331.2,247.0
1105,driver_arrival,58.3891553,26.7330884,3313.0,2225.8,513.0
1105,rider_pickup_presence,58.3891553,26.7330884,3363.31,2225.8,513.0
1105,trip_completion,58.3712912,26.7158614,3826.0,2225.8,513.0
1105,rider_dropoff_presence,58.3712912,26.7158614,3896.04,2225.8,513.0
1106,driver_arrival,58.3911512,26.7241271,3315.0,1270.3,149.0
1106,rider_pickup_presence,58.3911512,26.7241271,3377.73,1270.3,149.0
1106,trip_completion,58.3850054,26.7424991,3464.0,1270.3,149.0
1106,rider_dropoff_presence,58.3850054,26.7424991,3576.16,1270.3,149.0
1107,driver_arrival,58.3864627,26.7183595,3318.0,1548.3,279.0
1107,rider_pickup_presence,58.3864627,26.7183595,3342.51,1548.3,279.0
1107,trip_completion,58.3893011,26.6923527,3597.0,1548.3,279.0
1107,rider_dropoff_presence,58.3893011,26.6923527,3682.94,1548.3,279.0
1108,driver_arrival,58.3856829,26.6900392,3326.0,5069.0,1398.0
1108,rider_pickup_presence,58.3856829,26.6900392,3354.64,5069.0,1398.0
1108,trip_completion,58.3720281,26.7729937,4724.0,5069.0,1398.0
1108,rider_dropoff_presence,58.3720281,26.7729937,4771.49,5069.0,1398.0
1109,driver_arrival,58.3603598,26.7767502,3327.0,5079.2,802.0
1109,rider_pickup_presence,58.3603598,26.7767502,3407.6,5079.2,802.0
1109,trip_completion,58.3858382,26.7044519,4129.0,5079.2,802.0
1109,rider_dropoff_presence,58.3858382,26.7044519,4165.0,5079.2,802.0
111,driver_arrival,58.3878661,26.7118883,386.0,928.8,218.0
111,rider_pickup_presence,58.3878661,26.7118883,423.94,928.8,218.0
111,trip_completion,58.3844483,26.7264288,604.0,928.8,218.0
111,rider_dropoff_presence,58.3844483,26.7264288,694.22,928.8,218.0
1110,driver_arrival,58.3724988,26.6862933,3327.0,2463.1,529.0
1110,rider_pickup_presence,58.3724988,26.6862933,3335.71,2463.1,529.0
1110,trip_completion,58.3716309,26.7285014,3856.0,2463.1,529.0
1110,rider_dropoff_presence,58.3716309,26.7285014,3910.99,2463.1,529.0
1111,driver_arrival,58.369443,26.6982403,3327.0,2510.1,862.0
1111,rider_pickup_presence,58.369443,26.6982403,3446.81,2510.1,862.0
1111,trip_completion,58.3836284,26.7317297,4189.0,2510.1,862.0
1111,rider_dropoff_presence,58.3836284,26.7317297,4308.53,2510.1,862.0
1112,driver_arrival,58.3826371,26.7548435,3336.0,596.1,119.0
1112,rider_pickup_presence,58.3826371,26.7548435,3344.79,596.1,119.0
1112,trip_completion,58.3791926,26.7470079,3455.0,596.1,119.0
1112,rider_dropoff_presence,58.3791926,26.7470079,3480.58,596.1,119.0
1113,driver_arrival,58.3643667,26.7330106,3339.0,557.9,91.0
1113,rider_pickup_presence,58.3643667,26.7330106,3370.82,557.9,91.0
1113,trip_completion,58.3693723,26.7323562,3430.0,557.9,91.0
1113,rider_dropoff_presence,58.3693723,26.7323562,3541.99,557.9,91.0
1114,driver_arrival,58.3736085,26.7617437,3342.0,2476.3,819.0
1114,rider_pickup_presence,58.3736085,26.7617437,3447.7,2476.3,819.0
1114,trip_completion,58.3770324,26.7197772,4161.0,2476.3,819.0
1114,rider_dropoff_presence,58.3770324,26.7197772,4266.51,2476.3,819.0
1115,driver_arrival,58.3666839,26.7212852,3342.0,2079.5,398.0
1115,rider_pickup_presence,58.3666839,26.7212852,3386.34,2079.5,398.0
1115,trip_completion,58.3847462,26.7305285,3740.0,2079.5,398.0
1115,rider_dropoff_presence,58.3847462,26.7305285,3758.93,2079.5,398.0
1116,driver_arrival,58.3715875,26.7803444,3342.0,4996.9,911.0
1116,rider_pickup_presence,58.3715875,26.7803444,3442.05,4996.9,911.0
1116,trip_completion,58.3658711,26.6953537,4253.0,4996.9,911.0
1116,rider_dropoff_presence,58.3658711,26.6953537,4337.42,4996.9,911.0
1117,driver_arrival,58.3790928,26.7160268,3349.0,1191.7,268.0
1117,rider_pickup_presence,58.3790928,26.7160268,3422.4,1191.7,268.0
1117,trip_completion,58.3884415,26.7060294,3617.0,1191.7,268.0
1117,rider_dropoff_presence,58.3884415,26.7060294,3735.47,1191.7,268.0
1118,driver_arrival,58.3870109,26.6968879,3350.0,901.9,243.0
1118,rider_pickup_presence,58.3870109,26.6968879,3428.48,901.9,243.0
1118,trip_completion,58.3893059,26.7117293,3593.0,901.9,243.0
1118,rider_dropoff_presence,58.3893059,26.7117293,3593.94,901.9,243.0
1119,driver_arrival,58.3637538,26.714275,3352.0,2537.0,535.0
1119,rider_pickup_presence,58.3637538,26.714275,3450.05,2537.0,535.0
1119,trip_completion,58.377922,26.7483766,3887.0,2537.0,535.0
1119,rider_dropoff_presence,58.377922,26.7483766,3922.93,2537.0,535.0
112,driver_arrival,58.3711046,26.7657974,389.0,2869.1,554.0
112,rider_pickup_presence,58.3711046,26.7657974,468.61,2869.1,554.0
112,trip_completion,58.3868421,26.7267972,943.0,2869.1,554.0
112,rider_dropoff_presence,58.3868421,26.7267972,1055.67,2869.1,554.0
1121,driver_arrival,58.3833847,26.7600758,3359.0,2874.2,325.0
1121,rider_pickup_presence,58.3833847,26.7600758,3375.11,2874.2,325.0
1121,trip_completion,58.3626456,26.7306552,3684.0,2874.2,325.0
1121,rider_dropoff_presence,58.3626456,26.7306552,3697.85,2874.2,325.0
1122,driver_arrival,58.3818732,26.7567239,3359.0,919.4,200.0
1122,rider_pickup_presence,58.3818732,26.7567239,3371.84,919.4,200.0
1122,trip_completion,58.3774765,26.7433669,3559.0,919.4,200.0
1122,rider_dropoff_presence,58.3774765,26.7433669,3625.39,919.4,200.0
1123,driver_arrival,58.3743916,26.7496973,3360.0,2742.5,436.0
1123,rider_pickup_presence,58.3743916,26.7496973,3392.68,2742.5,436.0
1123,trip_completion,58.388423,26.7110063,3796.0,2742.5,436.0
1123,rider_dropoff_presence,58.388423,26.7110063,3868.58,2742.5,436.0
1124,driver_arrival,58.3684403,26.7360379,3361.0,3126.7,609.0
1124,rider_pickup_presence,58.3684403,26.7360379,3447.11,3126.7,609.0
1124,trip_completion,58.3641674,26.6830474,3970.0,3126.7,609.0
1124,rider_dropoff_presence,58.3641674,26.6830474,3994.43,3126.7,609.0
1125,driver_arrival,58.3691329,26.7107808,3369.0,782.4,129.0
1125,rider_pickup_presence,58.3691329,26.7107808,3445.11,782.4,129.0
1125,trip_completion,58.3761407,26.7095696,3498.0,782.4,129.0
1125,rider_dropoff_presence,58.3761407,26.7095696,3529.68,782.4,129.0
1126,driver_arrival,58.3638486,26.7363507,3370.0,2283.1,635.0
1126,rider_pickup_presence,58.3638486,26.7363507,3428.62,2283.1,635.0
1126,trip_completion,58.3704758,26.7734039,4005.0,2283.1,635.0
1126,rider_dropoff_presence,58.3704758,26.7734039,4113.64,2283.1,635.0
1127,driver_arrival,58.3824785,26.7596061,3370.0,3568.2,542.0
1127,rider_pickup_presence,58.3824785,26.7596061,3471.53,3568.2,542.0
1127,trip_completion,58.3814582,26.6984267,3912.0,3568.2,542.0
1127,rider_dropoff_presence,58.3814582,26.6984267,3923.08,3568.2,542.0
1128,driver_arrival,58.3756072,26.6959195,3372.0,953.3,197.0
1128,rider_pickup_presence,58.3756072,26.6959195,3422.83,953.3,197.0
1128,trip_completion,58.3686808,26.7055534,3569.0,953.3,197.0
1128,rider_dropoff_presence,58.3686808,26.7055534,3602.2,953.3,197.0
1129,driver_arrival,58.3774174,26.7670979,3373.0,3869.1,770.0
1129,rider_pickup_presence,58.3774174,26.7670979,3373.43,3869.1,770.0
1129,trip_completion,58.3732043,26.7012271,4143.0,3869.1,770.0
1129,rider_dropoff_presence,58.3732043,26.7012271,4235.53,3869.1,770.0
1130,driver_arrival,58.3729339,26.7584555,3380.0,281.3,129.0
1130,rider_pickup_presence,58.3729339,26.7584555,3456.45,281.3,129.0
1130,trip_completion,58.3711083,26.7551156,3509.0,281.3,129.0
1130,rider_dropoff_presence,58.3711083,26.7551156,3540.43,281.3,129.0
1131,driver_arrival,58.3771408,26.7685765,3383.0,3357.2,847.0
1131,rider_pickup_presence,58.3771408,26.7685765,3471.95,3357.2,847.0
1131,trip_completion,58.3779046,26.7110126,4230.0,3357.2,847.0
1131,rider_dropoff_presence,58.3779046,26.7110126,4296.2,3357.2,847.0
1132,driver_arrival,58.3824785,26.7596061,3387.0,1043.4,165.0
1132,rider_pickup_presence,58.3824785,26.7596061,3438.32,1043.4,165.0
1132,trip_completion,58.3807553,26.742011,3552.0,1043.4,165.0
1132,rider_dropoff_presence,58.3807553,26.742011,3553.16,1043.4,165.0
1133,driver_arrival,58.388695,26.7132222,3387.0,1591.3,704.0
1133,rider_pickup_presence,58.388695,26.7132222,3396.03,1591.3,704.0
1133,trip_completion,58.3750901,26.7216904,4091.0,1591.3,704.0
1133,rider_dropoff_presence,58.3750901,26.7216904,4196.97,1591.3,704.0
1134,driver_arrival,58.3596818,26.727001,3391.0,3226.8,586.0
1134,rider_pickup_presence,58.3596818,26.727001,3499.47,3226.8,586.0
1134,trip_completion,58.370462,26.7783684,3977.0,3226.8,586.0
1134,rider_dropoff_presence,58.370462,26.7783684,4042.47,3226.8,586.0
1135,driver_arrival,58.3751837,26.7214822,3403.0,2363.1,717.0
1135,rider_pickup_presence,58.3751837,26.7214822,3503.15,2363.1,717.0
1135,trip_completion,58.3839015,26.7584484,4120.0,2363.1,717.0
1135,rider_dropoff_presence,58.3839015,26.7584484,4189.9,2363.1,717.0
1136,driver_arrival,58.3752497,26.6832946,3407.0,4901.9,1066.0
1136,rider_pickup_presence,58.3752497,26.6832946,3424.77,4901.9,1066.0
1136,trip_completion,58.3774305,26.7672667,4473.0,4901.9,1066.0
1136,rider_dropoff_presence,58.3774305,26.7672667,4488.29,4901.9,1066.0
1138,driver_arrival,58.3736038,26.7250317,3416.0,1305.2,570.0
1138,rider_pickup_presence,58.3736038,26.7250317,3452.99,1305.2,570.0
1138,trip_completion,58.3782081,26.704439,3986.0,1305.2,570.0
1138,rider_dropoff_presence,58.3782081,26.704439,4093.88,1305.2,570.0
1139,driver_arrival,58.3648205,26.7675665,3418.0,1367.4,361.0
1139,rider_pickup_presence,58.3648205,26.7675665,3513.53,1367.4,361.0
1139,trip_completion,58.3766968,26.7614831,3779.0,1367.4,361.0
1139,rider_dropoff_presence,58.3766968,26.7614831,3882.28,1367.4,361.0
114,driver_arrival,58.3696239,26.7760005,397.0,385.3,226.0
114,rider_pickup_presence,58.3696239,26.7760005,504.87,385.3,226.0
114,trip_completion,58.3722339,26.7716552,623.0,385.3,226.0
114,rider_dropoff_presence,58.3722339,26.7716552,648.21,385.3,226.0
1140,driver_arrival,58.3660665,26.6919785,3420.0,1893.8,341.0
1140,rider_pickup_presence,58.3660665,26.6919785,3449.94,1893.8,341.0
1140,trip_completion,58.3804587,26.709345,3761.0,1893.8,341.0
1140,rider_dropoff_presence,58.3804587,26.709345,3773.34,1893.8,341.0
1141,driver_arrival,58.3904826,26.729868,3421.0,2124.3,300.0
1141,rider_pickup_presence,58.3904826,26.729868,3514.61,2124.3,300.0
1141,trip_completion,58.3859873,26.6944433,3721.0,2124.3,300.0
1141,rider_dropoff_presence,58.3859873,26.6944433,3827.1,2124.3,300.0
1142,driver_arrival,58.3739516,26.7654915,3426.0,2095.3,563.0
1142,rider_pickup_presence,58.3739516,26.7654915,3474.77,2095.3,563.0
1142,trip_completion,58.3691958,26.730722,3989.0,2095.3,563.0
1142,rider_dropoff_presence,58.3691958,26.730722,4063.48,2095.3,563.0
1143,driver_arrival,58.3712505,26.7159755,3427.0,1641.0,338.0
1143,rider_pickup_presence,58.3712505,26.7159755,3445.55,1641.0,338.0
1143,trip_completion,58.380222,26.7383234,3765.0,1641.0,338.0
1143,rider_dropoff_presence,58.380222,26.7383234,3876.59,1641.0,338.0
1144,driver_arrival,58.3712758,26.7684582,3429.0,3057.5,953.0
1144,rider_pickup_presence,58.3712758,26.7684582,3532.75,3057.5,953.0
1144,trip_completion,58.3835409,26.7215213,4382.0,3057.5,953.0
1144,rider_dropoff_presence,58.3835409,26.7215213,4499.14,3057.5,953.0
1145,driver_arrival,58.3839707,26.7294472,3434.0,637.2,125.0
1145,rider_pickup_presence,58.3839707,26.7294472,3531.29,637.2,125.0
1145,trip_completion,58.3782425,26.7297281,3559.0,637.2,125.0
1145,rider_dropoff_presence,58.3782425,26.7297281,3664.77,637.2,125.0
1146,driver_arrival,58.3724475,26.6922076,3440.0,1918.6,297.0
1146,rider_pickup_presence,58.3724475,26.6922076,3442.97,1918.6,297.0
1146,trip_completion,58.3702977,26.7248533,3737.0,1918.6,297.0
1146,rider_dropoff_presence,58.3702977,26.7248533,3825.39,1918.6,297.0
1147,driver_arrival,58.3803495,26.7305634,3449.0,2198.4,654.0
1147,rider_pickup_presence,58.3803495,26.7305634,3488.86,2198.4,654.0
1147,trip_completion,58.3719322,26.6964465,4103.0,2198.4,654.0
1147,rider_dropoff_presence,58.3719322,26.6964465,4214.7,2198.4,654.0
1148,driver_arrival,58.3774202,26.7431654,3453.0,1669.9,148.0
1148,rider_pickup_presence,58.3774202,26.7431654,3549.27,1669.9,148.0
1148,trip_completion,58.3640289,26.7302029,3601.0,1669.9,148.0
1148,rider_dropoff_presence,58.3640289,26.7302029,3704.69,1669.9,148.0
1149,driver_arrival,58.3721435,26.7219587,3454.0,2996.9,877.0
1149,rider_pickup_presence,58.3721435,26.7219587,3551.29,2996.9,877.0
1149,trip_completion,58.3699381,26.7731807,4331.0,2996.9,877.0
1149,rider_dropoff_presence,58.3699381,26.7731807,4363.02,2996.9,877.0
115,driver_arrival,58.373402,26.7338321,398.0,1997.8,444.0
115,rider_pickup_presence,58.373402,26.7338321,492.48,1997.8,444.0
115,trip_completion,58.3730014,26.7680855,842.0,1997.8,444.0
115,rider_dropoff_presence,58.3730014,26.7680855,854.97,1997.8,444.0
1150,driver_arrival,58.3762157,26.7104871,3459.0,1103.8,226.0
1150,rider_pickup_presence,58.3762157,26.7104871,3563.66,1103.8,226.0
1150,trip_completion,58.3663234,26.7089022,3685.0,1103.8,226.0
1150,rider_dropoff_presence,58.3663234,26.7089022,3788.03,1103.8,226.0
1151,driver_arrival,58.3763566,26.7119696,3460.0,1194.7,258.0
1151,rider_pickup_presence,58.3763566,26.7119696,3486.69,1194.7,258.0
1151,trip_completion,58.3706149,26.6946519,3718.0,1194.7,258.0
1151,rider_dropoff_presence,58.3706149,26.6946519,3815.99,1194.7,258.0
1152,driver_arrival,58.38799,26.71039,3463.0,1707.9,635.0
1152,rider_pickup_presence,58.38799,26.71039,3518.24,1707.9,635.0
1152,trip_completion,58.3741694,26.7231706,4098.0,1707.9,635.0
1152,rider_dropoff_presence,58.3741694,26.7231706,4134.62,1707.9,635.0
1153,driver_arrival,58.3618198,26.7007641,3465.0,2834.6,448.0
1153,rider_pickup_presence,58.3618198,26.7007641,3560.44,2834.6,448.0
1153,trip_completion,58.3865627,26.7124669,3913.0,2834.6,448.0
1153,rider_dropoff_presence,58.3865627,26.7124669,3940.31,2834.6,448.0
1154,driver_arrival,58.377929,26.7487221,3468.0,2954.6,504.0
1154,rider_pickup_presence,58.377929,26.7487221,3470.84,2954.6,504.0
1154,trip_completion,58.3857041,26.7002574,3972.0,2954.6,504.0
1154,rider_dropoff_presence,58.3857041,26.7002574,3995.18,2954.6,504.0
1155,driver_arrival,58.3787575,26.7559592,3470.0,542.5,203.0
1155,rider_pickup_presence,58.3787575,26.7559592,3509.39,542.5,203.0
1155,trip_completion,58.3741062,26.7531504,3673.0,542.5,203.0
1155,rider_dropoff_presence,58.3741062,26.7531504,3776.72,542.5,203.0
1156,driver_arrival,58.3647901,26.7446951,3473.0,3440.6,442.0
1156,rider_pickup_presence,58.3647901,26.7446951,3589.03,3440.6,442.0
1156,trip_completion,58.3813879,26.6948973,3915.0,3440.6,442.0
1156,rider_dropoff_presence,58.3813879,26.6948973,3948.49,3440.6,442.0
1157,driver_arrival,58.3840982,26.6907784,3478.0,3454.2,308.0
1157,rider_pickup_presence,58.3840982,26.6907784,3554.98,3454.2,308.0
1157,trip_completion,58.3632521,26.7346991,3786.0,3454.2,308.0
1157,rider_dropoff_presence,58.3632521,26.7346991,3833.96,3454.2,308.0
1158,driver_arrival,58.3887592,26.7005829,3481.0,3607.6,473.0
1158,rider_pickup_presence,58.3887592,26.7005829,3598.74,3607.6,473.0
1158,trip_completion,58.3603723,26.7305428,3954.0,3607.6,473.0
1158,rider_dropoff_presence,58.3603723,26.7305428,4018.35,3607.6,473.0
1159,driver_arrival,58.3681971,26.7343625,3486.0,1920.4,399.0
1159,rider_pickup_presence,58.3681971,26.7343625,3598.71,1920.4,399.0
1159,trip_completion,58.3655779,26.7018137,3885.0,1920.4,399.0
1159,rider_dropoff_presence,58.3655779,26.7018137,3898.84,1920.4,399.0
116,driver_arrival,58.3658317,26.7327816,403.0,2288.6,573.0
116,rider_pickup_presence,58.3658317,26.7327816,519.45,2288.6,573.0
116,trip_completion,58.3723408,26.770012,976.0,2288.6,573.0
116,rider_dropoff_presence,58.3723408,26.770012,997.43,2288.6,573.0
1160,driver_arrival,58.3707098,26.6846378,3491.0,817.2,89.0
1160,rider_pickup_presence,58.3707098,26.6846378,3606.5,817.2,89.0
1160,trip_completion,58.3780425,26.6837033,3580.0,817.2,89.0
1160,rider_dropoff_presence,58.3780425,26.6837033,3611.86,817.2,89.0
1161,driver_arrival,58.3854535,26.7284187,3494.0,1365.3,248.0
1161,rider_pickup_presence,58.3854535,26.7284187,3507.01,1365.3,248.0
1161,trip_completion,58.3735978,26.7345144,3742.0,1365.3,248.0
1161,rider_dropoff_presence,58.3735978,26.7345144,3794.15,1365.3,248.0
1162,driver_arrival,58.3670194,26.775266,3499.0,298.9,268.0
1162,rider_pickup_presence,58.3670194,26.775266,3586.43,298.9,268.0
1162,trip_completion,58.3694588,26.7731132,3767.0,298.9,268.0
1162,rider_dropoff_presence,58.3694588,26.7731132,3804.64,298.9,268.0
1163,driver_arrival,58.3637599,26.7734304,3502.0,1212.9,401.0
1163,rider_pickup_presence,58.3637599,26.7734304,3574.75,1212.9,401.0
1163,trip_completion,58.3720991,26.7600233,3903.0,1212.9,401.0
1163,rider_dropoff_presence,58.3720991,26.7600233,3964.37,1212.9,401.0
1164,driver_arrival,58.3867555,26.736548,3512.0,2749.2,271.0
1164,rider_pickup_presence,58.3867555,26.736548,3558.22,2749.2,271.0
1164,trip_completion,58.3758575,26.7788794,3783.0,2749.2,271.0
1164,rider_dropoff_presence,58.3758575,26.7788794,3852.19,2749.2,271.0
1165,driver_arrival,58.3752997,26.6931298,3515.0,2109.3,650.0
1165,rider_pickup_presence,58.3752997,26.6931298,3545.57,2109.3,650.0
1165,trip_completion,58.3779956,26.728941,4165.0,2109.3,650.0
1165,rider_dropoff_presence,58.3779956,26.728941,4250.05,2109.3,650.0
1166,driver_arrival,58.3814871,26.7186533,3521.0,2446.7,555.0
1166,rider_pickup_presence,58.3814871,26.7186533,3521.2,2446.7,555.0
1166,trip_completion,58.3613347,26.735498,4076.0,2446.7,555.0
1166,rider_dropoff_presence,58.3613347,26.735498,4187.07,2446.7,555.0
1167,driver_arrival,58.3791179,26.7469313,3522.0,1731.2,618.0
1167,rider_pickup_presence,58.3791179,26.7469313,3586.61,1731.2,618.0
1167,trip_completion,58.3752922,26.7181488,4140.0,1731.2,618.0
1167,rider_dropoff_presence,58.3752922,26.7181488,4226.33,1731.2,618.0
1168,driver_arrival,58.3819421,26.7399501,3525.0,1737.5,267.0
1168,rider_pickup_presence,58.3819421,26.7399501,3614.03,1737.5,267.0
1168,trip_completion,58.3871235,26.7118287,3792.0,1737.5,267.0
1168,rider_dropoff_presence,58.3871235,26.7118287,3872.48,1737.5,267.0
1169,driver_arrival,58.3722677,26.6967241,3526.0,1113.4,266.0
1169,rider_pickup_presence,58.3722677,26.6967241,3569.71,1113.4,266.0
1169,trip_completion,58.3762173,26.7142704,3792.0,1113.4,266.0
1169,rider_dropoff_presence,58.3762173,26.7142704,3800.4,1113.4,266.0
117,driver_arrival,58.3717304,26.7658745,404.0,4156.0,1124.0
117,rider_pickup_presence,58.3717304,26.7658745,483.71,4156.0,1124.0
117,trip_completion,58.3605596,26.6978711,1528.0,4156.0,1124.0
117,rider_dropoff_presence,58.3605596,26.6978711,1567.62,4156.0,1124.0
1170,driver_arrival,58.3729173,26.713723,3527.0,1419.5,372.0
1170,rider_pickup_presence,58.3729173,26.713723,3564.67,1419.5,372.0
1170,trip_completion,58.383291,26.727914,3899.0,1419.5,372.0
1170,rider_dropoff_presence,58.383291,26.727914,4000.76,1419.5,372.0
1171,driver_arrival,58.3737929,26.7218379,3532.0,832.5,136.0
1171,rider_pickup_presence,58.3737929,26.7218379,3618.37,832.5,136.0
1171,trip_completion,58.3778519,26.7098405,3668.0,832.5,136.0
1171,rider_dropoff_presence,58.3778519,26.7098405,3704.04,832.5,136.0
1172,driver_arrival,58.3716034,26.6826258,3537.0,4371.5,868.0
1172,rider_pickup_presence,58.3716034,26.6826258,3574.11,4371.5,868.0
1172,trip_completion,58.379403,26.7561126,4405.0,4371.5,868.0
1172,rider_dropoff_presence,58.379403,26.7561126,4454.01,4371.5,868.0
1173,driver_arrival,58.3778721,26.7585281,3539.0,2803.8,497.0
1173,rider_pickup_presence,58.3778721,26.7585281,3587.29,2803.8,497.0
1173,trip_completion,58.3816048,26.7109635,4036.0,2803.8,497.0
1173,rider_dropoff_presence,58.3816048,26.7109635,4071.48,2803.8,497.0
1174,driver_arrival,58.3776744,26.7517267,3545.0,4272.9,538.0
1174,rider_pickup_presence,58.3776744,26.7517267,3560.27,4272.9,538.0
1174,trip_completion,58.3654599,26.68225,4083.0,4272.9,538.0
1174,rider_dropoff_presence,58.3654599,26.68225,4133.45,4272.9,538.0
1175,driver_arrival,58.3763775,26.708369,3552.0,3409.2,999.0
1175,rider_pickup_presence,58.3763775,26.708369,3664.84,3409.2,999.0
1175,trip_completion,58.3716578,26.7661419,4551.0,3409.2,999.0
1175,rider_dropoff_presence,58.3716578,26.7661419,4632.28,3409.2,999.0
1176,driver_arrival,58.3805137,26.7635152,3554.0,4970.4,885.0
1176,rider_pickup_presence,58.3805137,26.7635152,3662.34,4970.4,885.0
1176,trip_completion,58.3617004,26.6861957,4439.0,4970.4,885.0
1176,rider_dropoff_presence,58.3617004,26.6861957,4512.86,4970.4,885.0
1177,driver_arrival,58.3716534,26.693593,3555.0,1840.7,505.0
1177,rider_pickup_presence,58.3716534,26.693593,3591.11,1840.7,505.0
1177,trip_completion,58.3714059,26.7251556,4060.0,1840.7,505.0
1177,rider_dropoff_presence,58.3714059,26.7251556,4125.75,1840.7,505.0
1178,driver_arrival,58.3817367,26.7024989,3557.0,2874.3,326.0
1178,rider_pickup_presence,58.3817367,26.7024989,3557.05,2874.3,326.0
1178,trip_completion,58.361335,26.7327676,3883.0,2874.3,326.0
1178,rider_dropoff_presence,58.361335,26.7327676,3917.43,2874.3,326.0
1179,driver_arrival,58.3683932,26.7224467,3557.0,3406.8,414.0
1179,rider_pickup_presence,58.3683932,26.7224467,3608.59,3406.8,414.0
1179,trip_completion,58.3753353,26.7793514,3971.0,3406.8,414.0
1179,rider_dropoff_presence,58.3753353,26.7793514,4040.6,3406.8,414.0
118,driver_arrival,58.3734967,26.7715175,405.0,3219.1,660.0
118,rider_pickup_presence,58.3734967,26.7715175,483.56,3219.1,660.0
118,trip_completion,58.3835355,26.719727,1065.0,3219.1,660.0
118,rider_dropoff_presence,58.3835355,26.719727,1120.8,3219.1,660.0
1180,driver_arrival,58.3776194,26.7472365,3559.0,1811.5,594.0
1180,rider_pickup_presence,58.3776194,26.7472365,3612.06,1811.5,594.0
1180,trip_completion,58.3766484,26.7162214,4153.0,1811.5,594.0
1180,rider_dropoff_presence,58.3766484,26.7162214,4178.64,1811.5,594.0
1181,driver_arrival,58.3774059,26.7673295,3561.0,304.4,157.0
1181,rider_pickup_presence,58.3774059,26.7673295,3617.78,304.4,157.0
1181,trip_completion,58.3783741,26.7624459,3718.0,304.4,157.0
1181,rider_dropoff_presence,58.3783741,26.7624459,3826.14,304.4,157.0
1182,driver_arrival,58.3759629,26.6958333,3563.0,2194.0,394.0
1182,rider_pickup_presence,58.3759629,26.6958333,3658.52,2194.0,394.0
1182,trip_completion,58.3693413,26.7312785,3957.0,2194.0,394.0
1182,rider_dropoff_presence,58.3693413,26.7312785,3977.36,2194.0,394.0
1183,driver_arrival,58.3821347,26.7314024,3563.0,1346.5,250.0
1183,rider_pickup_presence,58.3821347,26.7314024,3573.18,1346.5,250.0
1183,trip_completion,58.3711409,26.721719,3813.0,1346.5,250.0
1183,rider_dropoff_presence,58.3711409,26.721719,3874.85,1346.5,250.0
1184,driver_arrival,58.3774392,26.7499495,3569.0,1952.6,662.0
1184,rider_pickup_presence,58.3774392,26.7499495,3644.95,1952.6,662.0
1184,trip_completion,58.3794151,26.71667,4231.0,1952.6,662.0
1184,rider_dropoff_presence,58.3794151,26.71667,4271.22,1952.6,662.0
1185,driver_arrival,58.3861946,26.7036549,3573.0,3603.4,555.0
1185,rider_pickup_presence,58.3861946,26.7036549,3671.21,3603.4,555.0
1185,trip_completion,58.3736369,26.7606354,4128.0,3603.4,555.0
1185,rider_dropoff_presence,58.3736369,26.7606354,4218.14,3603.4,555.0
1186,driver_arrival,58.3743579,26.7294794,3575.0,1697.9,243.0
1186,rider_pickup_presence,58.3743579,26.7294794,3655.74,1697.9,243.0
1186,trip_completion,58.3821955,26.7544728,3818.0,1697.9,243.0
1186,rider_dropoff_presence,58.3821955,26.7544728,3844.96,1697.9,243.0
1187,driver_arrival,58.3782773,26.6813339,3575.0,2901.3,442.0
1187,rider_pickup_presence,58.3782773,26.6813339,3598.9,2901.3,442.0
1187,trip_completion,58.3626094,26.7211194,4017.0,2901.3,442.0
1187,rider_dropoff_presence,58.3626094,26.7211194,4019.93,2901.3,442.0
1188,driver_arrival,58.377831,26.7758021,3577.0,3596.3,590.0
1188,rider_pickup_presence,58.377831,26.7758021,3606.38,3596.3,590.0
1188,trip_completion,58.3823864,26.7147282,4167.0,3596.3,590.0
1188,rider_dropoff_presence,58.3823864,26.7147282,4224.02,3596.3,590.0
1189,driver_arrival,58.3685117,26.7254522,3583.0,2662.5,311.0
1189,rider_pickup_presence,58.3685117,26.7254522,3684.97,2662.5,311.0
1189,trip_completion,58.3814779,26.7638416,3894.0,2662.5,311.0
1189,rider_dropoff_presence,58.3814779,26.7638416,3902.74,2662.5,311.0
119,driver_arrival,58.3691326,26.6829435,406.0,2379.1,340.0
119,rider_pickup_presence,58.3691326,26.6829435,455.73,2379.1,340.0
119,trip_completion,58.3848017,26.7107308,746.0,2379.1,340.0
119,rider_dropoff_presence,58.3848017,26.7107308,821.57,2379.1,340.0
1190,driver_arrival,58.3653857,26.740186,3584.0,2227.2,341.0
1190,rider_pickup_presence,58.3653857,26.740186,3607.33,2227.2,341.0
1190,trip_completion,58.3845072,26.7288147,3925.0,2227.2,341.0
1190,rider_dropoff_presence,58.3845072,26.7288147,4008.56,2227.2,341.0
1191,driver_arrival,58.3891286,26.7067262,3585.0,1104.0,130.0
1191,rider_pickup_presence,58.3891286,26.7067262,3644.33,1104.0,130.0
1191,trip_completion,58.3814749,26.6946622,3715.0,1104.0,130.0
1191,rider_dropoff_presence,58.3814749,26.6946622,3744.28,1104.0,130.0
1192,driver_arrival,58.3604602,26.729812,3586.0,2910.1,630.0
1192,rider_pickup_presence,58.3604602,26.729812,3664.73,2910.1,630.0
1192,trip_completion,58.3866312,26.7299457,4216.0,2910.1,630.0
1192,rider_dropoff_presence,58.3866312,26.7299457,4216.67,2910.1,630.0
1193,driver_arrival,58.3797406,26.7394822,3586.0,491.7,153.0
1193,rider_pickup_presence,58.3797406,26.7394822,3676.12,491.7,153.0
1193,trip_completion,58.3825002,26.7328926,3739.0,491.7,153.0
1193,rider_dropoff_presence,58.3825002,26.7328926,3831.41,491.7,153.0
1194,driver_arrival,58.3833285,26.6920652,3588.0,2677.8,470.0
1194,rider_pickup_presence,58.3833285,26.6920652,3600.79,2677.8,470.0
1194,trip_completion,58.3906589,26.7358281,4058.0,2677.8,470.0
1194,rider_dropoff_presence,58.3906589,26.7358281,4109.02,2677.8,470.0
1195,driver_arrival,58.3884685,26.7059629,3593.0,1808.0,351.0
1195,rider_pickup_presence,58.3884685,26.7059629,3614.11,1808.0,351.0
1195,trip_completion,58.3724839,26.7116402,3944.0,1808.0,351.0
1195,rider_dropoff_presence,58.3724839,26.7116402,4058.96,1808.0,351.0
1196,driver_arrival,58.3736425,26.7361796,3596.0,3066.2,1124.0
1196,rider_pickup_presence,58.3736425,26.7361796,3658.15,3066.2,1124.0
1196,trip_completion,58.3751762,26.6836737,4720.0,3066.2,1124.0
1196,rider_dropoff_presence,58.3751762,26.6836737,4726.03,3066.2,1124.0
1197,driver_arrival,58.372838,26.7789521,3597.0,2468.7,468.0
1197,rider_pickup_presence,58.372838,26.7789521,3626.9,2468.7,468.0
1197,trip_completion,58.3799679,26.7388528,4065.0,2468.7,468.0
1197,rider_dropoff_presence,58.3799679,26.7388528,4166.8,2468.7,468.0
1199,driver_arrival,58.3604874,26.6886965,3600.0,3353.0,398.0
1199,rider_pickup_presence,58.3604874,26.6886965,3654.78,3353.0,398.0
1199,trip_completion,58.3891433,26.7065996,3998.0,3353.0,398.0
1199,rider_dropoff_presence,58.3891433,26.7065996,4094.17,3353.0,398.0
12,driver_arrival,58.3683027,26.7137913,38.0,995.7,142.0
12,rider_pickup_presence,58.3683027,26.7137913,118.11,995.7,142.0
12,trip_completion,58.3630729,26.6999329,180.0,995.7,142.0
12,rider_dropoff_presence,58.3630729,26.6999329,298.55,995.7,142.0
120,driver_arrival,58.3808322,26.684467,408.0,4156.7,1064.0
120,rider_pickup_presence,58.3808322,26.684467,479.45,4156.7,1064.0
120,trip_completion,58.37743,26.7554713,1472.0,4156.7,1064.0
120,rider_dropoff_presence,58.37743,26.7554713,1586.0,4156.7,1064.0
121,driver_arrival,58.3831871,26.6994034,409.0,307.3,64.0
121,rider_pickup_presence,58.3831871,26.6994034,515.97,307.3,64.0
121,trip_completion,58.3819966,26.6946469,473.0,307.3,64.0
121,rider_dropoff_presence,58.3819966,26.6946469,546.52,307.3,64.0
122,driver_arrival,58.3763057,26.7471287,410.0,1264.9,454.0
122,rider_pickup_presence,58.3763057,26.7471287,496.31,1264.9,454.0
122,trip_completion,58.3715218,26.7668098,864.0,1264.9,454.0
122,rider_dropoff_presence,58.3715218,26.7668098,924.57,1264.9,454.0
123,driver_arrival,58.365853,26.7375197,410.0,2113.1,315.0
123,rider_pickup_presence,58.365853,26.7375197,509.67,2113.1,315.0
123,trip_completion,58.3750363,26.7057949,725.0,2113.1,315.0
123,rider_dropoff_presence,58.3750363,26.7057949,790.74,2113.1,315.0
124,driver_arrival,58.3889389,26.7325165,413.0,1490.8,168.0
124,rider_pickup_presence,58.3889389,26.7325165,520.66,1490.8,168.0
124,trip_completion,58.3816278,26.7539558,581.0,1490.8,168.0
124,rider_dropoff_presence,58.3816278,26.7539558,670.24,1490.8,168.0
125,driver_arrival,58.3742956,26.7066376,419.0,879.5,443.0
125,rider_pickup_presence,58.3742956,26.7066376,475.96,879.5,443.0
125,trip_completion,58.3751237,26.7216396,862.0,879.5,443.0
125,rider_dropoff_presence,58.3751237,26.7216396,893.1,879.5,443.0
126,driver_arrival,58.3639522,26.7066466,422.0,889.6,408.0
126,rider_pickup_presence,58.3639522,26.7066466,451.67,889.6,408.0
126,trip_completion,58.3659174,26.7214317,830.0,889.6,408.0
126,rider_dropoff_presence,58.3659174,26.7214317,906.52,889.6,408.0
127,driver_arrival,58.3780447,26.6810108,428.0,4227.5,1037.0
127,rider_pickup_presence,58.3780447,26.6810108,519.9,4227.5,1037.0
127,trip_completion,58.3802193,26.753406,1465.0,4227.5,1037.0
127,rider_dropoff_presence,58.3802193,26.753406,1527.56,4227.5,1037.0
128,driver_arrival,58.3723631,26.7496609,433.0,2943.6,642.0
128,rider_pickup_presence,58.3723631,26.7496609,508.21,2943.6,642.0
128,trip_completion,58.3605597,26.7044835,1075.0,2943.6,642.0
128,rider_dropoff_presence,58.3605597,26.7044835,1107.95,2943.6,642.0
129,driver_arrival,58.364002,26.6875761,434.0,810.4,137.0
129,rider_pickup_presence,58.364002,26.6875761,443.3,810.4,137.0
129,trip_completion,58.3662176,26.7008142,571.0,810.4,137.0
129,rider_dropoff_presence,58.3662176,26.7008142,605.29,810.4,137.0
13,driver_arrival,58.3772574,26.7553247,38.0,1733.6,249.0
13,rider_pickup_presence,58.3772574,26.7553247,70.61,1733.6,249.0
13,trip_completion,58.3644001,26.7385092,287.0,1733.6,249.0
13,rider_dropoff_presence,58.3644001,26.7385092,325.37,1733.6,249.0
130,driver_arrival,58.3815959,26.7205319,438.0,2117.2,349.0
130,rider_pickup_presence,58.3815959,26.7205319,502.82,2117.2,349.0
130,trip_completion,58.3820111,26.7568426,787.0,2117.2,349.0
130,rider_dropoff_presence,58.3820111,26.7568426,803.6,2117.2,349.0
131,driver_arrival,58.381832,26.7322499,438.0,2066.7,211.0
131,rider_pickup_presence,58.381832,26.7322499,465.75,2066.7,211.0
131,trip_completion,58.3635765,26.7255891,649.0,2066.7,211.0
131,rider_dropoff_presence,58.3635765,26.7255891,732.27,2066.7,211.0
132,driver_arrival,58.3630434,26.7383165,446.0,341.2,76.0
132,rider_pickup_presence,58.3630434,26.7383165,530.77,341.2,76.0
132,trip_completion,58.3659567,26.7401546,522.0,341.2,76.0
132,rider_dropoff_presence,58.3659567,26.7401546,529.71,341.2,76.0
133,driver_arrival,58.3776934,26.7598331,447.0,2801.7,304.0
133,rider_pickup_presence,58.3776934,26.7598331,495.91,2801.7,304.0
133,trip_completion,58.3600279,26.725576,751.0,2801.7,304.0
133,rider_dropoff_presence,58.3600279,26.725576,816.11,2801.7,304.0
134,driver_arrival,58.3771987,26.7677592,447.0,2638.3,360.0
134,rider_pickup_presence,58.3771987,26.7677592,496.89,2638.3,360.0
134,trip_completion,58.3791036,26.7226522,807.0,2638.3,360.0
134,rider_dropoff_presence,58.3791036,26.7226522,831.82,2638.3,360.0
135,driver_arrival,58.3776652,26.6856779,449.0,2995.7,511.0
135,rider_pickup_presence,58.3776652,26.6856779,499.42,2995.7,511.0
135,trip_completion,58.366757,26.7326536,960.0,2995.7,511.0
135,rider_dropoff_presence,58.366757,26.7326536,1068.58,2995.7,511.0
136,driver_arrival,58.3828721,26.7118403,450.0,777.3,167.0
136,rider_pickup_presence,58.3828721,26.7118403,520.09,777.3,167.0
136,trip_completion,58.3889186,26.7051469,617.0,777.3,167.0
136,rider_dropoff_presence,58.3889186,26.7051469,700.46,777.3,167.0
137,driver_arrival,58.3822378,26.7479326,450.0,2751.8,643.0
137,rider_pickup_presence,58.3822378,26.7479326,552.81,2751.8,643.0
137,trip_completion,58.3604288,26.7702381,1093.0,2751.8,643.0
137,rider_dropoff_presence,58.3604288,26.7702381,1184.87,2751.8,643.0
138,driver_arrival,58.3650939,26.7009426,452.0,2636.0,488.0
138,rider_pickup_presence,58.3650939,26.7009426,497.65,2636.0,488.0
138,trip_completion,58.3882354,26.7107492,940.0,2636.0,488.0
138,rider_dropoff_presence,58.3882354,26.7107492,940.71,2636.0,488.0
139,driver_arrival,58.3737419,26.7784349,454.0,2905.3,918.0
139,rider_pickup_presence,58.3737419,26.7784349,496.21,2905.3,918.0
139,trip_completion,58.3841159,26.7326971,1372.0,2905.3,918.0
139,rider_dropoff_presence,58.3841159,26.7326971,1462.42,2905.3,918.0
14,driver_arrival,58.3800085,26.7422439,45.0,799.4,117.0
14,rider_pickup_presence,58.3800085,26.7422439,147.41,799.4,117.0
14,trip_completion,58.3773994,26.7550215,162.0,799.4,117.0
14,rider_dropoff_presence,58.3773994,26.7550215,276.41,799.4,117.0
140,driver_arrival,58.3751216,26.7631631,455.0,574.3,190.0
140,rider_pickup_presence,58.3751216,26.7631631,505.28,574.3,190.0
140,trip_completion,58.3802058,26.7614263,645.0,574.3,190.0
140,rider_dropoff_presence,58.3802058,26.7614263,734.7,574.3,190.0
141,driver_arrival,58.371517,26.7643034,455.0,976.0,513.0
141,rider_pickup_presence,58.371517,26.7643034,520.54,976.0,513.0
141,trip_completion,58.3763721,26.7782487,968.0,976.0,513.0
141,rider_dropoff_presence,58.3763721,26.7782487,1040.39,976.0,513.0
142,driver_arrival,58.3832005,26.7428417,459.0,3091.0,816.0
142,rider_pickup_presence,58.3832005,26.7428417,485.46,3091.0,816.0
142,trip_completion,58.3655851,26.7018314,1275.0,3091.0,816.0
142,rider_dropoff_presence,58.3655851,26.7018314,1301.33,3091.0,816.0
143,driver_arrival,58.3781697,26.7107884,460.0,1619.9,330.0
143,rider_pickup_presence,58.3781697,26.7107884,512.3,1619.9,330.0
143,trip_completion,58.3651035,26.6985018,790.0,1619.9,330.0
143,rider_dropoff_presence,58.3651035,26.6985018,793.48,1619.9,330.0
144,driver_arrival,58.3632172,26.7332949,464.0,1307.0,235.0
144,rider_pickup_presence,58.3632172,26.7332949,504.34,1307.0,235.0
144,trip_completion,58.3739244,26.7240501,699.0,1307.0,235.0
144,rider_dropoff_presence,58.3739244,26.7240501,780.5,1307.0,235.0
145,driver_arrival,58.37357,26.7555789,466.0,4376.8,602.0
145,rider_pickup_presence,58.37357,26.7555789,514.52,4376.8,602.0
145,trip_completion,58.3774351,26.6808751,1068.0,4376.8,602.0
145,rider_dropoff_presence,58.3774351,26.6808751,1087.81,4376.8,602.0
146,driver_arrival,58.3616287,26.7307393,467.0,1025.1,141.0
146,rider_pickup_presence,58.3616287,26.7307393,523.09,1025.1,141.0
146,trip_completion,58.369998,26.7381097,608.0,1025.1,141.0
146,rider_dropoff_presence,58.369998,26.7381097,623.32,1025.1,141.0
147,driver_arrival,58.3841928,26.723175,470.0,833.7,157.0
147,rider_pickup_presence,58.3841928,26.723175,544.67,833.7,157.0
147,trip_completion,58.3889138,26.7342876,627.0,833.7,157.0
147,rider_dropoff_presence,58.3889138,26.7342876,630.24,833.7,157.0
148,driver_arrival,58.3653198,26.7677638,472.0,4748.0,1147.0
148,rider_pickup_presence,58.3653198,26.7677638,519.28,4748.0,1147.0
148,trip_completion,58.3840434,26.6945773,1619.0,4748.0,1147.0
148,rider_dropoff_presence,58.3840434,26.6945773,1686.73,4748.0,1147.0
149,driver_arrival,58.3747222,26.726356,474.0,1397.8,220.0
149,rider_pickup_presence,58.3747222,26.726356,477.25,1397.8,220.0
149,trip_completion,58.3872165,26.7237112,694.0,1397.8,220.0
149,rider_dropoff_presence,58.3872165,26.7237112,771.13,1397.8,220.0
15,driver_arrival,58.3783587,26.7499292,53.0,3333.6,502.0
15,rider_pickup_presence,58.3783587,26.7499292,69.28,3333.6,502.0
15,trip_completion,58.3711715,26.6944227,555.0,3333.6,502.0
15,rider_dropoff_presence,58.3711715,26.6944227,610.4,3333.6,502.0
150,driver_arrival,58.3725199,26.7787449,479.0,4549.5,1206.0
150,rider_pickup_presence,58.3725199,26.7787449,485.03,4549.5,1206.0
150,trip_completion,58.3881889,26.7066539,1685.0,4549.5,1206.0
150,rider_dropoff_presence,58.3881889,26.7066539,1730.49,4549.5,1206.0
151,driver_arrival,58.3681545,26.6840797,484.0,5243.6,1212.0
151,rider_pickup_presence,58.3681545,26.6840797,509.4,5243.6,1212.0
151,trip_completion,58.3626302,26.773369,1696.0,5243.6,1212.0
151,rider_dropoff_presence,58.3626302,26.773369,1735.22,5243.6,1212.0
152,driver_arrival,58.372468,26.6814786,485.0,533.0,68.0
152,rider_pickup_presence,58.372468,26.6814786,576.35,533.0,68.0
152,trip_completion,58.3697053,26.6889485,553.0,533.0,68.0
152,rider_dropoff_presence,58.3697053,26.6889485,598.5,533.0,68.0
153,driver_arrival,58.383194,26.699084,489.0,2550.3,905.0
153,rider_pickup_presence,58.383194,26.699084,579.24,2550.3,905.0
153,trip_completion,58.3783075,26.7418263,1394.0,2550.3,905.0
153,rider_dropoff_presence,58.3783075,26.7418263,1493.83,2550.3,905.0
154,driver_arrival,58.3792364,26.7815642,491.0,2906.1,352.0
154,rider_pickup_presence,58.3792364,26.7815642,521.27,2906.1,352.0
154,trip_completion,58.3875582,26.7343047,843.0,2906.1,352.0
154,rider_dropoff_presence,58.3875582,26.7343047,852.83,2906.1,352.0
155,driver_arrival,58.3810505,26.7041328,491.0,1812.8,270.0
155,rider_pickup_presence,58.3810505,26.7041328,493.33,1812.8,270.0
155,trip_completion,58.3740003,26.7321691,761.0,1812.8,270.0
155,rider_dropoff_presence,58.3740003,26.7321691,825.73,1812.8,270.0
156,driver_arrival,58.376081,26.7171692,494.0,620.3,54.0
156,rider_pickup_presence,58.376081,26.7171692,613.99,620.3,54.0
156,trip_completion,58.3715287,26.7110215,548.0,620.3,54.0
156,rider_dropoff_presence,58.3715287,26.7110215,590.0,620.3,54.0
157,driver_arrival,58.3736532,26.7669106,495.0,4098.5,1107.0
157,rider_pickup_presence,58.3736532,26.7669106,573.02,4098.5,1107.0
157,trip_completion,58.3724103,26.696661,1602.0,4098.5,1107.0
157,rider_dropoff_presence,58.3724103,26.696661,1695.75,4098.5,1107.0
158,driver_arrival,58.3868571,26.7129655,500.0,1607.1,356.0
158,rider_pickup_presence,58.3868571,26.7129655,578.21,1607.1,356.0
158,trip_completion,58.3756152,26.6956387,856.0,1607.1,356.0
158,rider_dropoff_presence,58.3756152,26.6956387,946.51,1607.1,356.0
159,driver_arrival,58.3745334,26.7667462,501.0,3489.8,884.0
159,rider_pickup_presence,58.3745334,26.7667462,614.95,3489.8,884.0
159,trip_completion,58.3697752,26.7075903,1385.0,3489.8,884.0
159,rider_dropoff_presence,58.3697752,26.7075903,1408.92,3489.8,884.0
16,driver_arrival,58.3638887,26.7346439,57.0,1866.3,542.0
16,rider_pickup_presence,58.3638887,26.7346439,59.45,1866.3,542.0
16,trip_completion,58.3804872,26.7299005,599.0,1866.3,542.0
16,rider_dropoff_presence,58.3804872,26.7299005,617.29,1866.3,542.0
160,driver_arrival,58.3697542,26.7673156,507.0,1503.4,462.0
160,rider_pickup_presence,58.3697542,26.7673156,522.15,1503.4,462.0
160,trip_completion,58.3825835,26.7591783,969.0,1503.4,462.0
160,rider_dropoff_presence,58.3825835,26.7591783,1049.34,1503.4,462.0
161,driver_arrival,58.3709809,26.7035078,508.0,3248.3,1158.0
161,rider_pickup_presence,58.3709809,26.7035078,575.68,3248.3,1158.0
161,trip_completion,58.3740223,26.7589127,1666.0,3248.3,1158.0
161,rider_dropoff_presence,58.3740223,26.7589127,1692.16,3248.3,1158.0
162,driver_arrival,58.3696462,26.7117346,514.0,1946.7,365.0
162,rider_pickup_presence,58.3696462,26.7117346,597.94,1946.7,365.0
162,trip_completion,58.3801904,26.7383882,879.0,1946.7,365.0
162,rider_dropoff_presence,58.3801904,26.7383882,971.03,1946.7,365.0
163,driver_arrival,58.377322,26.6808857,521.0,4896.2,1045.0
163,rider_pickup_presence,58.377322,26.6808857,541.13,4896.2,1045.0
163,trip_completion,58.3664424,26.7622486,1566.0,4896.2,1045.0
163,rider_dropoff_presence,58.3664424,26.7622486,1638.87,4896.2,1045.0
164,driver_arrival,58.3666443,26.7316106,523.0,3042.4,416.0
164,rider_pickup_presence,58.3666443,26.7316106,612.75,3042.4,416.0
164,trip_completion,58.3772265,26.6834963,939.0,3042.4,416.0
164,rider_dropoff_presence,58.3772265,26.6834963,952.74,3042.4,416.0
165,driver_arrival,58.3772605,26.715277,531.0,1926.8,287.0
165,rider_pickup_presence,58.3772605,26.715277,629.32,1926.8,287.0
165,trip_completion,58.3622562,26.7318067,818.0,1926.8,287.0
165,rider_dropoff_presence,58.3622562,26.7318067,933.77,1926.8,287.0
166,driver_arrival,58.3753861,26.6836581,532.0,2309.5,515.0
166,rider_pickup_presence,58.3753861,26.6836581,544.97,2309.5,515.0
166,trip_completion,58.3692314,26.721487,1047.0,2309.5,515.0
166,rider_dropoff_presence,58.3692314,26.721487,1050.08,2309.5,515.0
167,driver_arrival,58.3691401,26.7311352,534.0,2351.3,486.0
167,rider_pickup_presence,58.3691401,26.7311352,571.43,2351.3,486.0
167,trip_completion,58.3894815,26.720117,1020.0,2351.3,486.0
167,rider_dropoff_presence,58.3894815,26.720117,1101.28,2351.3,486.0
168,driver_arrival,58.3627713,26.7590962,538.0,2444.8,364.0
168,rider_pickup_presence,58.3627713,26.7590962,652.98,2444.8,364.0
168,trip_completion,58.3780182,26.7288893,902.0,2444.8,364.0
168,rider_dropoff_presence,58.3780182,26.7288893,949.6,2444.8,364.0
169,driver_arrival,58.3851081,26.7126123,541.0,724.3,147.0
169,rider_pickup_presence,58.3851081,26.7126123,626.8,724.3,147.0
169,trip_completion,58.385691,26.7002364,688.0,724.3,147.0
169,rider_dropoff_presence,58.385691,26.7002364,697.12,724.3,147.0
17,driver_arrival,58.3758086,26.7229719,58.0,857.5,303.0
17,rider_pickup_presence,58.3758086,26.7229719,140.87,857.5,303.0
17,trip_completion,58.3834815,26.7214997,361.0,857.5,303.0
17,rider_dropoff_presence,58.3834815,26.7214997,436.27,857.5,303.0
170,driver_arrival,58.3774503,26.7547881,541.0,1995.6,196.0
170,rider_pickup_presence,58.3774503,26.7547881,553.23,1995.6,196.0
170,trip_completion,58.3677556,26.7259869,737.0,1995.6,196.0
170,rider_dropoff_presence,58.3677556,26.7259869,829.7,1995.6,196.0
171,driver_arrival,58.376265,26.750411,543.0,1965.0,252.0
171,rider_pickup_presence,58.376265,26.750411,645.04,1965.0,252.0
171,trip_completion,58.3674223,26.7212347,795.0,1965.0,252.0
171,rider_dropoff_presence,58.3674223,26.7212347,867.05,1965.0,252.0
172,driver_arrival,58.3840492,26.7073991,544.0,1304.6,195.0
172,rider_pickup_presence,58.3840492,26.7073991,558.53,1304.6,195.0
172,trip_completion,58.3725482,26.7118224,739.0,1304.6,195.0
172,rider_dropoff_presence,58.3725482,26.7118224,857.06,1304.6,195.0
173,driver_arrival,58.382916,26.7383924,547.0,3082.4,662.0
173,rider_pickup_presence,58.382916,26.7383924,640.92,3082.4,662.0
173,trip_completion,58.3634276,26.7007992,1209.0,3082.4,662.0
173,rider_dropoff_presence,58.3634276,26.7007992,1250.66,3082.4,662.0
174,driver_arrival,58.367386,26.6845911,555.0,1603.9,378.0
174,rider_pickup_presence,58.367386,26.6845911,606.41,1603.9,378.0
174,trip_completion,58.373395,26.7095951,933.0,1603.9,378.0
174,rider_dropoff_presence,58.373395,26.7095951,977.47,1603.9,378.0
175,driver_arrival,58.3748539,26.7304065,556.0,2003.6,673.0
175,rider_pickup_presence,58.3748539,26.7304065,616.72,2003.6,673.0
175,trip_completion,58.3721299,26.7643729,1229.0,2003.6,673.0
175,rider_dropoff_presence,58.3721299,26.7643729,1269.95,2003.6,673.0
176,driver_arrival,58.3837452,26.7014869,556.0,931.0,120.0
176,rider_pickup_presence,58.3837452,26.7014869,657.95,931.0,120.0
176,trip_completion,58.3826673,26.7173245,676.0,931.0,120.0
176,rider_dropoff_presence,58.3826673,26.7173245,774.68,931.0,120.0
177,driver_arrival,58.3668476,26.694584,556.0,4644.9,1063.0
177,rider_pickup_presence,58.3668476,26.694584,568.66,4644.9,1063.0
177,trip_completion,58.3791644,26.7707022,1619.0,4644.9,1063.0
177,rider_dropoff_presence,58.3791644,26.7707022,1734.29,4644.9,1063.0
178,driver_arrival,58.3872265,26.7193455,562.0,2337.3,329.0
178,rider_pickup_presence,58.3872265,26.7193455,638.27,2337.3,329.0
178,trip_completion,58.3729858,26.748834,891.0,2337.3,329.0
178,rider_dropoff_presence,58.3729858,26.748834,990.44,2337.3,329.0
179,driver_arrival,58.3757487,26.7207527,566.0,345.8,461.0
179,rider_pickup_presence,58.3757487,26.7207527,650.88,345.8,461.0
179,trip_completion,58.3747208,26.7263494,1027.0,345.8,461.0
179,rider_dropoff_presence,58.3747208,26.7263494,1079.26,345.8,461.0
18,driver_arrival,58.3887296,26.7310146,62.0,2973.2,760.0
18,rider_pickup_presence,58.3887296,26.7310146,150.06,2973.2,760.0
18,trip_completion,58.3634782,26.7142427,822.0,2973.2,760.0
18,rider_dropoff_presence,58.3634782,26.7142427,937.86,2973.2,760.0
180,driver_arrival,58.3744803,26.6928643,576.0,555.3,124.0
180,rider_pickup_presence,58.3744803,26.6928643,608.41,555.3,124.0
180,trip_completion,58.3756637,26.6836115,700.0,555.3,124.0
180,rider_dropoff_presence,58.3756637,26.6836115,796.98,555.3,124.0
181,driver_arrival,58.3772641,26.7205376,581.0,1218.5,169.0
181,rider_pickup_presence,58.3772641,26.7205376,645.58,1218.5,169.0
181,trip_completion,58.3766835,26.6996667,750.0,1218.5,169.0
181,rider_dropoff_presence,58.3766835,26.6996667,808.02,1218.5,169.0
182,driver_arrival,58.3759403,26.7779896,581.0,3007.4,584.0
182,rider_pickup_presence,58.3759403,26.7779896,633.27,3007.4,584.0
182,trip_completion,58.3700417,26.7276549,1165.0,3007.4,584.0
182,rider_dropoff_presence,58.3700417,26.7276549,1252.72,3007.4,584.0
183,driver_arrival,58.3761904,26.6833199,584.0,2129.2,319.0
183,rider_pickup_presence,58.3761904,26.6833199,616.21,2129.2,319.0
183,trip_completion,58.3894283,26.709711,903.0,2129.2,319.0
183,rider_dropoff_presence,58.3894283,26.709711,1005.21,2129.2,319.0
184,driver_arrival,58.3824465,26.746347,586.0,1763.8,583.0
184,rider_pickup_presence,58.3824465,26.746347,685.69,1763.8,583.0
184,trip_completion,58.3715248,26.7682852,1169.0,1763.8,583.0
184,rider_dropoff_presence,58.3715248,26.7682852,1179.4,1763.8,583.0
185,driver_arrival,58.367044,26.6944005,587.0,2332.0,579.0
185,rider_pickup_presence,58.367044,26.6944005,692.8,2332.0,579.0
185,trip_completion,58.3678585,26.7343579,1166.0,2332.0,579.0
185,rider_dropoff_presence,58.3678585,26.7343579,1195.26,2332.0,579.0
186,driver_arrival,58.3887619,26.7075717,587.0,2324.9,534.0
186,rider_pickup_presence,58.3887619,26.7075717,642.77,2324.9,534.0
186,trip_completion,58.3706012,26.7273333,1121.0,2324.9,534.0
186,rider_dropoff_presence,58.3706012,26.7273333,1194.24,2324.9,534.0
187,driver_arrival,58.3706903,26.6994138,591.0,853.9,253.0
187,rider_pickup_presence,58.3706903,26.6994138,636.48,853.9,253.0
187,trip_completion,58.3719989,26.7138436,844.0,853.9,253.0
187,rider_dropoff_presence,58.3719989,26.7138436,847.44,853.9,253.0
188,driver_arrival,58.3839679,26.7014075,596.0,3380.1,479.0
188,rider_pickup_presence,58.3839679,26.7014075,698.11,3380.1,479.0
188,trip_completion,58.3648559,26.7464863,1075.0,3380.1,479.0
188,rider_dropoff_presence,58.3648559,26.7464863,1096.82,3380.1,479.0
189,driver_arrival,58.3885615,26.7081753,596.0,3069.0,472.0
189,rider_pickup_presence,58.3885615,26.7081753,621.45,3069.0,472.0
189,trip_completion,58.363386,26.7297496,1068.0,3069.0,472.0
189,rider_dropoff_presence,58.363386,26.7297496,1163.74,3069.0,472.0
19,driver_arrival,58.3881083,26.716589,63.0,2379.0,426.0
19,rider_pickup_presence,58.3881083,26.716589,103.84,2379.0,426.0
19,trip_completion,58.3681996,26.7315325,489.0,2379.0,426.0
19,rider_dropoff_presence,58.3681996,26.7315325,594.64,2379.0,426.0
190,driver_arrival,58.3721058,26.7324293,602.0,1342.1,340.0
190,rider_pickup_presence,58.3721058,26.7324293,686.14,1342.1,340.0
190,trip_completion,58.38326,26.7412217,942.0,1342.1,340.0
190,rider_dropoff_presence,58.38326,26.7412217,975.15,1342.1,340.0
191,driver_arrival,58.3819045,26.730467,604.0,1642.2,187.0
191,rider_pickup_presence,58.3819045,26.730467,605.22,1642.2,187.0
191,trip_completion,58.383783,26.7584091,791.0,1642.2,187.0
191,rider_dropoff_presence,58.383783,26.7584091,904.77,1642.2,187.0
192,driver_arrival,58.3730984,26.7561535,607.0,2627.1,343.0
192,rider_pickup_presence,58.3730984,26.7561535,617.27,2627.1,343.0
192,trip_completion,58.3695922,26.7115999,950.0,2627.1,343.0
192,rider_dropoff_presence,58.3695922,26.7115999,1036.41,2627.1,343.0
193,driver_arrival,58.3823348,26.7150095,609.0,1921.6,573.0
193,rider_pickup_presence,58.3823348,26.7150095,667.63,1921.6,573.0
193,trip_completion,58.3659404,26.72543,1182.0,1921.6,573.0
193,rider_dropoff_presence,58.3659404,26.72543,1272.98,1921.6,573.0
194,driver_arrival,58.3677474,26.7259353,611.0,2755.7,330.0
194,rider_pickup_presence,58.3677474,26.7259353,693.87,2755.7,330.0
194,trip_completion,58.3781883,26.6830735,941.0,2755.7,330.0
194,rider_dropoff_presence,58.3781883,26.6830735,1018.51,2755.7,330.0
195,driver_arrival,58.3718905,26.6969116,611.0,3519.3,926.0
195,rider_pickup_presence,58.3718905,26.6969116,669.9,3519.3,926.0
195,trip_completion,58.3724026,26.7572576,1537.0,3519.3,926.0
195,rider_dropoff_presence,58.3724026,26.7572576,1632.15,3519.3,926.0
196,driver_arrival,58.3826132,26.7591865,615.0,2888.4,668.0
196,rider_pickup_presence,58.3826132,26.7591865,626.17,2888.4,668.0
196,trip_completion,58.3680038,26.7182255,1283.0,2888.4,668.0
196,rider_dropoff_presence,58.3680038,26.7182255,1309.59,2888.4,668.0
197,driver_arrival,58.3812446,26.7229696,617.0,1394.2,430.0
197,rider_pickup_presence,58.3812446,26.7229696,700.01,1394.2,430.0
197,trip_completion,58.3782499,26.746192,1047.0,1394.2,430.0
197,rider_dropoff_presence,58.3782499,26.746192,1083.74,1394.2,430.0
198,driver_arrival,58.3881323,26.7274974,627.0,3691.8,543.0
198,rider_pickup_presence,58.3881323,26.7274974,696.79,3691.8,543.0
198,trip_completion,58.3643846,26.6832466,1170.0,3691.8,543.0
198,rider_dropoff_presence,58.3643846,26.6832466,1226.79,3691.8,543.0
199,driver_arrival,58.3702814,26.7155321,628.0,2169.0,456.0
199,rider_pickup_presence,58.3702814,26.7155321,691.71,2169.0,456.0
199,trip_completion,58.3897497,26.7178408,1084.0,2169.0,456.0
199,rider_dropoff_presence,58.3897497,26.7178408,1135.06,2169.0,456.0
2,driver_arrival,58.3774126,26.720952,11.0,2234.6,425.0
2,rider_pickup_presence,58.3774126,26.720952,100.51,2234.6,425.0
2,trip_completion,58.3843902,26.7568998,436.0,2234.6,425.0
2,rider_dropoff_presence,58.3843902,26.7568998,475.69,2234.6,425.0
20,driver_arrival,58.3652428,26.7658135,64.0,1653.6,462.0
20,rider_pickup_presence,58.3652428,26.7658135,148.34,1653.6,462.0
20,trip_completion,58.3792048,26.7560484,526.0,1653.6,462.0
20,rider_dropoff_presence,58.3792048,26.7560484,558.51,1653.6,462.0
200,driver_arrival,58.3712312,26.7240122,628.0,566.5,197.0
200,rider_pickup_presence,58.3712312,26.7240122,658.17,566.5,197.0
200,trip_completion,58.3750074,26.7174912,825.0,566.5,197.0
200,rider_dropoff_presence,58.3750074,26.7174912,839.48,566.5,197.0
201,driver_arrival,58.3800104,26.7531835,629.0,3555.7,573.0
201,rider_pickup_presence,58.3800104,26.7531835,652.11,3555.7,573.0
201,trip_completion,58.3646654,26.6996839,1202.0,3555.7,573.0
201,rider_dropoff_presence,58.3646654,26.6996839,1216.35,3555.7,573.0
202,driver_arrival,58.379444,26.7478862,630.0,3906.0,975.0
202,rider_pickup_presence,58.379444,26.7478862,694.3,3906.0,975.0
202,trip_completion,58.3635431,26.6881571,1605.0,3906.0,975.0
202,rider_dropoff_presence,58.3635431,26.6881571,1696.46,3906.0,975.0
203,driver_arrival,58.377293,26.7503154,632.0,2415.2,347.0
203,rider_pickup_presence,58.377293,26.7503154,654.22,2415.2,347.0
203,trip_completion,58.3867147,26.7129859,979.0,2415.2,347.0
203,rider_dropoff_presence,58.3867147,26.7129859,1004.97,2415.2,347.0
204,driver_arrival,58.3653857,26.740186,632.0,1720.7,296.0
204,rider_pickup_presence,58.3653857,26.740186,690.1,1720.7,296.0
204,trip_completion,58.3651735,26.7106848,928.0,1720.7,296.0
204,rider_dropoff_presence,58.3651735,26.7106848,1014.95,1720.7,296.0
205,driver_arrival,58.3700621,26.7015706,635.0,3704.6,1428.0
205,rider_pickup_presence,58.3700621,26.7015706,752.19,3704.6,1428.0
205,trip_completion,58.3728903,26.7648719,2063.0,3704.6,1428.0
205,rider_dropoff_presence,58.3728903,26.7648719,2125.96,3704.6,1428.0
206,driver_arrival,58.3762315,26.7102173,640.0,3610.4,1157.0
206,rider_pickup_presence,58.3762315,26.7102173,673.96,3610.4,1157.0
206,trip_completion,58.373492,26.771918,1797.0,3610.4,1157.0
206,rider_dropoff_presence,58.373492,26.771918,1809.06,3610.4,1157.0
207,driver_arrival,58.3738211,26.7301648,649.0,1420.7,478.0
207,rider_pickup_presence,58.3738211,26.7301648,672.29,1420.7,478.0
207,trip_completion,58.3717022,26.7541926,1127.0,1420.7,478.0
207,rider_dropoff_presence,58.3717022,26.7541926,1154.3,1420.7,478.0
208,driver_arrival,58.3878257,26.7374325,650.0,933.0,222.0
208,rider_pickup_presence,58.3878257,26.7374325,671.53,933.0,222.0
208,trip_completion,58.3838318,26.723355,872.0,933.0,222.0
208,rider_dropoff_presence,58.3838318,26.723355,873.7,933.0,222.0
209,driver_arrival,58.3850942,26.7165886,652.0,2115.3,299.0
209,rider_pickup_presence,58.3850942,26.7165886,716.1,2115.3,299.0
209,trip_completion,58.3771992,26.6835761,951.0,2115.3,299.0
209,rider_dropoff_presence,58.3771992,26.6835761,983.92,2115.3,299.0
21,driver_arrival,58.3691104,26.7303917,68.0,1488.9,597.0
21,rider_pickup_presence,58.3691104,26.7303917,184.92,1488.9,597.0
21,trip_completion,58.3814168,26.7203284,665.0,1488.9,597.0
21,rider_dropoff_presence,58.3814168,26.7203284,731.4,1488.9,597.0
210,driver_arrival,58.3834087,26.6917827,656.0,2763.5,387.0
210,rider_pickup_presence,58.3834087,26.6917827,739.69,2763.5,387.0
210,trip_completion,58.3667838,26.7270128,1043.0,2763.5,387.0
210,rider_dropoff_presence,58.3667838,26.7270128,1058.15,2763.5,387.0
211,driver_arrival,58.3845273,26.6812561,659.0,2747.3,296.0
211,rider_pickup_presence,58.3845273,26.6812561,763.22,2747.3,296.0
211,trip_completion,58.3637888,26.7068658,955.0,2747.3,296.0
211,rider_dropoff_presence,58.3637888,26.7068658,1013.91,2747.3,296.0
212,driver_arrival,58.3695962,26.6981628,662.0,2107.5,356.0
212,rider_pickup_presence,58.3695962,26.6981628,766.73,2107.5,356.0
212,trip_completion,58.3884666,26.694793,1018.0,2107.5,356.0
212,rider_dropoff_presence,58.3884666,26.694793,1086.89,2107.5,356.0
213,driver_arrival,58.3680905,26.7290053,663.0,2758.2,302.0
213,rider_pickup_presence,58.3680905,26.7290053,719.33,2758.2,302.0
213,trip_completion,58.3833803,26.6917551,965.0,2758.2,302.0
213,rider_dropoff_presence,58.3833803,26.6917551,1017.86,2758.2,302.0
214,driver_arrival,58.3674613,26.7723131,664.0,2645.8,593.0
214,rider_pickup_presence,58.3674613,26.7723131,686.12,2645.8,593.0
214,trip_completion,58.3705943,26.727338,1257.0,2645.8,593.0
214,rider_dropoff_presence,58.3705943,26.727338,1263.17,2645.8,593.0
215,driver_arrival,58.3869378,26.7089843,669.0,2690.8,316.0
215,rider_pickup_presence,58.3869378,26.7089843,781.93,2690.8,316.0
215,trip_completion,58.3677536,26.680852,985.0,2690.8,316.0
215,rider_dropoff_presence,58.3677536,26.680852,1042.33,2690.8,316.0
216,driver_arrival,58.3775712,26.7018302,671.0,1448.9,220.0
216,rider_pickup_presence,58.3775712,26.7018302,769.65,1448.9,220.0
216,trip_completion,58.3842631,26.7231559,891.0,1448.9,220.0
216,rider_dropoff_presence,58.3842631,26.7231559,939.08,1448.9,220.0
217,driver_arrival,58.386213,26.7294466,676.0,3109.7,573.0
217,rider_pickup_presence,58.386213,26.7294466,684.89,3109.7,573.0
217,trip_completion,58.360267,26.7095456,1249.0,3109.7,573.0
217,rider_dropoff_presence,58.360267,26.7095456,1324.53,3109.7,573.0
218,driver_arrival,58.3684029,26.770683,677.0,1379.9,509.0
218,rider_pickup_presence,58.3684029,26.770683,683.43,1379.9,509.0
218,trip_completion,58.3750718,26.7507257,1186.0,1379.9,509.0
218,rider_dropoff_presence,58.3750718,26.7507257,1203.9,1379.9,509.0
219,driver_arrival,58.3738069,26.7107541,678.0,3153.8,1035.0
219,rider_pickup_presence,58.3738069,26.7107541,745.54,3153.8,1035.0
219,trip_completion,58.3801015,26.7634991,1713.0,3153.8,1035.0
219,rider_dropoff_presence,58.3801015,26.7634991,1749.46,3153.8,1035.0
22,driver_arrival,58.3865163,26.7206075,73.0,1722.7,397.0
22,rider_pickup_presence,58.3865163,26.7206075,192.27,1722.7,397.0
22,trip_completion,58.371572,26.728399,470.0,1722.7,397.0
22,rider_dropoff_presence,58.371572,26.728399,484.21,1722.7,397.0
220,driver_arrival,58.372113,26.7101919,680.0,1820.5,328.0
220,rider_pickup_presence,58.372113,26.7101919,771.73,1820.5,328.0
220,trip_completion,58.388465,26.7086341,1008.0,1820.5,328.0
220,rider_dropoff_presence,58.388465,26.7086341,1080.76,1820.5,328.0
221,driver_arrival,58.3855152,26.7094448,683.0,1355.7,556.0
221,rider_pickup_presence,58.3855152,26.7094448,777.89,1355.7,556.0
221,trip_completion,58.3751307,26.7216291,1239.0,1355.7,556.0
221,rider_dropoff_presence,58.3751307,26.7216291,1266.08,1355.7,556.0
222,driver_arrival,58.3876853,26.7075666,683.0,2890.2,455.0
222,rider_pickup_presence,58.3876853,26.7075666,745.71,2890.2,455.0
222,trip_completion,58.3743191,26.7500867,1138.0,2890.2,455.0
222,rider_dropoff_presence,58.3743191,26.7500867,1192.06,2890.2,455.0
223,driver_arrival,58.3805598,26.7093519,690.0,2160.2,258.0
223,rider_pickup_presence,58.3805598,26.7093519,743.13,2160.2,258.0
223,trip_completion,58.3761788,26.7454509,948.0,2160.2,258.0
223,rider_dropoff_presence,58.3761788,26.7454509,1051.22,2160.2,258.0
224,driver_arrival,58.3680161,26.7064318,696.0,3266.2,825.0
224,rider_pickup_presence,58.3680161,26.7064318,814.8,3266.2,825.0
224,trip_completion,58.3784058,26.7588259,1521.0,3266.2,825.0
224,rider_dropoff_presence,58.3784058,26.7588259,1557.65,3266.2,825.0
225,driver_arrival,58.3659541,26.7400242,696.0,2004.3,745.0
225,rider_pickup_presence,58.3659541,26.7400242,770.52,2004.3,745.0
225,trip_completion,58.3713808,26.7727988,1441.0,2004.3,745.0
225,rider_dropoff_presence,58.3713808,26.7727988,1514.16,2004.3,745.0
227,driver_arrival,58.3763371,26.7453402,698.0,2636.2,861.0
227,rider_pickup_presence,58.3763371,26.7453402,786.81,2636.2,861.0
227,trip_completion,58.3704857,26.7015273,1559.0,2636.2,861.0
227,rider_dropoff_presence,58.3704857,26.7015273,1672.71,2636.2,861.0
228,driver_arrival,58.3780078,26.7293614,701.0,1794.6,172.0
228,rider_pickup_presence,58.3780078,26.7293614,725.93,1794.6,172.0
228,trip_completion,58.3835889,26.7582469,873.0,1794.6,172.0
228,rider_dropoff_presence,58.3835889,26.7582469,898.32,1794.6,172.0
229,driver_arrival,58.3723051,26.7136196,703.0,1497.7,673.0
229,rider_pickup_presence,58.3723051,26.7136196,782.25,1497.7,673.0
229,trip_completion,58.3827286,26.7298884,1376.0,1497.7,673.0
229,rider_dropoff_presence,58.3827286,26.7298884,1394.85,1497.7,673.0
23,driver_arrival,58.367885,26.6843123,77.0,2721.0,977.0
23,rider_pickup_presence,58.367885,26.6843123,97.86,2721.0,977.0
23,trip_completion,58.3811072,26.723581,1054.0,2721.0,977.0
23,rider_dropoff_presence,58.3811072,26.723581,1063.01,2721.0,977.0
230,driver_arrival,58.3739543,26.7715734,707.0,3356.8,720.0
230,rider_pickup_presence,58.3739543,26.7715734,707.32,3356.8,720.0
230,trip_completion,58.3729798,26.7140343,1427.0,3356.8,720.0
230,rider_dropoff_presence,58.3729798,26.7140343,1481.06,3356.8,720.0
231,driver_arrival,58.3692774,26.728173,708.0,399.5,87.0
231,rider_pickup_presence,58.3692774,26.728173,779.26,399.5,87.0
231,trip_completion,58.3702385,26.721572,795.0,399.5,87.0
231,rider_dropoff_presence,58.3702385,26.721572,829.95,399.5,87.0
232,driver_arrival,58.3881972,26.7109939,708.0,593.4,134.0
232,rider_pickup_presence,58.3881972,26.7109939,735.78,593.4,134.0
232,trip_completion,58.383351,26.7152558,842.0,593.4,134.0
232,rider_dropoff_presence,58.383351,26.7152558,926.83,593.4,134.0
233,driver_arrival,58.3746023,26.7130963,708.0,2227.5,460.0
233,rider_pickup_presence,58.3746023,26.7130963,792.36,2227.5,460.0
233,trip_completion,58.3760843,26.7511957,1168.0,2227.5,460.0
233,rider_dropoff_presence,58.3760843,26.7511957,1222.48,2227.5,460.0
234,driver_arrival,58.3650127,26.7106771,708.0,2559.6,766.0
234,rider_pickup_presence,58.3650127,26.7106771,790.49,2559.6,766.0
234,trip_completion,58.3876651,26.7184778,1474.0,2559.6,766.0
234,rider_dropoff_presence,58.3876651,26.7184778,1584.87,2559.6,766.0
235,driver_arrival,58.3626625,26.730599,709.0,3165.6,438.0
235,rider_pickup_presence,58.3626625,26.730599,803.54,3165.6,438.0
235,trip_completion,58.3839424,26.6945358,1147.0,3165.6,438.0
235,rider_dropoff_presence,58.3839424,26.6945358,1222.01,3165.6,438.0
236,driver_arrival,58.3657246,26.7299745,713.0,2736.7,377.0
236,rider_pickup_presence,58.3657246,26.7299745,792.34,2736.7,377.0
236,trip_completion,58.3819032,26.6946042,1090.0,2736.7,377.0
236,rider_dropoff_presence,58.3819032,26.6946042,1202.04,2736.7,377.0
237,driver_arrival,58.3746916,26.7155326,715.0,3465.1,798.0
237,rider_pickup_presence,58.3746916,26.7155326,766.02,3465.1,798.0
237,trip_completion,58.3706323,26.774452,1513.0,3465.1,798.0
237,rider_dropoff_presence,58.3706323,26.774452,1578.35,3465.1,798.0
238,driver_arrival,58.3679824,26.7276061,717.0,2536.2,465.0
238,rider_pickup_presence,58.3679824,26.7276061,794.72,2536.2,465.0
238,trip_completion,58.3670087,26.7710553,1182.0,2536.2,465.0
238,rider_dropoff_presence,58.3670087,26.7710553,1291.01,2536.2,465.0
239,driver_arrival,58.3658376,26.7359066,722.0,3907.2,512.0
239,rider_pickup_presence,58.3658376,26.7359066,821.2,3907.2,512.0
239,trip_completion,58.3856078,26.6805059,1234.0,3907.2,512.0
239,rider_dropoff_presence,58.3856078,26.6805059,1242.57,3907.2,512.0
24,driver_arrival,58.3755253,26.7663389,80.0,3797.6,934.0
24,rider_pickup_presence,58.3755253,26.7663389,99.91,3797.6,934.0
24,trip_completion,58.3680932,26.7027729,1014.0,3797.6,934.0
24,rider_dropoff_presence,58.3680932,26.7027729,1050.91,3797.6,934.0
240,driver_arrival,58.3670194,26.775266,724.0,4731.4,1102.0
240,rider_pickup_presence,58.3670194,26.775266,813.87,4731.4,1102.0
240,trip_completion,58.3887814,26.7055273,1826.0,4731.4,1102.0
240,rider_dropoff_presence,58.3887814,26.7055273,1894.3,4731.4,1102.0
241,driver_arrival,58.3834507,26.682131,724.0,3650.2,441.0
241,rider_pickup_presence,58.3834507,26.682131,758.63,3650.2,441.0
241,trip_completion,58.3634357,26.7317501,1165.0,3650.2,441.0
241,rider_dropoff_presence,58.3634357,26.7317501,1179.92,3650.2,441.0
242,driver_arrival,58.3761026,26.7038187,726.0,1126.3,213.0
242,rider_pickup_presence,58.3761026,26.7038187,808.64,1126.3,213.0
242,trip_completion,58.3849512,26.6944162,939.0,1126.3,213.0
242,rider_dropoff_presence,58.3849512,26.6944162,1022.97,1126.3,213.0
243,driver_arrival,58.379604,26.7503964,727.0,3614.4,1086.0
243,rider_pickup_presence,58.379604,26.7503964,840.12,3614.4,1086.0
243,trip_completion,58.363552,26.6964982,1813.0,3614.4,1086.0
243,rider_dropoff_presence,58.363552,26.6964982,1873.06,3614.4,1086.0
244,driver_arrival,58.3727547,26.7657333,729.0,2981.7,965.0
244,rider_pickup_presence,58.3727547,26.7657333,788.26,2981.7,965.0
244,trip_completion,58.3771629,26.7152902,1694.0,2981.7,965.0
244,rider_dropoff_presence,58.3771629,26.7152902,1703.65,2981.7,965.0
245,driver_arrival,58.3822403,26.7217419,735.0,2035.3,386.0
245,rider_pickup_presence,58.3822403,26.7217419,739.78,2035.3,386.0
245,trip_completion,58.366967,26.7409795,1121.0,2035.3,386.0
245,rider_dropoff_presence,58.366967,26.7409795,1172.84,2035.3,386.0
246,driver_arrival,58.3759605,26.7499637,735.0,1753.0,475.0
246,rider_pickup_presence,58.3759605,26.7499637,773.68,1753.0,475.0
246,trip_completion,58.3723068,26.7792102,1210.0,1753.0,475.0
246,rider_dropoff_presence,58.3723068,26.7792102,1240.04,1753.0,475.0
247,driver_arrival,58.3665605,26.7156941,736.0,1773.0,842.0
247,rider_pickup_presence,58.3665605,26.7156941,746.96,1773.0,842.0
247,trip_completion,58.3818985,26.724004,1578.0,1773.0,842.0
247,rider_dropoff_presence,58.3818985,26.724004,1693.43,1773.0,842.0
248,driver_arrival,58.3684982,26.7359135,736.0,1086.6,216.0
248,rider_pickup_presence,58.3684982,26.7359135,836.32,1086.6,216.0
248,trip_completion,58.3781674,26.7332185,952.0,1086.6,216.0
248,rider_dropoff_presence,58.3781674,26.7332185,1021.02,1086.6,216.0
249,driver_arrival,58.374574,26.7689425,737.0,894.9,195.0
249,rider_pickup_presence,58.374574,26.7689425,851.09,894.9,195.0
249,trip_completion,58.3825357,26.7666962,932.0,894.9,195.0
249,rider_dropoff_presence,58.3825357,26.7666962,1051.95,894.9,195.0
25,driver_arrival,58.3822957,26.7216792,85.0,1244.4,314.0
25,rider_pickup_presence,58.3822957,26.7216792,165.67,1244.4,314.0
25,trip_completion,58.3745093,26.7063473,399.0,1244.4,314.0
25,rider_dropoff_presence,58.3745093,26.7063473,431.34,1244.4,314.0
250,driver_arrival,58.3862594,26.7194464,738.0,2521.4,418.0
250,rider_pickup_presence,58.3862594,26.7194464,742.83,2521.4,418.0
250,trip_completion,58.3647265,26.7329989,1156.0,2521.4,418.0
250,rider_dropoff_presence,58.3647265,26.7329989,1246.75,2521.4,418.0
251,driver_arrival,58.3829325,26.713859,741.0,1247.8,422.0
251,rider_pickup_presence,58.3829325,26.713859,797.46,1247.8,422.0
251,trip_completion,58.3717111,26.7140491,1163.0,1247.8,422.0
251,rider_dropoff_presence,58.3717111,26.7140491,1241.18,1247.8,422.0
252,driver_arrival,58.3767729,26.7190578,742.0,1758.4,383.0
252,rider_pickup_presence,58.3767729,26.7190578,851.93,1758.4,383.0
252,trip_completion,58.3823596,26.7472743,1125.0,1758.4,383.0
252,rider_dropoff_presence,58.3823596,26.7472743,1146.78,1758.4,383.0
253,driver_arrival,58.373616,26.7535473,743.0,2086.6,446.0
253,rider_pickup_presence,58.373616,26.7535473,813.24,2086.6,446.0
253,trip_completion,58.3591387,26.7307849,1189.0,2086.6,446.0
253,rider_dropoff_presence,58.3591387,26.7307849,1265.17,2086.6,446.0
254,driver_arrival,58.3834881,26.7581028,745.0,2912.8,453.0
254,rider_pickup_presence,58.3834881,26.7581028,804.01,2912.8,453.0
254,trip_completion,58.3635979,26.7255961,1198.0,2912.8,453.0
254,rider_dropoff_presence,58.3635979,26.7255961,1208.95,2912.8,453.0
255,driver_arrival,58.3817277,26.7385597,746.0,715.9,283.0
255,rider_pickup_presence,58.3817277,26.7385597,787.76,715.9,283.0
255,trip_completion,58.3777804,26.7288575,1029.0,715.9,283.0
255,rider_dropoff_presence,58.3777804,26.7288575,1069.0,715.9,283.0
256,driver_arrival,58.3858077,26.7089172,753.0,2256.3,705.0
256,rider_pickup_presence,58.3858077,26.7089172,833.42,2256.3,705.0
256,trip_completion,58.3679113,26.727158,1458.0,2256.3,705.0
256,rider_dropoff_presence,58.3679113,26.727158,1560.93,2256.3,705.0
257,driver_arrival,58.3698066,26.7278779,757.0,3337.8,326.0
257,rider_pickup_presence,58.3698066,26.7278779,796.58,3337.8,326.0
257,trip_completion,58.3827014,26.7795749,1083.0,3337.8,326.0
257,rider_dropoff_presence,58.3827014,26.7795749,1166.24,3337.8,326.0
258,driver_arrival,58.3782755,26.711975,761.0,963.1,281.0
258,rider_pickup_presence,58.3782755,26.711975,795.59,963.1,281.0
258,trip_completion,58.3859974,26.7194584,1042.0,963.1,281.0
258,rider_dropoff_presence,58.3859974,26.7194584,1155.42,963.1,281.0
259,driver_arrival,58.381398,26.7394353,769.0,1123.7,205.0
259,rider_pickup_presence,58.381398,26.7394353,866.63,1123.7,205.0
259,trip_completion,58.3835936,26.7582508,974.0,1123.7,205.0
259,rider_dropoff_presence,58.3835936,26.7582508,1040.01,1123.7,205.0
26,driver_arrival,58.3638989,26.7069453,86.0,1810.0,416.0
26,rider_pickup_presence,58.3638989,26.7069453,140.58,1810.0,416.0
26,trip_completion,58.3772603,26.7246748,502.0,1810.0,416.0
26,rider_dropoff_presence,58.3772603,26.7246748,539.74,1810.0,416.0
260,driver_arrival,58.3775097,26.770866,776.0,2467.8,433.0
260,rider_pickup_presence,58.3775097,26.770866,814.79,2467.8,433.0
260,trip_completion,58.3761189,26.7286215,1209.0,2467.8,433.0
260,rider_dropoff_presence,58.3761189,26.7286215,1325.42,2467.8,433.0
261,driver_arrival,58.3773108,26.7773036,777.0,1975.3,237.0
261,rider_pickup_presence,58.3773108,26.7773036,825.5,1975.3,237.0
261,trip_completion,58.3819776,26.7446114,1014.0,1975.3,237.0
261,rider_dropoff_presence,58.3819776,26.7446114,1075.75,1975.3,237.0
262,driver_arrival,58.372787,26.7610876,778.0,1946.4,557.0
262,rider_pickup_presence,58.372787,26.7610876,896.57,1946.4,557.0
262,trip_completion,58.3829251,26.7338713,1335.0,1946.4,557.0
262,rider_dropoff_presence,58.3829251,26.7338713,1413.92,1946.4,557.0
263,driver_arrival,58.372166,26.721691,781.0,1529.7,281.0
263,rider_pickup_presence,58.372166,26.721691,846.11,1529.7,281.0
263,trip_completion,58.3593099,26.7123575,1062.0,1529.7,281.0
263,rider_dropoff_presence,58.3593099,26.7123575,1111.59,1529.7,281.0
264,driver_arrival,58.388937,26.7343201,782.0,2525.0,207.0
264,rider_pickup_presence,58.388937,26.7343201,804.51,2525.0,207.0
264,trip_completion,58.376599,26.7706846,989.0,2525.0,207.0
264,rider_dropoff_presence,58.376599,26.7706846,1032.41,2525.0,207.0
265,driver_arrival,58.3683584,26.7477128,787.0,1288.8,759.0
265,rider_pickup_presence,58.3683584,26.7477128,877.77,1288.8,759.0
265,trip_completion,58.3749375,26.7659092,1546.0,1288.8,759.0
265,rider_dropoff_presence,58.3749375,26.7659092,1621.05,1288.8,759.0
266,driver_arrival,58.3754386,26.7149437,788.0,2561.4,447.0
266,rider_pickup_presence,58.3754386,26.7149437,879.2,2561.4,447.0
266,trip_completion,58.3838286,26.7558618,1235.0,2561.4,447.0
266,rider_dropoff_presence,58.3838286,26.7558618,1259.43,2561.4,447.0
267,driver_arrival,58.3672122,26.7361884,790.0,1256.1,177.0
267,rider_pickup_presence,58.3672122,26.7361884,855.91,1256.1,177.0
267,trip_completion,58.3784091,26.7333425,967.0,1256.1,177.0
267,rider_dropoff_presence,58.3784091,26.7333425,1078.32,1256.1,177.0
268,driver_arrival,58.3838139,26.7088123,795.0,2422.8,504.0
268,rider_pickup_presence,58.3838139,26.7088123,847.57,2422.8,504.0
268,trip_completion,58.376618,26.7480396,1299.0,2422.8,504.0
268,rider_dropoff_presence,58.376618,26.7480396,1382.79,2422.8,504.0
269,driver_arrival,58.3723129,26.7522896,799.0,1451.7,346.0
269,rider_pickup_presence,58.3723129,26.7522896,813.57,1451.7,346.0
269,trip_completion,58.3698653,26.7278359,1145.0,1451.7,346.0
269,rider_dropoff_presence,58.3698653,26.7278359,1261.78,1451.7,346.0
27,driver_arrival,58.3724801,26.7260002,90.0,1155.8,165.0
27,rider_pickup_presence,58.3724801,26.7260002,163.06,1155.8,165.0
27,trip_completion,58.3812371,26.7366789,255.0,1155.8,165.0
27,rider_dropoff_presence,58.3812371,26.7366789,283.72,1155.8,165.0
270,driver_arrival,58.3657939,26.7347042,799.0,3158.7,426.0
270,rider_pickup_presence,58.3657939,26.7347042,818.01,3158.7,426.0
270,trip_completion,58.386543,26.6977014,1225.0,3158.7,426.0
270,rider_dropoff_presence,58.386543,26.6977014,1291.1,3158.7,426.0
271,driver_arrival,58.3672447,26.7224785,805.0,733.5,145.0
271,rider_pickup_presence,58.3672447,26.7224785,871.27,733.5,145.0
271,trip_completion,58.3709219,26.7120357,950.0,733.5,145.0
271,rider_dropoff_presence,58.3709219,26.7120357,961.19,733.5,145.0
272,driver_arrival,58.3833924,26.7152012,806.0,1795.4,334.0
272,rider_pickup_presence,58.3833924,26.7152012,925.07,1795.4,334.0
272,trip_completion,58.3832222,26.7459989,1140.0,1795.4,334.0
272,rider_dropoff_presence,58.3832222,26.7459989,1249.55,1795.4,334.0
273,driver_arrival,58.3685954,26.7734238,808.0,4331.9,910.0
273,rider_pickup_presence,58.3685954,26.7734238,863.37,4331.9,910.0
273,trip_completion,58.3678751,26.6991549,1718.0,4331.9,910.0
273,rider_dropoff_presence,58.3678751,26.6991549,1732.1,4331.9,910.0
274,driver_arrival,58.3776479,26.7584242,812.0,3090.0,749.0
274,rider_pickup_presence,58.3776479,26.7584242,911.86,3090.0,749.0
274,trip_completion,58.3783908,26.7054419,1561.0,3090.0,749.0
274,rider_dropoff_presence,58.3783908,26.7054419,1620.81,3090.0,749.0
275,driver_arrival,58.3728841,26.6998749,823.0,1533.4,307.0
275,rider_pickup_presence,58.3728841,26.6998749,908.99,1533.4,307.0
275,trip_completion,58.3722102,26.7261406,1130.0,1533.4,307.0
275,rider_dropoff_presence,58.3722102,26.7261406,1191.06,1533.4,307.0
276,driver_arrival,58.3790971,26.7586755,834.0,564.7,89.0
276,rider_pickup_presence,58.3790971,26.7586755,866.81,564.7,89.0
276,trip_completion,58.3740213,26.7589799,923.0,564.7,89.0
276,rider_dropoff_presence,58.3740213,26.7589799,1023.17,564.7,89.0
277,driver_arrival,58.3691326,26.6829435,836.0,840.7,141.0
277,rider_pickup_presence,58.3691326,26.6829435,953.63,840.7,141.0
277,trip_completion,58.3766611,26.6816242,977.0,840.7,141.0
277,rider_dropoff_presence,58.3766611,26.6816242,1006.25,840.7,141.0
278,driver_arrival,58.3714771,26.7396524,838.0,749.3,342.0
278,rider_pickup_presence,58.3714771,26.7396524,904.15,749.3,342.0
278,trip_completion,58.3760665,26.7490617,1180.0,749.3,342.0
278,rider_dropoff_presence,58.3760665,26.7490617,1226.03,749.3,342.0
279,driver_arrival,58.3772265,26.6883408,839.0,1577.4,253.0
279,rider_pickup_presence,58.3772265,26.6883408,949.62,1577.4,253.0
279,trip_completion,58.3692432,26.7107021,1092.0,1577.4,253.0
279,rider_dropoff_presence,58.3692432,26.7107021,1152.99,1577.4,253.0
28,driver_arrival,58.3779155,26.7219919,90.0,1245.4,480.0
28,rider_pickup_presence,58.3779155,26.7219919,195.52,1245.4,480.0
28,trip_completion,58.366869,26.7255221,570.0,1245.4,480.0
28,rider_dropoff_presence,58.366869,26.7255221,673.68,1245.4,480.0
280,driver_arrival,58.3766614,26.7154264,839.0,2709.9,428.0
280,rider_pickup_presence,58.3766614,26.7154264,872.15,2709.9,428.0
280,trip_completion,58.3804753,26.7613361,1267.0,2709.9,428.0
280,rider_dropoff_presence,58.3804753,26.7613361,1361.8,2709.9,428.0
281,driver_arrival,58.3762396,26.7111324,842.0,1447.7,255.0
281,rider_pickup_presence,58.3762396,26.7111324,891.79,1447.7,255.0
281,trip_completion,58.3892489,26.7121109,1097.0,1447.7,255.0
281,rider_dropoff_presence,58.3892489,26.7121109,1209.11,1447.7,255.0
282,driver_arrival,58.3655,26.7423669,844.0,1586.7,253.0
282,rider_pickup_presence,58.3655,26.7423669,904.93,1586.7,253.0
282,trip_completion,58.3780146,26.7292935,1097.0,1586.7,253.0
282,rider_dropoff_presence,58.3780146,26.7292935,1195.47,1586.7,253.0
283,driver_arrival,58.3879864,26.7272751,846.0,835.7,134.0
283,rider_pickup_presence,58.3879864,26.7272751,879.94,835.7,134.0
283,trip_completion,58.3842336,26.7396978,980.0,835.7,134.0
283,rider_dropoff_presence,58.3842336,26.7396978,1015.83,835.7,134.0
284,driver_arrival,58.3723027,26.7712236,855.0,2678.0,679.0
284,rider_pickup_presence,58.3723027,26.7712236,925.43,2678.0,679.0
284,trip_completion,58.3738436,26.7253904,1534.0,2678.0,679.0
284,rider_dropoff_presence,58.3738436,26.7253904,1653.87,2678.0,679.0
285,driver_arrival,58.3679448,26.7273688,858.0,3429.1,334.0
285,rider_pickup_presence,58.3679448,26.7273688,916.76,3429.1,334.0
285,trip_completion,58.3816746,26.7800303,1192.0,3429.1,334.0
285,rider_dropoff_presence,58.3816746,26.7800303,1209.83,3429.1,334.0
286,driver_arrival,58.3661403,26.724152,861.0,1828.9,353.0
286,rider_pickup_presence,58.3661403,26.724152,925.63,1828.9,353.0
286,trip_completion,58.3737385,26.6963356,1214.0,1828.9,353.0
286,rider_dropoff_presence,58.3737385,26.6963356,1255.41,1828.9,353.0
287,driver_arrival,58.3648205,26.7675665,861.0,3122.2,970.0
287,rider_pickup_presence,58.3648205,26.7675665,927.23,3122.2,970.0
287,trip_completion,58.3750862,26.7177314,1831.0,3122.2,970.0
287,rider_dropoff_presence,58.3750862,26.7177314,1896.21,3122.2,970.0
288,driver_arrival,58.3699758,26.7016249,862.0,786.6,172.0
288,rider_pickup_presence,58.3699758,26.7016249,916.64,786.6,172.0
288,trip_completion,58.362987,26.7037165,1034.0,786.6,172.0
288,rider_dropoff_presence,58.362987,26.7037165,1072.61,786.6,172.0
289,driver_arrival,58.372864,26.7586157,863.0,1560.9,205.0
289,rider_pickup_presence,58.372864,26.7586157,885.64,1560.9,205.0
289,trip_completion,58.3832788,26.740666,1068.0,1560.9,205.0
289,rider_dropoff_presence,58.3832788,26.740666,1151.7,1560.9,205.0
29,driver_arrival,58.3883019,26.7084773,93.0,2035.0,999.0
29,rider_pickup_presence,58.3883019,26.7084773,161.62,2035.0,999.0
29,trip_completion,58.3724599,26.7259559,1092.0,2035.0,999.0
29,rider_dropoff_presence,58.3724599,26.7259559,1120.03,2035.0,999.0
290,driver_arrival,58.3595594,26.7112568,865.0,1397.0,365.0
290,rider_pickup_presence,58.3595594,26.7112568,958.07,1397.0,365.0
290,trip_completion,58.3678453,26.7292616,1230.0,1397.0,365.0
290,rider_dropoff_presence,58.3678453,26.7292616,1235.24,1397.0,365.0
291,driver_arrival,58.3731035,26.7640659,867.0,4056.7,1028.0
291,rider_pickup_presence,58.3731035,26.7640659,956.36,4056.7,1028.0
291,trip_completion,58.3790804,26.6954272,1895.0,4056.7,1028.0
291,rider_dropoff_presence,58.3790804,26.6954272,1979.63,4056.7,1028.0
292,driver_arrival,58.3721564,26.7704032,870.0,5095.5,1221.0
292,rider_pickup_presence,58.3721564,26.7704032,967.37,5095.5,1221.0
292,trip_completion,58.3791241,26.6840247,2091.0,5095.5,1221.0
292,rider_dropoff_presence,58.3791241,26.6840247,2137.33,5095.5,1221.0
293,driver_arrival,58.3635379,26.7253925,875.0,1621.8,324.0
293,rider_pickup_presence,58.3635379,26.7253925,954.64,1621.8,324.0
293,trip_completion,58.3780041,26.7289428,1199.0,1621.8,324.0
293,rider_dropoff_presence,58.3780041,26.7289428,1297.49,1621.8,324.0
294,driver_arrival,58.3735309,26.7748635,876.0,4726.0,1295.0
294,rider_pickup_presence,58.3735309,26.7748635,993.7,4726.0,1295.0
294,trip_completion,58.3603144,26.6978446,2171.0,4726.0,1295.0
294,rider_dropoff_presence,58.3603144,26.6978446,2230.44,4726.0,1295.0
295,driver_arrival,58.370191,26.7298353,880.0,2134.6,443.0
295,rider_pickup_presence,58.370191,26.7298353,884.44,2134.6,443.0
295,trip_completion,58.3878093,26.7152934,1323.0,2134.6,443.0
295,rider_dropoff_presence,58.3878093,26.7152934,1383.27,2134.6,443.0
296,driver_arrival,58.3738329,26.7070534,885.0,1041.3,214.0
296,rider_pickup_presence,58.3738329,26.7070534,955.82,1041.3,214.0
296,trip_completion,58.3678876,26.6932559,1099.0,1041.3,214.0
296,rider_dropoff_presence,58.3678876,26.6932559,1203.36,1041.3,214.0
297,driver_arrival,58.3876469,26.7270438,891.0,3018.5,607.0
297,rider_pickup_presence,58.3876469,26.7270438,995.9,3018.5,607.0
297,trip_completion,58.3731096,26.7707708,1498.0,3018.5,607.0
297,rider_dropoff_presence,58.3731096,26.7707708,1550.84,3018.5,607.0
298,driver_arrival,58.3800214,26.7428313,892.0,1019.5,134.0
298,rider_pickup_presence,58.3800214,26.7428313,955.11,1019.5,134.0
298,trip_completion,58.3852432,26.7572076,1026.0,1019.5,134.0
298,rider_dropoff_presence,58.3852432,26.7572076,1080.83,1019.5,134.0
299,driver_arrival,58.3787312,26.7152749,892.0,3715.2,515.0
299,rider_pickup_presence,58.3787312,26.7152749,978.69,3715.2,515.0
299,trip_completion,58.3696645,26.7766015,1407.0,3715.2,515.0
299,rider_dropoff_presence,58.3696645,26.7766015,1456.2,3715.2,515.0
3,driver_arrival,58.3806917,26.7331287,21.0,762.8,287.0
3,rider_pickup_presence,58.3806917,26.7331287,99.57,762.8,287.0
3,trip_completion,58.3747632,26.7265449,308.0,762.8,287.0
3,rider_dropoff_presence,58.3747632,26.7265449,326.52,762.8,287.0
30,driver_arrival,58.3888618,26.6902071,96.0,5015.9,1119.0
30,rider_pickup_presence,58.3888618,26.6902071,152.34,5015.9,1119.0
30,trip_completion,58.3734786,26.771091,1215.0,5015.9,1119.0
30,rider_dropoff_presence,58.3734786,26.771091,1331.3,5015.9,1119.0
300,driver_arrival,58.3691035,26.7693062,898.0,3695.2,1040.0
300,rider_pickup_presence,58.3691035,26.7693062,938.63,3695.2,1040.0
300,trip_completion,58.3690162,26.7059406,1938.0,3695.2,1040.0
300,rider_dropoff_presence,58.3690162,26.7059406,2021.12,3695.2,1040.0
301,driver_arrival,58.377658,26.7436708,899.0,2165.6,733.0
301,rider_pickup_presence,58.377658,26.7436708,976.98,2165.6,733.0
301,trip_completion,58.3690585,26.7103463,1632.0,2165.6,733.0
301,rider_dropoff_presence,58.3690585,26.7103463,1734.21,2165.6,733.0
302,driver_arrival,58.3737129,26.712561,900.0,1189.6,432.0
302,rider_pickup_presence,58.3737129,26.712561,1002.28,1189.6,432.0
302,trip_completion,58.3737724,26.7329635,1332.0,1189.6,432.0
302,rider_dropoff_presence,58.3737724,26.7329635,1435.12,1189.6,432.0
303,driver_arrival,58.3661403,26.724152,901.0,2352.7,485.0
303,rider_pickup_presence,58.3661403,26.724152,946.6,2352.7,485.0
303,trip_completion,58.3613388,26.6848667,1386.0,2352.7,485.0
303,rider_dropoff_presence,58.3613388,26.6848667,1424.0,2352.7,485.0
304,driver_arrival,58.3832156,26.7151824,907.0,504.1,73.0
304,rider_pickup_presence,58.3832156,26.7151824,993.25,504.1,73.0
304,trip_completion,58.3828799,26.706559,980.0,504.1,73.0
304,rider_dropoff_presence,58.3828799,26.706559,1071.13,504.1,73.0
305,driver_arrival,58.3874586,26.7160301,912.0,775.2,167.0
305,rider_pickup_presence,58.3874586,26.7160301,1016.69,775.2,167.0
305,trip_completion,58.385867,26.7289785,1079.0,775.2,167.0
305,rider_dropoff_presence,58.385867,26.7289785,1083.31,775.2,167.0
306,driver_arrival,58.3890794,26.7094854,913.0,2698.9,472.0
306,rider_pickup_presence,58.3890794,26.7094854,921.21,2698.9,472.0
306,trip_completion,58.3757942,26.7482325,1385.0,2698.9,472.0
306,rider_dropoff_presence,58.3757942,26.7482325,1460.74,2698.9,472.0
307,driver_arrival,58.3693872,26.7110618,916.0,2483.7,543.0
307,rider_pickup_presence,58.3693872,26.7110618,1026.51,2483.7,543.0
307,trip_completion,58.384931,26.7416556,1459.0,2483.7,543.0
307,rider_dropoff_presence,58.384931,26.7416556,1578.69,2483.7,543.0
308,driver_arrival,58.3647008,26.7410775,930.0,2592.6,406.0
308,rider_pickup_presence,58.3647008,26.7410775,1019.61,2592.6,406.0
308,trip_completion,58.3864712,26.7251578,1336.0,2592.6,406.0
308,rider_dropoff_presence,58.3864712,26.7251578,1388.08,2592.6,406.0
309,driver_arrival,58.3638486,26.7363507,930.0,1974.6,225.0
309,rider_pickup_presence,58.3638486,26.7363507,941.81,1974.6,225.0
309,trip_completion,58.3803359,26.7489301,1155.0,1974.6,225.0
309,rider_dropoff_presence,58.3803359,26.7489301,1231.05,1974.6,225.0
31,driver_arrival,58.3664156,26.7622286,106.0,3252.5,550.0
31,rider_pickup_presence,58.3664156,26.7622286,210.71,3252.5,550.0
31,trip_completion,58.3638855,26.706669,656.0,3252.5,550.0
31,rider_dropoff_presence,58.3638855,26.706669,709.24,3252.5,550.0
310,driver_arrival,58.3804424,26.7378347,934.0,2941.8,1016.0
310,rider_pickup_presence,58.3804424,26.7378347,1017.28,2941.8,1016.0
310,trip_completion,58.3670654,26.6943073,1950.0,2941.8,1016.0
310,rider_dropoff_presence,58.3670654,26.6943073,2058.41,2941.8,1016.0
311,driver_arrival,58.3765547,26.7169254,941.0,1881.9,298.0
311,rider_pickup_presence,58.3765547,26.7169254,946.52,1881.9,298.0
311,trip_completion,58.3597762,26.7211494,1239.0,1881.9,298.0
311,rider_dropoff_presence,58.3597762,26.7211494,1334.54,1881.9,298.0
312,driver_arrival,58.3850987,26.6927312,941.0,1210.5,181.0
312,rider_pickup_presence,58.3850987,26.6927312,976.2,1210.5,181.0
312,trip_completion,58.3865914,26.7133034,1122.0,1210.5,181.0
312,rider_dropoff_presence,58.3865914,26.7133034,1166.98,1210.5,181.0
313,driver_arrival,58.3863674,26.6981323,942.0,1066.8,227.0
313,rider_pickup_presence,58.3863674,26.6981323,959.47,1066.8,227.0
313,trip_completion,58.385199,26.7162983,1169.0,1066.8,227.0
313,rider_dropoff_presence,58.385199,26.7162983,1232.74,1066.8,227.0
314,driver_arrival,58.369567,26.7279842,946.0,1390.7,623.0
314,rider_pickup_presence,58.369567,26.7279842,1013.91,1390.7,623.0
314,trip_completion,58.3818959,26.7239734,1569.0,1390.7,623.0
314,rider_dropoff_presence,58.3818959,26.7239734,1664.1,1390.7,623.0
315,driver_arrival,58.3821977,26.7476507,947.0,1968.5,296.0
315,rider_pickup_presence,58.3821977,26.7476507,967.4,1968.5,296.0
315,trip_completion,58.3843429,26.7141303,1243.0,1968.5,296.0
315,rider_dropoff_presence,58.3843429,26.7141303,1252.48,1968.5,296.0
316,driver_arrival,58.3641022,26.6819645,948.0,2555.7,397.0
316,rider_pickup_presence,58.3641022,26.6819645,1052.5,2555.7,397.0
316,trip_completion,58.3628719,26.7257197,1345.0,2555.7,397.0
316,rider_dropoff_presence,58.3628719,26.7257197,1419.37,2555.7,397.0
317,driver_arrival,58.3661398,26.685624,949.0,2198.3,326.0
317,rider_pickup_presence,58.3661398,26.685624,977.9,2198.3,326.0
317,trip_completion,58.3672845,26.7232548,1275.0,2198.3,326.0
317,rider_dropoff_presence,58.3672845,26.7232548,1384.54,2198.3,326.0
318,driver_arrival,58.3847367,26.7235191,957.0,2788.8,415.0
318,rider_pickup_presence,58.3847367,26.7235191,974.17,2788.8,415.0
318,trip_completion,58.3715902,26.6827819,1372.0,2788.8,415.0
318,rider_dropoff_presence,58.3715902,26.6827819,1427.34,2788.8,415.0
32,driver_arrival,58.3778107,26.7771223,108.0,4675.4,653.0
32,rider_pickup_presence,58.3778107,26.7771223,138.48,4675.4,653.0
32,trip_completion,58.3678832,26.6992073,761.0,4675.4,653.0
32,rider_dropoff_presence,58.3678832,26.6992073,791.64,4675.4,653.0
320,driver_arrival,58.3705441,26.7662795,961.0,3934.9,755.0
320,rider_pickup_presence,58.3705441,26.7662795,962.13,3934.9,755.0
320,trip_completion,58.3854987,26.7051095,1716.0,3934.9,755.0
320,rider_dropoff_presence,58.3854987,26.7051095,1812.56,3934.9,755.0
321,driver_arrival,58.3885433,26.711168,961.0,2684.2,520.0
321,rider_pickup_presence,58.3885433,26.711168,1069.15,2684.2,520.0
321,trip_completion,58.364565,26.705857,1481.0,2684.2,520.0
321,rider_dropoff_presence,58.364565,26.705857,1562.31,2684.2,520.0
323,driver_arrival,58.3779599,26.7290652,970.0,1944.2,271.0
323,rider_pickup_presence,58.3779599,26.7290652,988.96,1944.2,271.0
323,trip_completion,58.3686065,26.7572359,1241.0,1944.2,271.0
323,rider_dropoff_presence,58.3686065,26.7572359,1294.01,1944.2,271.0
324,driver_arrival,58.3835673,26.7397793,972.0,3581.3,1006.0
324,rider_pickup_presence,58.3835673,26.7397793,1013.47,3581.3,1006.0
324,trip_completion,58.3652652,26.6892382,1978.0,3581.3,1006.0
324,rider_dropoff_presence,58.3652652,26.6892382,2048.51,3581.3,1006.0
325,driver_arrival,58.3752474,26.7572102,975.0,2984.4,652.0
325,rider_pickup_presence,58.3752474,26.7572102,1051.67,2984.4,652.0
325,trip_completion,58.3746582,26.7060367,1627.0,2984.4,652.0
325,rider_dropoff_presence,58.3746582,26.7060367,1677.92,2984.4,652.0
326,driver_arrival,58.368219,26.7453804,976.0,1677.2,290.0
326,rider_pickup_presence,58.368219,26.7453804,1006.01,1677.2,290.0
326,trip_completion,58.383262,26.7432774,1266.0,1677.2,290.0
326,rider_dropoff_presence,58.383262,26.7432774,1367.44,1677.2,290.0
327,driver_arrival,58.3864996,26.6947774,977.0,1720.0,326.0
327,rider_pickup_presence,58.3864996,26.6947774,1000.91,1720.0,326.0
327,trip_completion,58.3818024,26.7228904,1303.0,1720.0,326.0
327,rider_dropoff_presence,58.3818024,26.7228904,1349.16,1720.0,326.0
328,driver_arrival,58.3682473,26.6840041,982.0,1603.0,260.0
328,rider_pickup_presence,58.3682473,26.6840041,1039.98,1603.0,260.0
328,trip_completion,58.3747969,26.7084931,1242.0,1603.0,260.0
328,rider_dropoff_presence,58.3747969,26.7084931,1270.46,1603.0,260.0
329,driver_arrival,58.3777986,26.7510602,983.0,1697.6,684.0
329,rider_pickup_presence,58.3777986,26.7510602,1051.63,1697.6,684.0
329,trip_completion,58.3811914,26.7226696,1667.0,1697.6,684.0
329,rider_dropoff_presence,58.3811914,26.7226696,1735.98,1697.6,684.0
33,driver_arrival,58.3717496,26.7329,109.0,1171.1,200.0
33,rider_pickup_presence,58.3717496,26.7329,228.12,1171.1,200.0
33,trip_completion,58.3730819,26.752822,309.0,1171.1,200.0
33,rider_dropoff_presence,58.3730819,26.752822,344.43,1171.1,200.0
330,driver_arrival,58.3677564,26.7356668,986.0,1463.4,339.0
330,rider_pickup_presence,58.3677564,26.7356668,1103.35,1463.4,339.0
330,trip_completion,58.3808407,26.7383589,1325.0,1463.4,339.0
330,rider_dropoff_presence,58.3808407,26.7383589,1403.99,1463.4,339.0
331,driver_arrival,58.3825209,26.7546822,987.0,2872.9,531.0
331,rider_pickup_presence,58.3825209,26.7546822,1019.94,2872.9,531.0
331,trip_completion,58.3694483,26.71218,1518.0,2872.9,531.0
331,rider_dropoff_presence,58.3694483,26.71218,1585.91,2872.9,531.0
332,driver_arrival,58.3791325,26.7446545,989.0,1725.3,543.0
332,rider_pickup_presence,58.3791325,26.7446545,1071.3,1725.3,543.0
332,trip_completion,58.3722591,26.7711829,1532.0,1725.3,543.0
332,rider_dropoff_presence,58.3722591,26.7711829,1621.36,1725.3,543.0
333,driver_arrival,58.3810626,26.7380251,993.0,2461.0,720.0
333,rider_pickup_presence,58.3810626,26.7380251,998.89,2461.0,720.0
333,trip_completion,58.3740304,26.7780488,1713.0,2461.0,720.0
333,rider_dropoff_presence,58.3740304,26.7780488,1785.77,2461.0,720.0
334,driver_arrival,58.3685088,26.6836479,994.0,1506.3,154.0
334,rider_pickup_presence,58.3685088,26.6836479,1053.61,1506.3,154.0
334,trip_completion,58.3777731,26.702494,1148.0,1506.3,154.0
334,rider_dropoff_presence,58.3777731,26.702494,1256.5,1506.3,154.0
335,driver_arrival,58.3827689,26.7341469,995.0,2489.8,285.0
335,rider_pickup_presence,58.3827689,26.7341469,1029.34,2489.8,285.0
335,trip_completion,58.3603979,26.7323261,1280.0,2489.8,285.0
335,rider_dropoff_presence,58.3603979,26.7323261,1375.86,2489.8,285.0
336,driver_arrival,58.3739122,26.7649994,1001.0,1471.8,326.0
336,rider_pickup_presence,58.3739122,26.7649994,1073.85,1471.8,326.0
336,trip_completion,58.3787105,26.7414735,1327.0,1471.8,326.0
336,rider_dropoff_presence,58.3787105,26.7414735,1369.28,1471.8,326.0
337,driver_arrival,58.3616816,26.7402718,1002.0,1705.5,485.0
337,rider_pickup_presence,58.3616816,26.7402718,1078.39,1705.5,485.0
337,trip_completion,58.3740585,26.7229977,1487.0,1705.5,485.0
337,rider_dropoff_presence,58.3740585,26.7229977,1561.51,1705.5,485.0
338,driver_arrival,58.3751713,26.6899562,1005.0,4936.3,976.0
338,rider_pickup_presence,58.3751713,26.6899562,1086.33,4936.3,976.0
338,trip_completion,58.3674997,26.7733362,1981.0,4936.3,976.0
338,rider_dropoff_presence,58.3674997,26.7733362,2067.51,4936.3,976.0
339,driver_arrival,58.3827025,26.737417,1007.0,2216.8,728.0
339,rider_pickup_presence,58.3827025,26.737417,1086.1,2216.8,728.0
339,trip_completion,58.3791012,26.7000152,1735.0,2216.8,728.0
339,rider_dropoff_presence,58.3791012,26.7000152,1835.6,2216.8,728.0
34,driver_arrival,58.3681342,26.728561,109.0,436.8,55.0
34,rider_pickup_presence,58.3681342,26.728561,184.39,436.8,55.0
34,trip_completion,58.3683272,26.7360413,164.0,436.8,55.0
34,rider_dropoff_presence,58.3683272,26.7360413,272.41,436.8,55.0
340,driver_arrival,58.3815957,26.7500264,1010.0,1635.2,440.0
340,rider_pickup_presence,58.3815957,26.7500264,1087.56,1635.2,440.0
340,trip_completion,58.3703806,26.7681675,1450.0,1635.2,440.0
340,rider_dropoff_presence,58.3703806,26.7681675,1487.07,1635.2,440.0
341,driver_arrival,58.3822939,26.715375,1013.0,3277.4,583.0
341,rider_pickup_presence,58.3822939,26.715375,1065.9,3277.4,583.0
341,trip_completion,58.377188,26.7707429,1596.0,3277.4,583.0
341,rider_dropoff_presence,58.377188,26.7707429,1665.55,3277.4,583.0
342,driver_arrival,58.3860819,26.7117886,1015.0,800.5,275.0
342,rider_pickup_presence,58.3860819,26.7117886,1102.88,800.5,275.0
342,trip_completion,58.3792908,26.7163447,1290.0,800.5,275.0
342,rider_dropoff_presence,58.3792908,26.7163447,1300.82,800.5,275.0
343,driver_arrival,58.3848114,26.7107134,1020.0,3375.9,722.0
343,rider_pickup_presence,58.3848114,26.7107134,1055.41,3375.9,722.0
343,trip_completion,58.3773756,26.76686,1742.0,3375.9,722.0
343,rider_dropoff_presence,58.3773756,26.76686,1831.7,3375.9,722.0
344,driver_arrival,58.3813384,26.7288275,1024.0,1867.7,216.0
344,rider_pickup_presence,58.3813384,26.7288275,1045.08,1867.7,216.0
344,trip_completion,58.3646845,26.7330002,1240.0,1867.7,216.0
344,rider_dropoff_presence,58.3646845,26.7330002,1255.86,1867.7,216.0
345,driver_arrival,58.3864927,26.7134653,1028.0,2206.6,441.0
345,rider_pickup_presence,58.3864927,26.7134653,1092.73,2206.6,441.0
345,trip_completion,58.3766739,26.6805709,1469.0,2206.6,441.0
345,rider_dropoff_presence,58.3766739,26.6805709,1585.58,2206.6,441.0
346,driver_arrival,58.3881322,26.7082455,1034.0,2787.1,441.0
346,rider_pickup_presence,58.3881322,26.7082455,1097.7,2787.1,441.0
346,trip_completion,58.363699,26.7189143,1475.0,2787.1,441.0
346,rider_dropoff_presence,58.363699,26.7189143,1584.62,2787.1,441.0
347,driver_arrival,58.383904,26.75594,1038.0,1584.3,402.0
347,rider_pickup_presence,58.383904,26.75594,1137.66,1584.3,402.0
347,trip_completion,58.3775683,26.7315972,1440.0,1584.3,402.0
347,rider_dropoff_presence,58.3775683,26.7315972,1470.84,1584.3,402.0
348,driver_arrival,58.3659946,26.6917399,1040.0,2883.9,560.0
348,rider_pickup_presence,58.3659946,26.6917399,1138.96,2883.9,560.0
348,trip_completion,58.3659649,26.7411881,1600.0,2883.9,560.0
348,rider_dropoff_presence,58.3659649,26.7411881,1657.82,2883.9,560.0
349,driver_arrival,58.382171,26.7215231,1041.0,1200.6,460.0
349,rider_pickup_presence,58.382171,26.7215231,1137.78,1200.6,460.0
349,trip_completion,58.3727426,26.73156,1501.0,1200.6,460.0
349,rider_dropoff_presence,58.3727426,26.73156,1590.59,1200.6,460.0
35,driver_arrival,58.3741136,26.7252361,110.0,2376.6,579.0
35,rider_pickup_presence,58.3741136,26.7252361,150.65,2376.6,579.0
35,trip_completion,58.3735456,26.765981,689.0,2376.6,579.0
35,rider_dropoff_presence,58.3735456,26.765981,702.82,2376.6,579.0
350,driver_arrival,58.3841511,26.7060849,1041.0,267.9,138.0
350,rider_pickup_presence,58.3841511,26.7060849,1156.55,267.9,138.0
350,trip_completion,58.3850097,26.7103786,1179.0,267.9,138.0
350,rider_dropoff_presence,58.3850097,26.7103786,1195.89,267.9,138.0
351,driver_arrival,58.3747042,26.7779015,1044.0,3383.4,861.0
351,rider_pickup_presence,58.3747042,26.7779015,1159.98,3383.4,861.0
351,trip_completion,58.3848614,26.7231944,1905.0,3383.4,861.0
351,rider_dropoff_presence,58.3848614,26.7231944,2008.22,3383.4,861.0
352,driver_arrival,58.3694686,26.7698539,1050.0,4229.8,1036.0
352,rider_pickup_presence,58.3694686,26.7698539,1136.91,4229.8,1036.0
352,trip_completion,58.3743029,26.6979026,2086.0,4229.8,1036.0
352,rider_dropoff_presence,58.3743029,26.6979026,2203.59,4229.8,1036.0
353,driver_arrival,58.3701922,26.7730613,1055.0,2334.0,439.0
353,rider_pickup_presence,58.3701922,26.7730613,1171.07,2334.0,439.0
353,trip_completion,58.3642706,26.7346654,1494.0,2334.0,439.0
353,rider_dropoff_presence,58.3642706,26.7346654,1590.55,2334.0,439.0
354,driver_arrival,58.3824076,26.7147805,1056.0,1939.4,225.0
354,rider_pickup_presence,58.3824076,26.7147805,1099.89,1939.4,225.0
354,trip_completion,58.3762739,26.6836382,1281.0,1939.4,225.0
354,rider_dropoff_presence,58.3762739,26.6836382,1375.88,1939.4,225.0
355,driver_arrival,58.3695116,26.772445,1057.0,2517.1,469.0
355,rider_pickup_presence,58.3695116,26.772445,1058.67,2517.1,469.0
355,trip_completion,58.384147,26.7395091,1526.0,2517.1,469.0
355,rider_dropoff_presence,58.384147,26.7395091,1590.39,2517.1,469.0
356,driver_arrival,58.3820146,26.7103684,1062.0,2449.2,525.0
356,rider_pickup_presence,58.3820146,26.7103684,1116.57,2449.2,525.0
356,trip_completion,58.3669985,26.7410992,1587.0,2449.2,525.0
356,rider_dropoff_presence,58.3669985,26.7410992,1667.74,2449.2,525.0
357,driver_arrival,58.3830941,26.7237505,1063.0,1584.1,384.0
357,rider_pickup_presence,58.3830941,26.7237505,1143.68,1584.1,384.0
357,trip_completion,58.3788035,26.7496626,1447.0,1584.1,384.0
357,rider_dropoff_presence,58.3788035,26.7496626,1517.15,1584.1,384.0
358,driver_arrival,58.3603184,26.7407321,1069.0,3306.5,274.0
358,rider_pickup_presence,58.3603184,26.7407321,1167.69,3306.5,274.0
358,trip_completion,58.388205,26.7604193,1343.0,3306.5,274.0
358,rider_dropoff_presence,58.388205,26.7604193,1455.84,3306.5,274.0
359,driver_arrival,58.3840643,26.7265733,1080.0,839.8,138.0
359,rider_pickup_presence,58.3840643,26.7265733,1093.0,839.8,138.0
359,trip_completion,58.3776972,26.7343205,1218.0,839.8,138.0
359,rider_dropoff_presence,58.3776972,26.7343205,1246.06,839.8,138.0
36,driver_arrival,58.3682729,26.7254959,111.0,2515.5,418.0
36,rider_pickup_presence,58.3682729,26.7254959,114.0,2515.5,418.0
36,trip_completion,58.3840506,26.6945763,529.0,2515.5,418.0
36,rider_dropoff_presence,58.3840506,26.6945763,635.11,2515.5,418.0
360,driver_arrival,58.3741207,26.7229918,1082.0,536.8,259.0
360,rider_pickup_presence,58.3741207,26.7229918,1149.37,536.8,259.0
360,trip_completion,58.3767712,26.7152965,1341.0,536.8,259.0
360,rider_dropoff_presence,58.3767712,26.7152965,1450.83,536.8,259.0
361,driver_arrival,58.3629314,26.7255686,1084.0,2618.9,704.0
361,rider_pickup_presence,58.3629314,26.7255686,1110.56,2618.9,704.0
361,trip_completion,58.3864828,26.7251351,1788.0,2618.9,704.0
361,rider_dropoff_presence,58.3864828,26.7251351,1795.59,2618.9,704.0
362,driver_arrival,58.3685957,26.7411872,1088.0,2998.7,534.0
362,rider_pickup_presence,58.3685957,26.7411872,1186.86,2998.7,534.0
362,trip_completion,58.3715887,26.6900824,1622.0,2998.7,534.0
362,rider_dropoff_presence,58.3715887,26.6900824,1731.13,2998.7,534.0
363,driver_arrival,58.388695,26.7132222,1092.0,2309.3,387.0
363,rider_pickup_presence,58.388695,26.7132222,1128.26,2309.3,387.0
363,trip_completion,58.3763159,26.7450315,1479.0,2309.3,387.0
363,rider_dropoff_presence,58.3763159,26.7450315,1528.0,2309.3,387.0
364,driver_arrival,58.381824,26.7393356,1098.0,3623.7,878.0
364,rider_pickup_presence,58.381824,26.7393356,1114.77,3623.7,878.0
364,trip_completion,58.3645002,26.686698,1976.0,3623.7,878.0
364,rider_dropoff_presence,58.3645002,26.686698,2089.55,3623.7,878.0
365,driver_arrival,58.3759996,26.7495968,1099.0,1337.0,318.0
365,rider_pickup_presence,58.3759996,26.7495968,1135.52,1337.0,318.0
365,trip_completion,58.3844762,26.7333318,1417.0,1337.0,318.0
365,rider_dropoff_presence,58.3844762,26.7333318,1476.11,1337.0,318.0
366,driver_arrival,58.3779405,26.7289482,1100.0,2922.7,359.0
366,rider_pickup_presence,58.3779405,26.7289482,1111.66,2922.7,359.0
366,trip_completion,58.3811238,26.7787134,1459.0,2922.7,359.0
366,rider_dropoff_presence,58.3811238,26.7787134,1565.47,2922.7,359.0
367,driver_arrival,58.3751892,26.7665385,1102.0,2579.4,877.0
367,rider_pickup_presence,58.3751892,26.7665385,1118.28,2579.4,877.0
367,trip_completion,58.381998,26.7242438,1979.0,2579.4,877.0
367,rider_dropoff_presence,58.381998,26.7242438,2033.44,2579.4,877.0
368,driver_arrival,58.3792009,26.7096512,1105.0,1772.5,175.0
368,rider_pickup_presence,58.3792009,26.7096512,1185.46,1772.5,175.0
368,trip_completion,58.3715105,26.6830227,1280.0,1772.5,175.0
368,rider_dropoff_presence,58.3715105,26.6830227,1369.18,1772.5,175.0
369,driver_arrival,58.3672332,26.6995174,1107.0,3435.4,703.0
369,rider_pickup_presence,58.3672332,26.6995174,1220.52,3435.4,703.0
369,trip_completion,58.38448,26.7484034,1810.0,3435.4,703.0
369,rider_dropoff_presence,58.38448,26.7484034,1860.3,3435.4,703.0
37,driver_arrival,58.3761628,26.6924382,113.0,2162.5,503.0
37,rider_pickup_presence,58.3761628,26.6924382,202.07,2162.5,503.0
37,trip_completion,58.3717711,26.7285678,616.0,2162.5,503.0
37,rider_dropoff_presence,58.3717711,26.7285678,634.54,2162.5,503.0
370,driver_arrival,58.3846353,26.7009351,1110.0,4506.8,827.0
370,rider_pickup_presence,58.3846353,26.7009351,1159.79,4506.8,827.0
370,trip_completion,58.3644535,26.767965,1937.0,4506.8,827.0
370,rider_dropoff_presence,58.3644535,26.767965,1948.88,4506.8,827.0
371,driver_arrival,58.3785107,26.7587299,1115.0,885.9,178.0
371,rider_pickup_presence,58.3785107,26.7587299,1173.72,885.9,178.0
371,trip_completion,58.3707685,26.7551419,1293.0,885.9,178.0
371,rider_dropoff_presence,58.3707685,26.7551419,1341.97,885.9,178.0
372,driver_arrival,58.3765983,26.7311505,1117.0,1690.8,357.0
372,rider_pickup_presence,58.3765983,26.7311505,1231.18,1690.8,357.0
372,trip_completion,58.3745792,26.7598938,1474.0,1690.8,357.0
372,rider_dropoff_presence,58.3745792,26.7598938,1477.93,1690.8,357.0
373,driver_arrival,58.3884661,26.7087034,1118.0,3392.3,484.0
373,rider_pickup_presence,58.3884661,26.7087034,1162.46,3392.3,484.0
373,trip_completion,58.3737827,26.7597116,1602.0,3392.3,484.0
373,rider_dropoff_presence,58.3737827,26.7597116,1655.21,3392.3,484.0
374,driver_arrival,58.3779349,26.7294433,1120.0,2889.2,939.0
374,rider_pickup_presence,58.3779349,26.7294433,1234.07,2889.2,939.0
374,trip_completion,58.3641549,26.6874376,2059.0,2889.2,939.0
374,rider_dropoff_presence,58.3641549,26.6874376,2161.65,2889.2,939.0
375,driver_arrival,58.3850822,26.7104447,1123.0,2680.9,444.0
375,rider_pickup_presence,58.3850822,26.7104447,1134.92,2680.9,444.0
375,trip_completion,58.3806514,26.755652,1567.0,2680.9,444.0
375,rider_dropoff_presence,58.3806514,26.755652,1649.28,2680.9,444.0
376,driver_arrival,58.3768712,26.7306829,1126.0,1334.4,565.0
376,rider_pickup_presence,58.3768712,26.7306829,1191.34,1334.4,565.0
376,trip_completion,58.3726627,26.7092506,1691.0,1334.4,565.0
376,rider_dropoff_presence,58.3726627,26.7092506,1808.34,1334.4,565.0
377,driver_arrival,58.3814893,26.7503605,1127.0,616.6,149.0
377,rider_pickup_presence,58.3814893,26.7503605,1170.04,616.6,149.0
377,trip_completion,58.3761941,26.7472183,1276.0,616.6,149.0
377,rider_dropoff_presence,58.3761941,26.7472183,1323.78,616.6,149.0
378,driver_arrival,58.3818856,26.7175838,1131.0,2495.6,1105.0
378,rider_pickup_presence,58.3818856,26.7175838,1153.78,2495.6,1105.0
378,trip_completion,58.3602086,26.7064943,2236.0,2495.6,1105.0
378,rider_dropoff_presence,58.3602086,26.7064943,2250.66,2495.6,1105.0
379,driver_arrival,58.3660408,26.7247876,1132.0,693.2,174.0
379,rider_pickup_presence,58.3660408,26.7247876,1233.76,693.2,174.0
379,trip_completion,58.3658571,26.7366692,1306.0,693.2,174.0
379,rider_dropoff_presence,58.3658571,26.7366692,1360.57,693.2,174.0
380,driver_arrival,58.3683138,26.7060729,1136.0,1715.8,608.0
380,rider_pickup_presence,58.3683138,26.7060729,1215.53,1715.8,608.0
380,trip_completion,58.3782004,26.7286646,1744.0,1715.8,608.0
380,rider_dropoff_presence,58.3782004,26.7286646,1821.0,1715.8,608.0
381,driver_arrival,58.3834524,26.7638226,1136.0,1707.8,524.0
381,rider_pickup_presence,58.3834524,26.7638226,1207.66,1707.8,524.0
381,trip_completion,58.368859,26.7729545,1660.0,1707.8,524.0
381,rider_dropoff_presence,58.368859,26.7729545,1662.56,1707.8,524.0
382,driver_arrival,58.3717814,26.716959,1138.0,704.4,157.0
382,rider_pickup_presence,58.3717814,26.716959,1232.42,704.4,157.0
382,trip_completion,58.3677787,26.7263217,1295.0,704.4,157.0
382,rider_dropoff_presence,58.3677787,26.7263217,1324.23,704.4,157.0
383,driver_arrival,58.3761795,26.6985143,1143.0,1333.6,283.0
383,rider_pickup_presence,58.3761795,26.6985143,1158.11,1333.6,283.0
383,trip_completion,58.3873073,26.707046,1426.0,1333.6,283.0
383,rider_dropoff_presence,58.3873073,26.707046,1493.75,1333.6,283.0
384,driver_arrival,58.3885913,26.7088091,1146.0,2512.4,414.0
384,rider_pickup_presence,58.3885913,26.7088091,1154.23,2512.4,414.0
384,trip_completion,58.3673781,26.7236453,1560.0,2512.4,414.0
384,rider_dropoff_presence,58.3673781,26.7236453,1651.82,2512.4,414.0
385,driver_arrival,58.3772557,26.7431857,1149.0,1952.5,592.0
385,rider_pickup_presence,58.3772557,26.7431857,1173.86,1952.5,592.0
385,trip_completion,58.3761453,26.7097633,1741.0,1952.5,592.0
385,rider_dropoff_presence,58.3761453,26.7097633,1766.91,1952.5,592.0
386,driver_arrival,58.3609015,26.7083515,1151.0,2425.9,622.0
386,rider_pickup_presence,58.3609015,26.7083515,1255.36,2425.9,622.0
386,trip_completion,58.381655,26.7211823,1773.0,2425.9,622.0
386,rider_dropoff_presence,58.381655,26.7211823,1812.43,2425.9,622.0
387,driver_arrival,58.3599513,26.7258754,1154.0,2739.2,464.0
387,rider_pickup_presence,58.3599513,26.7258754,1171.71,2739.2,464.0
387,trip_completion,58.3835937,26.7126813,1618.0,2739.2,464.0
387,rider_dropoff_presence,58.3835937,26.7126813,1726.06,2739.2,464.0
388,driver_arrival,58.3647144,26.7363552,1156.0,355.7,35.0
388,rider_pickup_presence,58.3647144,26.7363552,1156.34,355.7,35.0
388,trip_completion,58.3678369,26.7376788,1191.0,355.7,35.0
388,rider_dropoff_presence,58.3678369,26.7376788,1294.01,355.7,35.0
389,driver_arrival,58.3647913,26.7473016,1157.0,3841.7,620.0
389,rider_pickup_presence,58.3647913,26.7473016,1174.36,3841.7,620.0
389,trip_completion,58.3879664,26.6984332,1777.0,3841.7,620.0
389,rider_dropoff_presence,58.3879664,26.6984332,1792.6,3841.7,620.0
39,driver_arrival,58.3794296,26.7424859,122.0,2978.7,779.0
39,rider_pickup_presence,58.3794296,26.7424859,152.08,2978.7,779.0
39,trip_completion,58.360893,26.7056089,901.0,2978.7,779.0
39,rider_dropoff_presence,58.360893,26.7056089,921.94,2978.7,779.0
390,driver_arrival,58.373816,26.7222268,1196.0,423.7,95.0
390,rider_pickup_presence,58.373816,26.7222268,1275.33,423.7,95.0
390,trip_completion,58.377317,26.7250958,1291.0,423.7,95.0
390,rider_dropoff_presence,58.377317,26.7250958,1294.09,423.7,95.0
391,driver_arrival,58.3889924,26.738016,1160.0,3043.0,434.0
391,rider_pickup_presence,58.3889924,26.738016,1161.78,3043.0,434.0
391,trip_completion,58.3757299,26.6923551,1594.0,3043.0,434.0
391,rider_dropoff_presence,58.3757299,26.6923551,1688.8,3043.0,434.0
392,driver_arrival,58.3896923,26.6938531,1164.0,2725.4,517.0
392,rider_pickup_presence,58.3896923,26.6938531,1192.55,2725.4,517.0
392,trip_completion,58.3816634,26.7380309,1681.0,2725.4,517.0
392,rider_dropoff_presence,58.3816634,26.7380309,1719.85,2725.4,517.0
393,driver_arrival,58.3682766,26.7465601,1164.0,2747.1,506.0
393,rider_pickup_presence,58.3682766,26.7465601,1184.91,2747.1,506.0
393,trip_completion,58.3737036,26.7006015,1670.0,2747.1,506.0
393,rider_dropoff_presence,58.3737036,26.7006015,1676.29,2747.1,506.0
394,driver_arrival,58.3836179,26.6820035,1165.0,1548.8,207.0
394,rider_pickup_presence,58.3836179,26.6820035,1254.01,1548.8,207.0
394,trip_completion,58.3719503,26.6965131,1372.0,1548.8,207.0
394,rider_dropoff_presence,58.3719503,26.6965131,1435.13,1548.8,207.0
395,driver_arrival,58.371643,26.6925979,1166.0,648.0,54.0
395,rider_pickup_presence,58.371643,26.6925979,1255.48,648.0,54.0
395,trip_completion,58.3661498,26.6963084,1220.0,648.0,54.0
395,rider_dropoff_presence,58.3661498,26.6963084,1277.15,648.0,54.0
396,driver_arrival,58.3878906,26.711917,1168.0,316.2,80.0
396,rider_pickup_presence,58.3878906,26.711917,1261.36,316.2,80.0
396,trip_completion,58.3851416,26.7105289,1248.0,316.2,80.0
396,rider_dropoff_presence,58.3851416,26.7105289,1309.59,316.2,80.0
397,driver_arrival,58.373153,26.7527904,1169.0,1100.3,561.0
397,rider_pickup_presence,58.373153,26.7527904,1182.09,1100.3,561.0
397,trip_completion,58.3763371,26.7706585,1730.0,1100.3,561.0
397,rider_dropoff_presence,58.3763371,26.7706585,1790.46,1100.3,561.0
398,driver_arrival,58.3735599,26.7078284,1170.0,3299.6,1172.0
398,rider_pickup_presence,58.3735599,26.7078284,1283.45,3299.6,1172.0
398,trip_completion,58.3735005,26.7644163,2342.0,3299.6,1172.0
398,rider_dropoff_presence,58.3735005,26.7644163,2347.2,3299.6,1172.0
399,driver_arrival,58.3796386,26.7779644,1171.0,2456.6,249.0
399,rider_pickup_presence,58.3796386,26.7779644,1264.99,2456.6,249.0
399,trip_completion,58.3834138,26.7364437,1420.0,2456.6,249.0
399,rider_dropoff_presence,58.3834138,26.7364437,1524.04,2456.6,249.0
4,driver_arrival,58.3629314,26.7255686,24.0,750.6,226.0
4,rider_pickup_presence,58.3629314,26.7255686,86.57,750.6,226.0
4,trip_completion,58.3692693,26.7211385,250.0,750.6,226.0
4,rider_dropoff_presence,58.3692693,26.7211385,304.97,750.6,226.0
40,driver_arrival,58.37918,26.7734374,126.0,4389.8,663.0
40,rider_pickup_presence,58.37918,26.7734374,241.68,4389.8,663.0
40,trip_completion,58.3886204,26.7003147,789.0,4389.8,663.0
40,rider_dropoff_presence,58.3886204,26.7003147,796.3,4389.8,663.0
400,driver_arrival,58.3808066,26.7371744,1172.0,1090.7,171.0
400,rider_pickup_presence,58.3808066,26.7371744,1229.48,1090.7,171.0
400,trip_completion,58.3850623,26.7540317,1343.0,1090.7,171.0
400,rider_dropoff_presence,58.3850623,26.7540317,1391.19,1090.7,171.0
401,driver_arrival,58.3830239,26.72163,1175.0,292.8,130.0
401,rider_pickup_presence,58.3830239,26.72163,1257.33,292.8,130.0
401,trip_completion,58.3808056,26.7189242,1305.0,292.8,130.0
401,rider_dropoff_presence,58.3808056,26.7189242,1363.83,292.8,130.0
402,driver_arrival,58.3601914,26.7408858,1179.0,2816.7,377.0
402,rider_pickup_presence,58.3601914,26.7408858,1288.16,2816.7,377.0
402,trip_completion,58.3822548,26.7646169,1556.0,2816.7,377.0
402,rider_dropoff_presence,58.3822548,26.7646169,1564.82,2816.7,377.0
403,driver_arrival,58.3755582,26.7616335,1179.0,3985.3,802.0
403,rider_pickup_presence,58.3755582,26.7616335,1188.69,3985.3,802.0
403,trip_completion,58.3750209,26.6932883,1981.0,3985.3,802.0
403,rider_dropoff_presence,58.3750209,26.6932883,2054.0,3985.3,802.0
404,driver_arrival,58.3767074,26.6806403,1182.0,5277.3,1153.0
404,rider_pickup_presence,58.3767074,26.6806403,1189.88,5277.3,1153.0
404,trip_completion,58.3741077,26.7710165,2335.0,5277.3,1153.0
404,rider_dropoff_presence,58.3741077,26.7710165,2368.0,5277.3,1153.0
405,driver_arrival,58.3846945,26.7555106,1186.0,4276.2,951.0
405,rider_pickup_presence,58.3846945,26.7555106,1261.97,4276.2,951.0
405,trip_completion,58.377382,26.6834951,2137.0,4276.2,951.0
405,rider_dropoff_presence,58.377382,26.6834951,2202.8,4276.2,951.0
406,driver_arrival,58.3799208,26.7192703,1187.0,3385.4,749.0
406,rider_pickup_presence,58.3799208,26.7192703,1226.02,3385.4,749.0
406,trip_completion,58.3687615,26.7732919,1936.0,3385.4,749.0
406,rider_dropoff_presence,58.3687615,26.7732919,2055.36,3385.4,749.0
407,driver_arrival,58.3614766,26.7325283,1192.0,2266.8,300.0
407,rider_pickup_presence,58.3614766,26.7325283,1255.67,2266.8,300.0
407,trip_completion,58.3772673,26.7571143,1492.0,2266.8,300.0
407,rider_dropoff_presence,58.3772673,26.7571143,1546.45,2266.8,300.0
408,driver_arrival,58.3647086,26.699492,1192.0,1905.6,423.0
408,rider_pickup_presence,58.3647086,26.699492,1264.65,1905.6,423.0
408,trip_completion,58.3682002,26.7314817,1615.0,1905.6,423.0
408,rider_dropoff_presence,58.3682002,26.7314817,1626.9,1905.6,423.0
409,driver_arrival,58.3683154,26.74734,1194.0,1775.1,509.0
409,rider_pickup_presence,58.3683154,26.74734,1278.21,1775.1,509.0
409,trip_completion,58.3773235,26.7222074,1703.0,1775.1,509.0
409,rider_dropoff_presence,58.3773235,26.7222074,1805.34,1775.1,509.0
41,driver_arrival,58.3837765,26.6946126,127.0,1948.0,267.0
41,rider_pickup_presence,58.3837765,26.6946126,205.11,1948.0,267.0
41,trip_completion,58.3673389,26.7061666,394.0,1948.0,267.0
41,rider_dropoff_presence,58.3673389,26.7061666,486.28,1948.0,267.0
410,driver_arrival,58.3772966,26.7222473,1197.0,691.4,73.0
410,rider_pickup_presence,58.3772966,26.7222473,1283.5,691.4,73.0
410,trip_completion,58.3742018,26.7119618,1270.0,691.4,73.0
410,rider_dropoff_presence,58.3742018,26.7119618,1295.8,691.4,73.0
411,driver_arrival,58.3829991,26.7092365,1199.0,953.3,187.0
411,rider_pickup_presence,58.3829991,26.7092365,1253.19,953.3,187.0
411,trip_completion,58.3745707,26.7062477,1386.0,953.3,187.0
411,rider_dropoff_presence,58.3745707,26.7062477,1413.42,953.3,187.0
412,driver_arrival,58.3694818,26.7730599,1203.0,2671.4,607.0
412,rider_pickup_presence,58.3694818,26.7730599,1243.67,2671.4,607.0
412,trip_completion,58.3679411,26.7273459,1810.0,2671.4,607.0
412,rider_dropoff_presence,58.3679411,26.7273459,1864.42,2671.4,607.0
413,driver_arrival,58.3792722,26.7632961,1209.0,1427.0,400.0
413,rider_pickup_presence,58.3792722,26.7632961,1258.92,1427.0,400.0
413,trip_completion,58.366452,26.7622031,1609.0,1427.0,400.0
413,rider_dropoff_presence,58.366452,26.7622031,1620.41,1427.0,400.0
414,driver_arrival,58.3786824,26.7103513,1210.0,1459.6,339.0
414,rider_pickup_presence,58.3786824,26.7103513,1261.21,1459.6,339.0
414,trip_completion,58.3867981,26.730032,1549.0,1459.6,339.0
414,rider_dropoff_presence,58.3867981,26.730032,1628.81,1459.6,339.0
415,driver_arrival,58.3786791,26.7775472,1210.0,3541.3,627.0
415,rider_pickup_presence,58.3786791,26.7775472,1254.92,3541.3,627.0
415,trip_completion,58.3749195,26.717232,1837.0,3541.3,627.0
415,rider_dropoff_presence,58.3749195,26.717232,1855.32,3541.3,627.0
417,driver_arrival,58.3861999,26.7193158,1213.0,2545.4,345.0
417,rider_pickup_presence,58.3861999,26.7193158,1323.76,2545.4,345.0
417,trip_completion,58.3677822,26.6933893,1558.0,2545.4,345.0
417,rider_dropoff_presence,58.3677822,26.6933893,1566.06,2545.4,345.0
418,driver_arrival,58.3675566,26.6937425,1221.0,2286.2,581.0
418,rider_pickup_presence,58.3675566,26.6937425,1320.81,2286.2,581.0
418,trip_completion,58.3668412,26.7329197,1802.0,2286.2,581.0
418,rider_dropoff_presence,58.3668412,26.7329197,1813.19,2286.2,581.0
419,driver_arrival,58.3656514,26.7651758,1233.0,1359.5,257.0
419,rider_pickup_presence,58.3656514,26.7651758,1244.59,1359.5,257.0
419,trip_completion,58.3775298,26.7706987,1490.0,1359.5,257.0
419,rider_dropoff_presence,58.3775298,26.7706987,1578.66,1359.5,257.0
42,driver_arrival,58.3721975,26.7789454,131.0,4062.5,652.0
42,rider_pickup_presence,58.3721975,26.7789454,228.41,4062.5,652.0
42,trip_completion,58.3726881,26.709282,783.0,4062.5,652.0
42,rider_dropoff_presence,58.3726881,26.709282,849.76,4062.5,652.0
420,driver_arrival,58.3756328,26.6955635,1233.0,850.6,106.0
420,rider_pickup_presence,58.3756328,26.6955635,1303.38,850.6,106.0
420,trip_completion,58.3789828,26.7086794,1339.0,850.6,106.0
420,rider_dropoff_presence,58.3789828,26.7086794,1406.39,850.6,106.0
421,driver_arrival,58.376649,26.6823135,1242.0,1659.8,229.0
421,rider_pickup_presence,58.376649,26.6823135,1281.56,1659.8,229.0
421,trip_completion,58.3853216,26.7054869,1471.0,1659.8,229.0
421,rider_dropoff_presence,58.3853216,26.7054869,1485.67,1659.8,229.0
422,driver_arrival,58.3800262,26.761093,1243.0,4893.5,887.0
422,rider_pickup_presence,58.3800262,26.761093,1285.43,4893.5,887.0
422,trip_completion,58.3676551,26.6805515,2130.0,4893.5,887.0
422,rider_dropoff_presence,58.3676551,26.6805515,2209.84,4893.5,887.0
423,driver_arrival,58.3790908,26.7227182,1243.0,2549.3,842.0
423,rider_pickup_presence,58.3790908,26.7227182,1333.03,2549.3,842.0
423,trip_completion,58.3721287,26.7643766,2085.0,2549.3,842.0
423,rider_dropoff_presence,58.3721287,26.7643766,2189.17,2549.3,842.0
424,driver_arrival,58.3646863,26.7415161,1249.0,1285.4,300.0
424,rider_pickup_presence,58.3646863,26.7415161,1335.53,1285.4,300.0
424,trip_completion,58.3724053,26.7579248,1549.0,1285.4,300.0
424,rider_dropoff_presence,58.3724053,26.7579248,1665.21,1285.4,300.0
425,driver_arrival,58.3752697,26.6924286,1250.0,1141.1,228.0
425,rider_pickup_presence,58.3752697,26.6924286,1322.05,1141.1,228.0
425,trip_completion,58.3771504,26.7116692,1478.0,1141.1,228.0
425,rider_dropoff_presence,58.3771504,26.7116692,1520.2,1141.1,228.0
426,driver_arrival,58.3679579,26.7401149,1251.0,740.5,251.0
426,rider_pickup_presence,58.3679579,26.7401149,1320.35,740.5,251.0
426,trip_completion,58.3722973,26.7497468,1502.0,740.5,251.0
426,rider_dropoff_presence,58.3722973,26.7497468,1527.53,740.5,251.0
427,driver_arrival,58.3811844,26.7520294,1256.0,4233.6,807.0
427,rider_pickup_presence,58.3811844,26.7520294,1334.81,4233.6,807.0
427,trip_completion,58.3656142,26.6857719,2063.0,4233.6,807.0
427,rider_dropoff_presence,58.3656142,26.6857719,2089.91,4233.6,807.0
428,driver_arrival,58.3746263,26.7621917,1263.0,518.9,406.0
428,rider_pickup_presence,58.3746263,26.7621917,1275.99,518.9,406.0
428,trip_completion,58.3705558,26.7665444,1669.0,518.9,406.0
428,rider_dropoff_presence,58.3705558,26.7665444,1770.44,518.9,406.0
429,driver_arrival,58.3661403,26.724152,1267.0,439.9,86.0
429,rider_pickup_presence,58.3661403,26.724152,1311.11,439.9,86.0
429,trip_completion,58.3685284,26.7181375,1353.0,439.9,86.0
429,rider_dropoff_presence,58.3685284,26.7181375,1444.51,439.9,86.0
43,driver_arrival,58.3753646,26.7152447,138.0,1446.3,510.0
43,rider_pickup_presence,58.3753646,26.7152447,206.89,1446.3,510.0
43,trip_completion,58.3843775,26.7331325,648.0,1446.3,510.0
43,rider_dropoff_presence,58.3843775,26.7331325,744.87,1446.3,510.0
430,driver_arrival,58.3755354,26.7113533,1271.0,1941.5,581.0
430,rider_pickup_presence,58.3755354,26.7113533,1372.42,1941.5,581.0
430,trip_completion,58.3789571,26.7440078,1852.0,1941.5,581.0
430,rider_dropoff_presence,58.3789571,26.7440078,1968.95,1941.5,581.0
431,driver_arrival,58.3694285,26.7736628,1273.0,1376.6,441.0
431,rider_pickup_presence,58.3694285,26.7736628,1371.21,1376.6,441.0
431,trip_completion,58.3772677,26.7553896,1714.0,1376.6,441.0
431,rider_dropoff_presence,58.3772677,26.7553896,1787.63,1376.6,441.0
432,driver_arrival,58.3647365,26.705636,1273.0,738.2,130.0
432,rider_pickup_presence,58.3647365,26.705636,1350.12,738.2,130.0
432,trip_completion,58.3712768,26.7034651,1403.0,738.2,130.0
432,rider_dropoff_presence,58.3712768,26.7034651,1406.15,738.2,130.0
433,driver_arrival,58.3735684,26.7007535,1275.0,1397.5,226.0
433,rider_pickup_presence,58.3735684,26.7007535,1386.49,1397.5,226.0
433,trip_completion,58.3860976,26.6988638,1501.0,1397.5,226.0
433,rider_dropoff_presence,58.3860976,26.6988638,1600.54,1397.5,226.0
434,driver_arrival,58.3850606,26.7127845,1278.0,2262.0,505.0
434,rider_pickup_presence,58.3850606,26.7127845,1310.09,2262.0,505.0
434,trip_completion,58.3768257,26.7482653,1783.0,2262.0,505.0
434,rider_dropoff_presence,58.3768257,26.7482653,1804.65,2262.0,505.0
435,driver_arrival,58.37121,26.7236749,1280.0,2333.7,648.0
435,rider_pickup_presence,58.37121,26.7236749,1364.32,2333.7,648.0
435,trip_completion,58.3777659,26.6856531,1928.0,2333.7,648.0
435,rider_dropoff_presence,58.3777659,26.6856531,1965.08,2333.7,648.0
436,driver_arrival,58.3664479,26.7682441,1282.0,5081.3,1039.0
436,rider_pickup_presence,58.3664479,26.7682441,1322.78,5081.3,1039.0
436,trip_completion,58.3771743,26.6835382,2321.0,5081.3,1039.0
436,rider_dropoff_presence,58.3771743,26.6835382,2321.73,5081.3,1039.0
437,driver_arrival,58.3714474,26.7742878,1285.0,1533.9,452.0
437,rider_pickup_presence,58.3714474,26.7742878,1389.38,1533.9,452.0
437,trip_completion,58.377215,26.7503898,1737.0,1533.9,452.0
437,rider_dropoff_presence,58.377215,26.7503898,1804.96,1533.9,452.0
438,driver_arrival,58.3692774,26.728173,1287.0,1895.2,288.0
438,rider_pickup_presence,58.3692774,26.728173,1335.09,1895.2,288.0
438,trip_completion,58.3760528,26.6983486,1575.0,1895.2,288.0
438,rider_dropoff_presence,58.3760528,26.6983486,1592.02,1895.2,288.0
439,driver_arrival,58.3621949,26.7396971,1292.0,1793.1,380.0
439,rider_pickup_presence,58.3621949,26.7396971,1367.98,1793.1,380.0
439,trip_completion,58.3676515,26.7686287,1672.0,1793.1,380.0
439,rider_dropoff_presence,58.3676515,26.7686287,1675.68,1793.1,380.0
44,driver_arrival,58.3681276,26.6827069,156.0,740.8,108.0
44,rider_pickup_presence,58.3681276,26.6827069,245.53,740.8,108.0
44,trip_completion,58.3616807,26.6859109,264.0,740.8,108.0
44,rider_dropoff_presence,58.3616807,26.6859109,289.82,740.8,108.0
440,driver_arrival,58.3734246,26.7335409,1293.0,2055.7,896.0
440,rider_pickup_presence,58.3734246,26.7335409,1343.38,2055.7,896.0
440,trip_completion,58.3648192,26.7023419,2189.0,2055.7,896.0
440,rider_dropoff_presence,58.3648192,26.7023419,2229.91,2055.7,896.0
441,driver_arrival,58.3737375,26.7628814,1295.0,3262.2,568.0
441,rider_pickup_presence,58.3737375,26.7628814,1339.41,3262.2,568.0
441,trip_completion,58.3833429,26.7100099,1863.0,3262.2,568.0
441,rider_dropoff_presence,58.3833429,26.7100099,1949.59,3262.2,568.0
442,driver_arrival,58.3743079,26.752856,1301.0,301.5,214.0
442,rider_pickup_presence,58.3743079,26.752856,1394.22,301.5,214.0
442,trip_completion,58.3756831,26.7483986,1515.0,301.5,214.0
442,rider_dropoff_presence,58.3756831,26.7483986,1583.11,301.5,214.0
443,driver_arrival,58.3663751,26.721629,1321.0,1659.4,460.0
443,rider_pickup_presence,58.3663751,26.721629,1331.19,1659.4,460.0
443,trip_completion,58.3812432,26.7240829,1781.0,1659.4,460.0
443,rider_dropoff_presence,58.3812432,26.7240829,1787.31,1659.4,460.0
444,driver_arrival,58.375139,26.7150696,1317.0,1753.3,217.0
444,rider_pickup_presence,58.375139,26.7150696,1335.89,1753.3,217.0
444,trip_completion,58.3602224,26.7248136,1534.0,1753.3,217.0
444,rider_dropoff_presence,58.3602224,26.7248136,1608.14,1753.3,217.0
445,driver_arrival,58.3794685,26.7126238,1317.0,300.9,54.0
445,rider_pickup_presence,58.3794685,26.7126238,1397.88,300.9,54.0
445,trip_completion,58.3771522,26.7152917,1371.0,300.9,54.0
445,rider_dropoff_presence,58.3771522,26.7152917,1403.65,300.9,54.0
446,driver_arrival,58.3686066,26.7094582,1318.0,1004.3,327.0
446,rider_pickup_presence,58.3686066,26.7094582,1397.43,1004.3,327.0
446,trip_completion,58.3743514,26.7227472,1645.0,1004.3,327.0
446,rider_dropoff_presence,58.3743514,26.7227472,1703.28,1004.3,327.0
447,driver_arrival,58.372896,26.6998112,1320.0,735.0,135.0
447,rider_pickup_presence,58.372896,26.6998112,1373.05,735.0,135.0
447,trip_completion,58.37446,26.7120579,1455.0,735.0,135.0
447,rider_dropoff_presence,58.37446,26.7120579,1487.78,735.0,135.0
448,driver_arrival,58.3816421,26.6946714,1323.0,3450.4,662.0
448,rider_pickup_presence,58.3816421,26.6946714,1413.59,3450.4,662.0
448,trip_completion,58.3720001,26.7509227,1985.0,3450.4,662.0
448,rider_dropoff_presence,58.3720001,26.7509227,1998.66,3450.4,662.0
449,driver_arrival,58.3815483,26.7497757,1324.0,1750.9,170.0
449,rider_pickup_presence,58.3815483,26.7497757,1375.59,1750.9,170.0
449,trip_completion,58.3692105,26.7311169,1494.0,1750.9,170.0
449,rider_dropoff_presence,58.3692105,26.7311169,1527.99,1750.9,170.0
45,driver_arrival,58.3753637,26.7793862,156.0,1491.6,216.0
45,rider_pickup_presence,58.3753637,26.7793862,237.42,1491.6,216.0
45,trip_completion,58.3758226,26.753819,372.0,1491.6,216.0
45,rider_dropoff_presence,58.3758226,26.753819,430.4,1491.6,216.0
450,driver_arrival,58.3633626,26.7303064,1329.0,1839.3,295.0
450,rider_pickup_presence,58.3633626,26.7303064,1409.06,1839.3,295.0
450,trip_completion,58.3737513,26.754849,1624.0,1839.3,295.0
450,rider_dropoff_presence,58.3737513,26.754849,1629.45,1839.3,295.0
451,driver_arrival,58.382127,26.7397128,1330.0,2757.8,775.0
451,rider_pickup_presence,58.382127,26.7397128,1377.43,2757.8,775.0
451,trip_completion,58.365113,26.7052999,2105.0,2757.8,775.0
451,rider_dropoff_presence,58.365113,26.7052999,2176.92,2757.8,775.0
452,driver_arrival,58.3780433,26.7034374,1330.0,2418.0,306.0
452,rider_pickup_presence,58.3780433,26.7034374,1330.92,2418.0,306.0
452,trip_completion,58.3669186,26.7390677,1636.0,2418.0,306.0
452,rider_dropoff_presence,58.3669186,26.7390677,1672.17,2418.0,306.0
453,driver_arrival,58.3726728,26.7126524,1334.0,1955.4,606.0
453,rider_pickup_presence,58.3726728,26.7126524,1359.35,1955.4,606.0
453,trip_completion,58.3900743,26.7174867,1940.0,1955.4,606.0
453,rider_dropoff_presence,58.3900743,26.7174867,1956.47,1955.4,606.0
454,driver_arrival,58.3857581,26.6942674,1348.0,3509.2,891.0
454,rider_pickup_presence,58.3857581,26.6942674,1378.66,3509.2,891.0
454,trip_completion,58.3837695,26.7543509,2239.0,3509.2,891.0
454,rider_dropoff_presence,58.3837695,26.7543509,2278.37,3509.2,891.0
455,driver_arrival,58.3814038,26.7364337,1348.0,525.5,135.0
455,rider_pickup_presence,58.3814038,26.7364337,1348.93,525.5,135.0
455,trip_completion,58.3792516,26.7444583,1483.0,525.5,135.0
455,rider_dropoff_presence,58.3792516,26.7444583,1572.64,525.5,135.0
456,driver_arrival,58.3884657,26.7597878,1349.0,2711.5,806.0
456,rider_pickup_presence,58.3884657,26.7597878,1370.08,2711.5,806.0
456,trip_completion,58.3794008,26.7166044,2155.0,2711.5,806.0
456,rider_dropoff_presence,58.3794008,26.7166044,2200.62,2711.5,806.0
457,driver_arrival,58.3663751,26.721629,1353.0,1358.6,203.0
457,rider_pickup_presence,58.3663751,26.721629,1437.44,1358.6,203.0
457,trip_completion,58.3648202,26.7447349,1556.0,1358.6,203.0
457,rider_dropoff_presence,58.3648202,26.7447349,1616.03,1358.6,203.0
458,driver_arrival,58.3854535,26.7284187,1354.0,2481.6,851.0
458,rider_pickup_presence,58.3854535,26.7284187,1454.0,2481.6,851.0
458,trip_completion,58.3698199,26.6980427,2205.0,2481.6,851.0
458,rider_dropoff_presence,58.3698199,26.6980427,2301.74,2481.6,851.0
459,driver_arrival,58.3659609,26.7409869,1355.0,4373.6,780.0
459,rider_pickup_presence,58.3659609,26.7409869,1363.65,4373.6,780.0
459,trip_completion,58.3880904,26.6789704,2135.0,4373.6,780.0
459,rider_dropoff_presence,58.3880904,26.6789704,2238.41,4373.6,780.0
46,driver_arrival,58.3704437,26.7733575,159.0,3168.5,562.0
46,rider_pickup_presence,58.3704437,26.7733575,164.08,3168.5,562.0
46,trip_completion,58.3677855,26.7192606,721.0,3168.5,562.0
46,rider_dropoff_presence,58.3677855,26.7192606,723.25,3168.5,562.0
460,driver_arrival,58.378753,26.7148225,1360.0,3684.0,752.0
460,rider_pickup_presence,58.378753,26.7148225,1470.54,3684.0,752.0
460,trip_completion,58.3734788,26.7772035,2112.0,3684.0,752.0
460,rider_dropoff_presence,58.3734788,26.7772035,2215.45,3684.0,752.0
461,driver_arrival,58.3722887,26.681584,1363.0,3125.6,842.0
461,rider_pickup_presence,58.3722887,26.681584,1432.09,3125.6,842.0
461,trip_completion,58.3682912,26.7346386,2205.0,3125.6,842.0
461,rider_dropoff_presence,58.3682912,26.7346386,2273.81,3125.6,842.0
462,driver_arrival,58.3737375,26.7628814,1365.0,2125.5,321.0
462,rider_pickup_presence,58.3737375,26.7628814,1450.14,2125.5,321.0
462,trip_completion,58.3706045,26.726923,1686.0,2125.5,321.0
462,rider_dropoff_presence,58.3706045,26.726923,1736.12,2125.5,321.0
463,driver_arrival,58.3778041,26.6835637,1365.0,5415.6,1365.0
463,rider_pickup_presence,58.3778041,26.6835637,1378.82,5415.6,1365.0
463,trip_completion,58.3730809,26.7760099,2730.0,5415.6,1365.0
463,rider_dropoff_presence,58.3730809,26.7760099,2732.5,5415.6,1365.0
464,driver_arrival,58.3716955,26.7175269,1366.0,1901.2,418.0
464,rider_pickup_presence,58.3716955,26.7175269,1404.97,1901.2,418.0
464,trip_completion,58.3885261,26.7232686,1784.0,1901.2,418.0
464,rider_dropoff_presence,58.3885261,26.7232686,1880.16,1901.2,418.0
465,driver_arrival,58.3709965,26.6816722,1367.0,2540.4,447.0
465,rider_pickup_presence,58.3709965,26.6816722,1441.18,2540.4,447.0
465,trip_completion,58.382575,26.7192353,1814.0,2540.4,447.0
465,rider_dropoff_presence,58.382575,26.7192353,1913.84,2540.4,447.0
466,driver_arrival,58.3801478,26.7065979,1369.0,1484.2,335.0
466,rider_pickup_presence,58.3801478,26.7065979,1479.37,1484.2,335.0
466,trip_completion,58.3847648,26.7304868,1704.0,1484.2,335.0
466,rider_dropoff_presence,58.3847648,26.7304868,1714.58,1484.2,335.0
467,driver_arrival,58.3839679,26.7014075,1371.0,488.1,219.0
467,rider_pickup_presence,58.3839679,26.7014075,1472.34,488.1,219.0
467,trip_completion,58.387231,26.7070084,1590.0,488.1,219.0
467,rider_dropoff_presence,58.387231,26.7070084,1619.2,488.1,219.0
468,driver_arrival,58.3677053,26.6803469,1376.0,1369.3,190.0
468,rider_pickup_presence,58.3677053,26.6803469,1446.66,1369.3,190.0
468,trip_completion,58.3640124,26.7027448,1566.0,1369.3,190.0
468,rider_dropoff_presence,58.3640124,26.7027448,1628.88,1369.3,190.0
469,driver_arrival,58.3770103,26.7328601,1380.0,327.7,139.0
469,rider_pickup_presence,58.3770103,26.7328601,1427.49,327.7,139.0
469,trip_completion,58.3797135,26.7306234,1519.0,327.7,139.0
469,rider_dropoff_presence,58.3797135,26.7306234,1556.23,327.7,139.0
47,driver_arrival,58.3705308,26.7273231,161.0,1693.9,616.0
47,rider_pickup_presence,58.3705308,26.7273231,201.74,1693.9,616.0
47,trip_completion,58.3851308,26.7356162,777.0,1693.9,616.0
47,rider_dropoff_presence,58.3851308,26.7356162,816.97,1693.9,616.0
470,driver_arrival,58.3682093,26.7576351,1384.0,1348.3,391.0
470,rider_pickup_presence,58.3682093,26.7576351,1404.18,1348.3,391.0
470,trip_completion,58.3739182,26.7780346,1775.0,1348.3,391.0
470,rider_dropoff_presence,58.3739182,26.7780346,1836.26,1348.3,391.0
471,driver_arrival,58.3717958,26.7690865,1384.0,773.4,276.0
471,rider_pickup_presence,58.3717958,26.7690865,1397.68,773.4,276.0
471,trip_completion,58.3734295,26.7561941,1660.0,773.4,276.0
471,rider_dropoff_presence,58.3734295,26.7561941,1721.19,773.4,276.0
472,driver_arrival,58.3659428,26.7362545,1388.0,3274.3,647.0
472,rider_pickup_presence,58.3659428,26.7362545,1496.71,3274.3,647.0
472,trip_completion,58.3724524,26.6814961,2035.0,3274.3,647.0
472,rider_dropoff_presence,58.3724524,26.6814961,2076.93,3274.3,647.0
473,driver_arrival,58.3766313,26.6816809,1391.0,2305.7,313.0
473,rider_pickup_presence,58.3766313,26.6816809,1478.29,2305.7,313.0
473,trip_completion,58.3774266,26.7211983,1704.0,2305.7,313.0
473,rider_dropoff_presence,58.3774266,26.7211983,1802.27,2305.7,313.0
474,driver_arrival,58.3600507,26.7168187,1393.0,3623.2,1390.0
474,rider_pickup_presence,58.3600507,26.7168187,1490.8,3623.2,1390.0
474,trip_completion,58.3735501,26.7733639,2783.0,3623.2,1390.0
474,rider_dropoff_presence,58.3735501,26.7733639,2811.35,3623.2,1390.0
475,driver_arrival,58.3889526,26.71254,1400.0,2020.0,318.0
475,rider_pickup_presence,58.3889526,26.71254,1417.57,2020.0,318.0
475,trip_completion,58.3801886,26.7428947,1718.0,2020.0,318.0
475,rider_dropoff_presence,58.3801886,26.7428947,1741.67,2020.0,318.0
476,driver_arrival,58.3766704,26.7615451,1404.0,1394.0,250.0
476,rider_pickup_presence,58.3766704,26.7615451,1476.29,1394.0,250.0
476,trip_completion,58.3832664,26.7412113,1654.0,1394.0,250.0
476,rider_dropoff_presence,58.3832664,26.7412113,1745.23,1394.0,250.0
477,driver_arrival,58.3704672,26.6986302,1405.0,1625.1,302.0
477,rider_pickup_presence,58.3704672,26.6986302,1483.66,1625.1,302.0
477,trip_completion,58.3824328,26.7146345,1707.0,1625.1,302.0
477,rider_dropoff_presence,58.3824328,26.7146345,1728.26,1625.1,302.0
478,driver_arrival,58.369356,26.6877939,1410.0,4706.1,1089.0
478,rider_pickup_presence,58.369356,26.6877939,1502.74,4706.1,1089.0
478,trip_completion,58.3664527,26.7683017,2499.0,4706.1,1089.0
478,rider_dropoff_presence,58.3664527,26.7683017,2558.29,4706.1,1089.0
479,driver_arrival,58.3888088,26.7373574,1414.0,3186.8,507.0
479,rider_pickup_presence,58.3888088,26.7373574,1504.53,3186.8,507.0
479,trip_completion,58.3603733,26.7305335,1921.0,3186.8,507.0
479,rider_dropoff_presence,58.3603733,26.7305335,2012.19,3186.8,507.0
48,driver_arrival,58.3691742,26.6871345,173.0,2003.9,287.0
48,rider_pickup_presence,58.3691742,26.6871345,226.87,2003.9,287.0
48,trip_completion,58.3574726,26.7132642,460.0,2003.9,287.0
48,rider_dropoff_presence,58.3574726,26.7132642,570.9,2003.9,287.0
480,driver_arrival,58.3853876,26.7133651,1415.0,2975.8,503.0
480,rider_pickup_presence,58.3853876,26.7133651,1482.74,2975.8,503.0
480,trip_completion,58.3795398,26.7631807,1918.0,2975.8,503.0
480,rider_dropoff_presence,58.3795398,26.7631807,1994.24,2975.8,503.0
481,driver_arrival,58.3812509,26.7041991,1424.0,1632.4,265.0
481,rider_pickup_presence,58.3812509,26.7041991,1498.94,1632.4,265.0
481,trip_completion,58.3667163,26.7002599,1689.0,1632.4,265.0
481,rider_dropoff_presence,58.3667163,26.7002599,1792.71,1632.4,265.0
482,driver_arrival,58.3833315,26.7188477,1427.0,1283.2,266.0
482,rider_pickup_presence,58.3833315,26.7188477,1502.27,1283.2,266.0
482,trip_completion,58.3885073,26.7385251,1693.0,1283.2,266.0
482,rider_dropoff_presence,58.3885073,26.7385251,1711.11,1283.2,266.0
483,driver_arrival,58.382718,26.6931221,1427.0,2297.0,417.0
483,rider_pickup_presence,58.382718,26.6931221,1435.19,2297.0,417.0
483,trip_completion,58.3684352,26.721584,1844.0,2297.0,417.0
483,rider_dropoff_presence,58.3684352,26.721584,1897.06,2297.0,417.0
484,driver_arrival,58.3800104,26.7531835,1431.0,1249.4,159.0
484,rider_pickup_presence,58.3800104,26.7531835,1467.34,1249.4,159.0
484,trip_completion,58.3820271,26.7320995,1590.0,1249.4,159.0
484,rider_dropoff_presence,58.3820271,26.7320995,1622.96,1249.4,159.0
485,driver_arrival,58.3886576,26.6946326,1431.0,2387.4,308.0
485,rider_pickup_presence,58.3886576,26.6946326,1437.74,2387.4,308.0
485,trip_completion,58.3702145,26.715598,1739.0,2387.4,308.0
485,rider_dropoff_presence,58.3702145,26.715598,1799.88,2387.4,308.0
486,driver_arrival,58.386091,26.7142417,1435.0,2831.3,517.0
486,rider_pickup_presence,58.386091,26.7142417,1472.25,2831.3,517.0
486,trip_completion,58.3609005,26.7213245,1952.0,2831.3,517.0
486,rider_dropoff_presence,58.3609005,26.7213245,2006.23,2831.3,517.0
487,driver_arrival,58.366759,26.7262065,1444.0,1890.7,317.0
487,rider_pickup_presence,58.366759,26.7262065,1450.83,1890.7,317.0
487,trip_completion,58.3734478,26.756015,1761.0,1890.7,317.0
487,rider_dropoff_presence,58.3734478,26.756015,1860.8,1890.7,317.0
488,driver_arrival,58.3664505,26.7620623,1451.0,1816.6,198.0
488,rider_pickup_presence,58.3664505,26.7620623,1460.21,1816.6,198.0
488,trip_completion,58.378702,26.7414537,1649.0,1816.6,198.0
488,rider_dropoff_presence,58.378702,26.7414537,1752.71,1816.6,198.0
489,driver_arrival,58.360997,26.7135777,1455.0,1936.2,722.0
489,rider_pickup_presence,58.360997,26.7135777,1557.64,1936.2,722.0
489,trip_completion,58.3764013,26.729056,2177.0,1936.2,722.0
489,rider_dropoff_presence,58.3764013,26.729056,2250.8,1936.2,722.0
49,driver_arrival,58.3682919,26.7328533,178.0,1333.5,251.0
49,rider_pickup_presence,58.3682919,26.7328533,238.85,1333.5,251.0
49,trip_completion,58.3739142,26.7530524,429.0,1333.5,251.0
49,rider_dropoff_presence,58.3739142,26.7530524,484.53,1333.5,251.0
490,driver_arrival,58.3767857,26.6837965,1458.0,1559.8,220.0
490,rider_pickup_presence,58.3767857,26.6837965,1524.52,1559.8,220.0
490,trip_completion,58.3651027,26.698602,1678.0,1559.8,220.0
490,rider_dropoff_presence,58.3651027,26.698602,1773.02,1559.8,220.0
491,driver_arrival,58.3763057,26.7471287,1459.0,3168.5,749.0
491,rider_pickup_presence,58.3763057,26.7471287,1566.51,3168.5,749.0
491,trip_completion,58.3836863,26.6946333,2208.0,3168.5,749.0
491,rider_dropoff_presence,58.3836863,26.6946333,2261.97,3168.5,749.0
492,driver_arrival,58.373481,26.7080243,1459.0,430.3,44.0
492,rider_pickup_presence,58.373481,26.7080243,1556.18,430.3,44.0
492,trip_completion,58.375159,26.7146739,1503.0,430.3,44.0
492,rider_dropoff_presence,58.375159,26.7146739,1581.22,430.3,44.0
493,driver_arrival,58.3782058,26.7763897,1463.0,3639.8,398.0
493,rider_pickup_presence,58.3782058,26.7763897,1501.58,3639.8,398.0
493,trip_completion,58.3835992,26.7148061,1861.0,3639.8,398.0
493,rider_dropoff_presence,58.3835992,26.7148061,1918.08,3639.8,398.0
494,driver_arrival,58.371636,26.7662226,1464.0,4792.9,900.0
494,rider_pickup_presence,58.371636,26.7662226,1482.1,4792.9,900.0
494,trip_completion,58.3617042,26.686251,2364.0,4792.9,900.0
494,rider_dropoff_presence,58.3617042,26.686251,2371.42,4792.9,900.0
495,driver_arrival,58.3785497,26.7625037,1466.0,2453.9,372.0
495,rider_pickup_presence,58.3785497,26.7625037,1478.42,2453.9,372.0
495,trip_completion,58.3677043,26.7258525,1838.0,2453.9,372.0
495,rider_dropoff_presence,58.3677043,26.7258525,1945.9,2453.9,372.0
496,driver_arrival,58.3758354,26.7777148,1469.0,2693.6,547.0
496,rider_pickup_presence,58.3758354,26.7777148,1510.21,2693.6,547.0
496,trip_completion,58.3727513,26.7318934,2016.0,2693.6,547.0
496,rider_dropoff_presence,58.3727513,26.7318934,2101.72,2693.6,547.0
497,driver_arrival,58.3689403,26.729734,1471.0,1898.4,481.0
497,rider_pickup_presence,58.3689403,26.729734,1531.55,1898.4,481.0
497,trip_completion,58.3794089,26.7040151,1952.0,1898.4,481.0
497,rider_dropoff_presence,58.3794089,26.7040151,1972.71,1898.4,481.0
498,driver_arrival,58.3672328,26.7214771,1475.0,2459.0,568.0
498,rider_pickup_presence,58.3672328,26.7214771,1504.73,2459.0,568.0
498,trip_completion,58.372636,26.6805863,2043.0,2459.0,568.0
498,rider_dropoff_presence,58.372636,26.6805863,2095.53,2459.0,568.0
499,driver_arrival,58.3866021,26.7084502,1480.0,4618.6,762.0
499,rider_pickup_presence,58.3866021,26.7084502,1532.73,4618.6,762.0
499,trip_completion,58.3610001,26.7708256,2242.0,4618.6,762.0
499,rider_dropoff_presence,58.3610001,26.7708256,2304.73,4618.6,762.0
5,driver_arrival,58.3851679,26.7132959,29.0,2147.0,426.0
5,rider_pickup_presence,58.3851679,26.7132959,48.05,2147.0,426.0
5,trip_completion,58.3658643,26.7124915,455.0,2147.0,426.0
5,rider_dropoff_presence,58.3658643,26.7124915,499.74,2147.0,426.0
50,driver_arrival,58.3725533,26.7587672,184.0,478.9,216.0
50,rider_pickup_presence,58.3725533,26.7587672,217.95,478.9,216.0
50,trip_completion,58.37614,26.7633132,400.0,478.9,216.0
50,rider_dropoff_presence,58.37614,26.7633132,449.05,478.9,216.0
500,driver_arrival,58.3603669,26.7322694,1481.0,3308.7,829.0
500,rider_pickup_presence,58.3603669,26.7322694,1521.6,3308.7,829.0
500,trip_completion,58.372636,26.680583,2310.0,3308.7,829.0
500,rider_dropoff_presence,58.372636,26.680583,2381.75,3308.7,829.0
501,driver_arrival,58.3864943,26.7149997,1484.0,3395.7,686.0
501,rider_pickup_presence,58.3864943,26.7149997,1578.71,3395.7,686.0
501,trip_completion,58.3711268,26.7653334,2170.0,3395.7,686.0
501,rider_dropoff_presence,58.3711268,26.7653334,2247.68,3395.7,686.0
502,driver_arrival,58.3827025,26.737417,1487.0,3594.2,904.0
502,rider_pickup_presence,58.3827025,26.737417,1494.91,3594.2,904.0
502,trip_completion,58.3680755,26.6824461,2391.0,3594.2,904.0
502,rider_dropoff_presence,58.3680755,26.6824461,2402.34,3594.2,904.0
503,driver_arrival,58.3658276,26.7214364,1488.0,689.3,121.0
503,rider_pickup_presence,58.3658276,26.7214364,1569.41,689.3,121.0
503,trip_completion,58.360024,26.7255912,1609.0,689.3,121.0
503,rider_dropoff_presence,58.360024,26.7255912,1643.1,689.3,121.0
504,driver_arrival,58.3864409,26.6986144,1491.0,3481.5,408.0
504,rider_pickup_presence,58.3864409,26.6986144,1577.85,3481.5,408.0
504,trip_completion,58.3619884,26.7359067,1899.0,3481.5,408.0
504,rider_dropoff_presence,58.3619884,26.7359067,1977.79,3481.5,408.0
505,driver_arrival,58.3740684,26.7064586,1491.0,3580.0,1062.0
505,rider_pickup_presence,58.3740684,26.7064586,1599.76,3580.0,1062.0
505,trip_completion,58.3731323,26.767831,2553.0,3580.0,1062.0
505,rider_dropoff_presence,58.3731323,26.767831,2657.79,3580.0,1062.0
506,driver_arrival,58.3754843,26.7613494,1497.0,3139.6,532.0
506,rider_pickup_presence,58.3754843,26.7613494,1537.0,3139.6,532.0
506,trip_completion,58.3685223,26.7091688,2029.0,3139.6,532.0
506,rider_dropoff_presence,58.3685223,26.7091688,2098.93,3139.6,532.0
507,driver_arrival,58.3761628,26.6924382,1497.0,524.9,117.0
507,rider_pickup_presence,58.3761628,26.6924382,1513.97,524.9,117.0
507,trip_completion,58.3772545,26.6836801,1614.0,524.9,117.0
507,rider_dropoff_presence,58.3772545,26.6836801,1655.98,524.9,117.0
508,driver_arrival,58.372446,26.6847104,1501.0,1785.9,248.0
508,rider_pickup_presence,58.372446,26.6847104,1617.12,1785.9,248.0
508,trip_completion,58.3756067,26.7147405,1749.0,1785.9,248.0
508,rider_dropoff_presence,58.3756067,26.7147405,1832.82,1785.9,248.0
509,driver_arrival,58.3708996,26.7791255,1507.0,3600.2,733.0
509,rider_pickup_presence,58.3708996,26.7791255,1554.03,3600.2,733.0
509,trip_completion,58.3843363,26.7229426,2240.0,3600.2,733.0
509,rider_dropoff_presence,58.3843363,26.7229426,2311.4,3600.2,733.0
51,driver_arrival,58.3750228,26.7054589,188.0,2369.4,322.0
51,rider_pickup_presence,58.3750228,26.7054589,300.56,2369.4,322.0
51,trip_completion,58.3639246,26.7401434,510.0,2369.4,322.0
51,rider_dropoff_presence,58.3639246,26.7401434,547.15,2369.4,322.0
510,driver_arrival,58.3741015,26.7629033,1523.0,1109.0,492.0
510,rider_pickup_presence,58.3741015,26.7629033,1568.2,1109.0,492.0
510,trip_completion,58.3644213,26.7674822,2015.0,1109.0,492.0
510,rider_dropoff_presence,58.3644213,26.7674822,2110.0,1109.0,492.0
511,driver_arrival,58.3790504,26.6994255,1528.0,941.6,98.0
511,rider_pickup_presence,58.3790504,26.6994255,1625.58,941.6,98.0
511,trip_completion,58.3746452,26.7132182,1626.0,941.6,98.0
511,rider_dropoff_presence,58.3746452,26.7132182,1706.41,941.6,98.0
512,driver_arrival,58.372446,26.7699803,1529.0,2882.0,616.0
512,rider_pickup_presence,58.372446,26.7699803,1628.48,2882.0,616.0
512,trip_completion,58.3596453,26.727011,2145.0,2882.0,616.0
512,rider_dropoff_presence,58.3596453,26.727011,2233.65,2882.0,616.0
513,driver_arrival,58.3786268,26.7236096,1532.0,3013.1,505.0
513,rider_pickup_presence,58.3786268,26.7236096,1614.25,3013.1,505.0
513,trip_completion,58.3711806,26.7732982,2037.0,3013.1,505.0
513,rider_dropoff_presence,58.3711806,26.7732982,2100.17,3013.1,505.0
514,driver_arrival,58.3723098,26.7793069,1537.0,3577.3,774.0
514,rider_pickup_presence,58.3723098,26.7793069,1614.52,3577.3,774.0
514,trip_completion,58.3807072,26.7200778,2311.0,3577.3,774.0
514,rider_dropoff_presence,58.3807072,26.7200778,2361.81,3577.3,774.0
515,driver_arrival,58.376998,26.7599579,1540.0,2274.0,216.0
515,rider_pickup_presence,58.376998,26.7599579,1583.42,2274.0,216.0
515,trip_completion,58.366759,26.7261992,1756.0,2274.0,216.0
515,rider_dropoff_presence,58.366759,26.7261992,1799.51,2274.0,216.0
516,driver_arrival,58.3757583,26.6979624,1542.0,4756.0,1083.0
516,rider_pickup_presence,58.3757583,26.6979624,1563.63,4756.0,1083.0
516,trip_completion,58.3711357,26.7790515,2625.0,4756.0,1083.0
516,rider_dropoff_presence,58.3711357,26.7790515,2650.7,4756.0,1083.0
517,driver_arrival,58.37691,26.7458053,1542.0,1872.7,484.0
517,rider_pickup_presence,58.37691,26.7458053,1655.72,1872.7,484.0
517,trip_completion,58.3847158,26.7173396,2026.0,1872.7,484.0
517,rider_dropoff_presence,58.3847158,26.7173396,2084.35,1872.7,484.0
518,driver_arrival,58.3804147,26.7784065,1556.0,5034.2,814.0
518,rider_pickup_presence,58.3804147,26.7784065,1583.19,5034.2,814.0
518,trip_completion,58.3715772,26.6937234,2370.0,5034.2,814.0
518,rider_dropoff_presence,58.3715772,26.6937234,2386.51,5034.2,814.0
519,driver_arrival,58.3710457,26.6803928,1566.0,1669.1,234.0
519,rider_pickup_presence,58.3710457,26.6803928,1575.26,1669.1,234.0
519,trip_completion,58.3832676,26.6970145,1800.0,1669.1,234.0
519,rider_dropoff_presence,58.3832676,26.6970145,1901.33,1669.1,234.0
52,driver_arrival,58.3633717,26.7300905,191.0,2567.2,637.0
52,rider_pickup_presence,58.3633717,26.7300905,203.14,2567.2,637.0
52,trip_completion,58.367176,26.7735073,828.0,2567.2,637.0
52,rider_dropoff_presence,58.367176,26.7735073,920.5,2567.2,637.0
520,driver_arrival,58.3756776,26.7483953,1567.0,2479.8,421.0
520,rider_pickup_presence,58.3756776,26.7483953,1667.21,2479.8,421.0
520,trip_completion,58.387133,26.711897,1988.0,2479.8,421.0
520,rider_dropoff_presence,58.387133,26.711897,2094.04,2479.8,421.0
521,driver_arrival,58.3795902,26.7607326,1569.0,3001.9,576.0
521,rider_pickup_presence,58.3795902,26.7607326,1573.53,3001.9,576.0
521,trip_completion,58.3736796,26.7104938,2145.0,3001.9,576.0
521,rider_dropoff_presence,58.3736796,26.7104938,2185.41,3001.9,576.0
522,driver_arrival,58.3646352,26.6870571,1570.0,2869.6,1004.0
522,rider_pickup_presence,58.3646352,26.6870571,1661.96,2869.6,1004.0
522,trip_completion,58.3812749,26.7246735,2574.0,2869.6,1004.0
522,rider_dropoff_presence,58.3812749,26.7246735,2589.73,2869.6,1004.0
523,driver_arrival,58.3645608,26.6869732,1570.0,4171.8,817.0
523,rider_pickup_presence,58.3645608,26.6869732,1615.21,4171.8,817.0
523,trip_completion,58.3751028,26.7556304,2387.0,4171.8,817.0
523,rider_dropoff_presence,58.3751028,26.7556304,2406.47,4171.8,817.0
524,driver_arrival,58.3756862,26.6955596,1577.0,1281.4,223.0
524,rider_pickup_presence,58.3756862,26.6955596,1676.76,1281.4,223.0
524,trip_completion,58.3865808,26.7027243,1800.0,1281.4,223.0
524,rider_dropoff_presence,58.3865808,26.7027243,1892.53,1281.4,223.0
525,driver_arrival,58.3728825,26.759102,1586.0,769.7,227.0
525,rider_pickup_presence,58.3728825,26.759102,1683.09,769.7,227.0
525,trip_completion,58.3765679,26.7479285,1813.0,769.7,227.0
525,rider_dropoff_presence,58.3765679,26.7479285,1832.86,769.7,227.0
526,driver_arrival,58.3842863,26.7435127,1591.0,828.4,171.0
526,rider_pickup_presence,58.3842863,26.7435127,1643.52,828.4,171.0
526,trip_completion,58.3842892,26.7293008,1762.0,828.4,171.0
526,rider_dropoff_presence,58.3842892,26.7293008,1811.3,828.4,171.0
527,driver_arrival,58.3674618,26.7256434,1592.0,361.9,50.0
527,rider_pickup_presence,58.3674618,26.7256434,1673.16,361.9,50.0
527,trip_completion,58.3689288,26.731183,1642.0,361.9,50.0
527,rider_dropoff_presence,58.3689288,26.731183,1670.5,361.9,50.0
528,driver_arrival,58.3665205,26.7086177,1593.0,1023.8,178.0
528,rider_pickup_presence,58.3665205,26.7086177,1646.3,1023.8,178.0
528,trip_completion,58.3757036,26.7099009,1771.0,1023.8,178.0
528,rider_dropoff_presence,58.3757036,26.7099009,1805.19,1023.8,178.0
529,driver_arrival,58.3778038,26.6836203,1598.0,5623.6,844.0
529,rider_pickup_presence,58.3778038,26.6836203,1687.82,5623.6,844.0
529,trip_completion,58.3747518,26.7798989,2442.0,5623.6,844.0
529,rider_dropoff_presence,58.3747518,26.7798989,2495.87,5623.6,844.0
53,driver_arrival,58.3633367,26.7259109,193.0,2788.0,468.0
53,rider_pickup_presence,58.3633367,26.7259109,257.08,2788.0,468.0
53,trip_completion,58.3872458,26.7115099,661.0,2788.0,468.0
53,rider_dropoff_presence,58.3872458,26.7115099,698.14,2788.0,468.0
530,driver_arrival,58.3780968,26.716433,1604.0,3431.8,704.0
530,rider_pickup_presence,58.3780968,26.716433,1701.03,3431.8,704.0
530,trip_completion,58.3705526,26.7735045,2308.0,3431.8,704.0
530,rider_dropoff_presence,58.3705526,26.7735045,2364.28,3431.8,704.0
531,driver_arrival,58.3753199,26.6934611,1608.0,895.3,202.0
531,rider_pickup_presence,58.3753199,26.6934611,1708.21,895.3,202.0
531,trip_completion,58.3833394,26.6920965,1810.0,895.3,202.0
531,rider_dropoff_presence,58.3833394,26.6920965,1854.14,895.3,202.0
532,driver_arrival,58.3785002,26.7335282,1610.0,1009.7,271.0
532,rider_pickup_presence,58.3785002,26.7335282,1723.66,1009.7,271.0
532,trip_completion,58.3875728,26.7342649,1881.0,1009.7,271.0
532,rider_dropoff_presence,58.3875728,26.7342649,1999.13,1009.7,271.0
533,driver_arrival,58.3733821,26.7786335,1612.0,5638.6,1136.0
533,rider_pickup_presence,58.3733821,26.7786335,1667.4,5638.6,1136.0
533,trip_completion,58.3784293,26.6824036,2748.0,5638.6,1136.0
533,rider_dropoff_presence,58.3784293,26.6824036,2781.81,5638.6,1136.0
534,driver_arrival,58.3752971,26.7050212,1612.0,3145.8,746.0
534,rider_pickup_presence,58.3752971,26.7050212,1657.82,3145.8,746.0
534,trip_completion,58.3724068,26.7586897,2358.0,3145.8,746.0
534,rider_dropoff_presence,58.3724068,26.7586897,2421.3,3145.8,746.0
535,driver_arrival,58.3815957,26.7500264,1614.0,1844.8,794.0
535,rider_pickup_presence,58.3815957,26.7500264,1729.95,1844.8,794.0
535,trip_completion,58.3715106,26.7751506,2408.0,1844.8,794.0
535,rider_dropoff_presence,58.3715106,26.7751506,2506.03,1844.8,794.0
536,driver_arrival,58.3846537,26.7387238,1616.0,3159.2,554.0
536,rider_pickup_presence,58.3846537,26.7387238,1712.15,3159.2,554.0
536,trip_completion,58.3717602,26.6904367,2170.0,3159.2,554.0
536,rider_dropoff_presence,58.3717602,26.6904367,2186.61,3159.2,554.0
537,driver_arrival,58.3622529,26.7328454,1619.0,2142.8,580.0
537,rider_pickup_presence,58.3622529,26.7328454,1649.0,2142.8,580.0
537,trip_completion,58.3670862,26.7684106,2199.0,2142.8,580.0
537,rider_dropoff_presence,58.3670862,26.7684106,2275.94,2142.8,580.0
538,driver_arrival,58.3871578,26.700972,1619.0,2121.7,305.0
538,rider_pickup_presence,58.3871578,26.700972,1723.89,2121.7,305.0
538,trip_completion,58.376602,26.7312914,1924.0,2121.7,305.0
538,rider_dropoff_presence,58.376602,26.7312914,1990.54,2121.7,305.0
539,driver_arrival,58.3737907,26.7076436,1621.0,536.8,93.0
539,rider_pickup_presence,58.3737907,26.7076436,1633.31,536.8,93.0
539,trip_completion,58.3775452,26.7018565,1714.0,536.8,93.0
539,rider_dropoff_presence,58.3775452,26.7018565,1815.51,536.8,93.0
54,driver_arrival,58.3868863,26.7229245,196.0,3276.0,708.0
54,rider_pickup_presence,58.3868863,26.7229245,298.14,3276.0,708.0
54,trip_completion,58.3605451,26.6977581,904.0,3276.0,708.0
54,rider_dropoff_presence,58.3605451,26.6977581,938.21,3276.0,708.0
540,driver_arrival,58.3849623,26.7263948,1621.0,1681.6,200.0
540,rider_pickup_presence,58.3849623,26.7263948,1712.57,1681.6,200.0
540,trip_completion,58.3865419,26.6977033,1821.0,1681.6,200.0
540,rider_dropoff_presence,58.3865419,26.6977033,1853.73,1681.6,200.0
541,driver_arrival,58.3742578,26.6839417,1627.0,1667.9,186.0
541,rider_pickup_presence,58.3742578,26.6839417,1735.64,1667.9,186.0
541,trip_completion,58.373753,26.7125313,1813.0,1667.9,186.0
541,rider_dropoff_presence,58.373753,26.7125313,1830.68,1667.9,186.0
542,driver_arrival,58.3746023,26.7130963,1628.0,1551.3,319.0
542,rider_pickup_presence,58.3746023,26.7130963,1680.5,1551.3,319.0
542,trip_completion,58.3858206,26.7289156,1947.0,1551.3,319.0
542,rider_dropoff_presence,58.3858206,26.7289156,2060.57,1551.3,319.0
543,driver_arrival,58.387463,26.6887463,1635.0,3785.1,367.0
543,rider_pickup_presence,58.387463,26.6887463,1661.64,3785.1,367.0
543,trip_completion,58.3643056,26.7363288,2002.0,3785.1,367.0
543,rider_dropoff_presence,58.3643056,26.7363288,2056.14,3785.1,367.0
544,driver_arrival,58.3725013,26.6866495,1636.0,526.1,115.0
544,rider_pickup_presence,58.3725013,26.6866495,1677.95,526.1,115.0
544,trip_completion,58.3681808,26.6829734,1751.0,526.1,115.0
544,rider_dropoff_presence,58.3681808,26.6829734,1754.2,526.1,115.0
545,driver_arrival,58.3680184,26.7182501,1637.0,2670.7,466.0
545,rider_pickup_presence,58.3680184,26.7182501,1643.39,2670.7,466.0
545,trip_completion,58.3886105,26.694671,2103.0,2670.7,466.0
545,rider_dropoff_presence,58.3886105,26.694671,2163.24,2670.7,466.0
546,driver_arrival,58.369841,26.7674296,1640.0,2615.3,449.0
546,rider_pickup_presence,58.369841,26.7674296,1668.29,2615.3,449.0
546,trip_completion,58.3695879,26.7225836,2089.0,2615.3,449.0
546,rider_dropoff_presence,58.3695879,26.7225836,2208.34,2615.3,449.0
547,driver_arrival,58.375449,26.7766112,1643.0,5202.2,1022.0
547,rider_pickup_presence,58.375449,26.7766112,1687.99,5202.2,1022.0
547,trip_completion,58.3653806,26.6894905,2665.0,5202.2,1022.0
547,rider_dropoff_presence,58.3653806,26.6894905,2668.38,5202.2,1022.0
548,driver_arrival,58.383122,26.738045,1644.0,2654.7,802.0
548,rider_pickup_presence,58.383122,26.738045,1755.7,2654.7,802.0
548,trip_completion,58.3679812,26.7028411,2446.0,2654.7,802.0
548,rider_dropoff_presence,58.3679812,26.7028411,2546.7,2654.7,802.0
55,driver_arrival,58.3771529,26.7697673,197.0,4343.5,639.0
55,rider_pickup_presence,58.3771529,26.7697673,275.0,4343.5,639.0
55,trip_completion,58.354959,26.7084804,836.0,4343.5,639.0
55,rider_dropoff_presence,58.354959,26.7084804,930.97,4343.5,639.0
550,driver_arrival,58.3728122,26.7810992,1651.0,5050.9,628.0
550,rider_pickup_presence,58.3728122,26.7810992,1667.51,5050.9,628.0
550,trip_completion,58.3897375,26.7006954,2279.0,5050.9,628.0
550,rider_dropoff_presence,58.3897375,26.7006954,2313.43,5050.9,628.0
551,driver_arrival,58.387158,26.7233201,1652.0,2478.9,476.0
551,rider_pickup_presence,58.387158,26.7233201,1751.57,2478.9,476.0
551,trip_completion,58.3743171,26.6885596,2128.0,2478.9,476.0
551,rider_dropoff_presence,58.3743171,26.6885596,2211.53,2478.9,476.0
552,driver_arrival,58.3745912,26.7662939,1657.0,296.2,199.0
552,rider_pickup_presence,58.3745912,26.7662939,1673.66,296.2,199.0
552,trip_completion,58.3771182,26.7646868,1856.0,296.2,199.0
552,rider_dropoff_presence,58.3771182,26.7646868,1940.66,296.2,199.0
553,driver_arrival,58.3747686,26.7301083,1658.0,1436.0,568.0
553,rider_pickup_presence,58.3747686,26.7301083,1711.83,1436.0,568.0
553,trip_completion,58.3828136,26.7108405,2226.0,1436.0,568.0
553,rider_dropoff_presence,58.3828136,26.7108405,2226.63,1436.0,568.0
554,driver_arrival,58.3771078,26.7679599,1661.0,3872.1,707.0
554,rider_pickup_presence,58.3771078,26.7679599,1670.51,3872.1,707.0
554,trip_completion,58.3641351,26.7063385,2368.0,3872.1,707.0
554,rider_dropoff_presence,58.3641351,26.7063385,2398.71,3872.1,707.0
555,driver_arrival,58.3735767,26.6902489,1661.0,4416.3,1244.0
555,rider_pickup_presence,58.3735767,26.6902489,1761.2,4416.3,1244.0
555,trip_completion,58.3720837,26.7659339,2905.0,4416.3,1244.0
555,rider_dropoff_presence,58.3720837,26.7659339,2970.86,4416.3,1244.0
556,driver_arrival,58.3752115,26.7474192,1667.0,2081.6,319.0
556,rider_pickup_presence,58.3752115,26.7474192,1754.27,2081.6,319.0
556,trip_completion,58.3870021,26.7196829,1986.0,2081.6,319.0
556,rider_dropoff_presence,58.3870021,26.7196829,2049.33,2081.6,319.0
557,driver_arrival,58.3624663,26.70421,1670.0,1092.5,157.0
557,rider_pickup_presence,58.3624663,26.70421,1683.34,1092.5,157.0
557,trip_completion,58.3707046,26.7144182,1827.0,1092.5,157.0
557,rider_dropoff_presence,58.3707046,26.7144182,1861.57,1092.5,157.0
558,driver_arrival,58.3779013,26.7321965,1678.0,1973.5,1062.0
558,rider_pickup_presence,58.3779013,26.7321965,1714.14,1973.5,1062.0
558,trip_completion,58.373927,26.7651846,2740.0,1973.5,1062.0
558,rider_dropoff_presence,58.373927,26.7651846,2745.73,1973.5,1062.0
559,driver_arrival,58.382734,26.7574651,1679.0,1166.1,325.0
559,rider_pickup_presence,58.382734,26.7574651,1729.38,1166.1,325.0
559,trip_completion,58.3735185,26.7479193,2004.0,1166.1,325.0
559,rider_dropoff_presence,58.3735185,26.7479193,2099.27,1166.1,325.0
56,driver_arrival,58.3642515,26.6839956,198.0,3292.7,772.0
56,rider_pickup_presence,58.3642515,26.6839956,252.85,3292.7,772.0
56,trip_completion,58.3785221,26.7334732,970.0,3292.7,772.0
56,rider_dropoff_presence,58.3785221,26.7334732,983.3,3292.7,772.0
560,driver_arrival,58.3739358,26.7123962,1680.0,807.9,132.0
560,rider_pickup_presence,58.3739358,26.7123962,1788.62,807.9,132.0
560,trip_completion,58.3783478,26.7013876,1812.0,807.9,132.0
560,rider_dropoff_presence,58.3783478,26.7013876,1883.61,807.9,132.0
561,driver_arrival,58.366777,26.7284136,1681.0,1605.6,526.0
561,rider_pickup_presence,58.366777,26.7284136,1682.97,1605.6,526.0
561,trip_completion,58.3658941,26.7009338,2207.0,1605.6,526.0
561,rider_dropoff_presence,58.3658941,26.7009338,2268.85,1605.6,526.0
562,driver_arrival,58.3683027,26.7137913,1689.0,2170.3,503.0
562,rider_pickup_presence,58.3683027,26.7137913,1718.03,2170.3,503.0
562,trip_completion,58.3849677,26.6944133,2192.0,2170.3,503.0
562,rider_dropoff_presence,58.3849677,26.6944133,2209.23,2170.3,503.0
563,driver_arrival,58.3734063,26.7747426,1700.0,1980.1,570.0
563,rider_pickup_presence,58.3734063,26.7747426,1751.51,1980.1,570.0
563,trip_completion,58.3792041,26.7426311,2270.0,1980.1,570.0
563,rider_dropoff_presence,58.3792041,26.7426311,2343.78,1980.1,570.0
564,driver_arrival,58.365833,26.7402901,1700.0,474.5,84.0
564,rider_pickup_presence,58.365833,26.7402901,1728.87,474.5,84.0
564,trip_completion,58.3682952,26.7469355,1784.0,474.5,84.0
564,rider_dropoff_presence,58.3682952,26.7469355,1833.99,474.5,84.0
565,driver_arrival,58.3751097,26.7285188,1703.0,2670.5,615.0
565,rider_pickup_presence,58.3751097,26.7285188,1782.72,2670.5,615.0
565,trip_completion,58.36707,26.7716735,2318.0,2670.5,615.0
565,rider_dropoff_presence,58.36707,26.7716735,2328.27,2670.5,615.0
566,driver_arrival,58.3720643,26.7391102,1710.0,2864.6,864.0
566,rider_pickup_presence,58.3720643,26.7391102,1826.96,2864.6,864.0
566,trip_completion,58.364775,26.6919955,2574.0,2864.6,864.0
566,rider_dropoff_presence,58.364775,26.6919955,2582.12,2864.6,864.0
567,driver_arrival,58.3740488,26.7540911,1712.0,1286.5,168.0
567,rider_pickup_presence,58.3740488,26.7540911,1775.13,1286.5,168.0
567,trip_completion,58.3700506,26.7333874,1880.0,1286.5,168.0
567,rider_dropoff_presence,58.3700506,26.7333874,1940.88,1286.5,168.0
568,driver_arrival,58.3781235,26.7048284,1723.0,3294.2,719.0
568,rider_pickup_presence,58.3781235,26.7048284,1841.6,3294.2,719.0
568,trip_completion,58.3725896,26.7603336,2442.0,3294.2,719.0
568,rider_dropoff_presence,58.3725896,26.7603336,2508.5,3294.2,719.0
569,driver_arrival,58.3625405,26.7736716,1724.0,5139.6,1126.0
569,rider_pickup_presence,58.3625405,26.7736716,1770.85,5139.6,1126.0
569,trip_completion,58.3720985,26.6874462,2850.0,5139.6,1126.0
569,rider_dropoff_presence,58.3720985,26.6874462,2906.42,5139.6,1126.0
57,driver_arrival,58.3649919,26.6883789,198.0,1191.0,178.0
57,rider_pickup_presence,58.3649919,26.6883789,274.28,1191.0,178.0
57,trip_completion,58.3664855,26.7085999,376.0,1191.0,178.0
57,rider_dropoff_presence,58.3664855,26.7085999,493.72,1191.0,178.0
570,driver_arrival,58.3766048,26.7029537,1726.0,3279.3,670.0
570,rider_pickup_presence,58.3766048,26.7029537,1756.44,3279.3,670.0
570,trip_completion,58.3740199,26.7589807,2396.0,3279.3,670.0
570,rider_dropoff_presence,58.3740199,26.7589807,2397.95,3279.3,670.0
571,driver_arrival,58.3867075,26.7340056,1728.0,1688.2,218.0
571,rider_pickup_presence,58.3867075,26.7340056,1822.62,1688.2,218.0
571,trip_completion,58.3789171,26.7588625,1946.0,1688.2,218.0
571,rider_dropoff_presence,58.3789171,26.7588625,1987.38,1688.2,218.0
572,driver_arrival,58.37521,26.6932462,1729.0,1608.1,241.0
572,rider_pickup_presence,58.37521,26.6932462,1816.95,1608.1,241.0
572,trip_completion,58.3772991,26.7205386,1970.0,1608.1,241.0
572,rider_dropoff_presence,58.3772991,26.7205386,2045.39,1608.1,241.0
573,driver_arrival,58.3713725,26.7662862,1734.0,3504.0,491.0
573,rider_pickup_presence,58.3713725,26.7662862,1826.58,3504.0,491.0
573,trip_completion,58.3898504,26.7175967,2225.0,3504.0,491.0
573,rider_dropoff_presence,58.3898504,26.7175967,2313.22,3504.0,491.0
574,driver_arrival,58.3848651,26.72319,1735.0,1519.0,454.0
574,rider_pickup_presence,58.3848651,26.72319,1774.9,1519.0,454.0
574,trip_completion,58.3712251,26.721741,2189.0,1519.0,454.0
574,rider_dropoff_presence,58.3712251,26.721741,2194.32,1519.0,454.0
575,driver_arrival,58.3734114,26.7526823,1737.0,1360.5,467.0
575,rider_pickup_presence,58.3734114,26.7526823,1802.52,1360.5,467.0
575,trip_completion,58.3730941,26.7760069,2204.0,1360.5,467.0
575,rider_dropoff_presence,58.3730941,26.7760069,2301.62,1360.5,467.0
576,driver_arrival,58.3744769,26.7252253,1739.0,2087.6,340.0
576,rider_pickup_presence,58.3744769,26.7252253,1760.01,2087.6,340.0
576,trip_completion,58.3826556,26.7574577,2079.0,2087.6,340.0
576,rider_dropoff_presence,58.3826556,26.7574577,2172.5,2087.6,340.0
577,driver_arrival,58.3847216,26.75038,1743.0,4259.1,831.0
577,rider_pickup_presence,58.3847216,26.75038,1798.75,4259.1,831.0
577,trip_completion,58.3612904,26.6925984,2574.0,4259.1,831.0
577,rider_dropoff_presence,58.3612904,26.6925984,2657.45,4259.1,831.0
578,driver_arrival,58.376682,26.7297113,1747.0,1304.9,310.0
578,rider_pickup_presence,58.376682,26.7297113,1822.81,1304.9,310.0
578,trip_completion,58.386642,26.7178724,2057.0,1304.9,310.0
578,rider_dropoff_presence,58.386642,26.7178724,2154.38,1304.9,310.0
579,driver_arrival,58.3799343,26.7388375,1749.0,1318.2,261.0
579,rider_pickup_presence,58.3799343,26.7388375,1756.57,1318.2,261.0
579,trip_completion,58.3696105,26.7277242,2010.0,1318.2,261.0
579,rider_dropoff_presence,58.3696105,26.7277242,2103.14,1318.2,261.0
58,driver_arrival,58.3792101,26.7410532,200.0,1980.3,463.0
58,rider_pickup_presence,58.3792101,26.7410532,254.92,1980.3,463.0
58,trip_completion,58.384029,26.7083499,663.0,1980.3,463.0
58,rider_dropoff_presence,58.384029,26.7083499,698.21,1980.3,463.0
580,driver_arrival,58.3774214,26.6872715,1750.0,2400.5,271.0
580,rider_pickup_presence,58.3774214,26.6872715,1755.26,2400.5,271.0
580,trip_completion,58.3607811,26.7134959,2021.0,2400.5,271.0
580,rider_dropoff_presence,58.3607811,26.7134959,2044.94,2400.5,271.0
581,driver_arrival,58.376592,26.7615652,1756.0,800.9,140.0
581,rider_pickup_presence,58.376592,26.7615652,1761.03,800.9,140.0
581,trip_completion,58.3740181,26.7487362,1896.0,800.9,140.0
581,rider_dropoff_presence,58.3740181,26.7487362,2008.0,800.9,140.0
582,driver_arrival,58.3864831,26.7150503,1759.0,1406.9,305.0
582,rider_pickup_presence,58.3864831,26.7150503,1820.85,1406.9,305.0
582,trip_completion,58.3834887,26.6916,2064.0,1406.9,305.0
582,rider_dropoff_presence,58.3834887,26.6916,2182.69,1406.9,305.0
583,driver_arrival,58.3836868,26.7524697,1764.0,1379.6,357.0
583,rider_pickup_presence,58.3836868,26.7524697,1829.16,1379.6,357.0
583,trip_completion,58.3860584,26.7292375,2121.0,1379.6,357.0
583,rider_dropoff_presence,58.3860584,26.7292375,2151.4,1379.6,357.0
584,driver_arrival,58.3751647,26.7146895,1770.0,1301.0,260.0
584,rider_pickup_presence,58.3751647,26.7146895,1860.39,1301.0,260.0
584,trip_completion,58.3867654,26.7175877,2030.0,1301.0,260.0
584,rider_dropoff_presence,58.3867654,26.7175877,2052.93,1301.0,260.0
585,driver_arrival,58.3742749,26.7668362,1772.0,785.3,445.0
585,rider_pickup_presence,58.3742749,26.7668362,1814.84,785.3,445.0
585,trip_completion,58.370815,26.7550957,2217.0,785.3,445.0
585,rider_dropoff_presence,58.370815,26.7550957,2310.7,785.3,445.0
586,driver_arrival,58.378458,26.7046318,1773.0,1905.6,461.0
586,rider_pickup_presence,58.378458,26.7046318,1876.9,1905.6,461.0
586,trip_completion,58.3742277,26.7363044,2234.0,1905.6,461.0
586,rider_dropoff_presence,58.3742277,26.7363044,2273.83,1905.6,461.0
587,driver_arrival,58.3764638,26.7467309,1774.0,1531.0,268.0
587,rider_pickup_presence,58.3764638,26.7467309,1788.94,1531.0,268.0
587,trip_completion,58.3884509,26.7338105,2042.0,1531.0,268.0
587,rider_dropoff_presence,58.3884509,26.7338105,2086.16,1531.0,268.0
588,driver_arrival,58.3741559,26.7118332,1777.0,2376.5,551.0
588,rider_pickup_presence,58.3741559,26.7118332,1883.74,2376.5,551.0
588,trip_completion,58.3815905,26.7500494,2328.0,2376.5,551.0
588,rider_dropoff_presence,58.3815905,26.7500494,2417.2,2376.5,551.0
589,driver_arrival,58.3694501,26.7121106,1778.0,819.0,293.0
589,rider_pickup_presence,58.3694501,26.7121106,1885.36,819.0,293.0
589,trip_completion,58.3704305,26.7260298,2071.0,819.0,293.0
589,rider_dropoff_presence,58.3704305,26.7260298,2117.4,819.0,293.0
59,driver_arrival,58.3760831,26.7320651,202.0,1436.1,314.0
59,rider_pickup_presence,58.3760831,26.7320651,318.85,1436.1,314.0
59,trip_completion,58.3818457,26.7541099,516.0,1436.1,314.0
59,rider_dropoff_presence,58.3818457,26.7541099,575.54,1436.1,314.0
590,driver_arrival,58.3841928,26.723175,1785.0,1071.4,211.0
590,rider_pickup_presence,58.3841928,26.723175,1844.7,1071.4,211.0
590,trip_completion,58.3758817,26.7324726,1996.0,1071.4,211.0
590,rider_dropoff_presence,58.3758817,26.7324726,2106.92,1071.4,211.0
591,driver_arrival,58.3837765,26.6946126,1785.0,2376.4,455.0
591,rider_pickup_presence,58.3837765,26.6946126,1847.31,2376.4,455.0
591,trip_completion,58.387376,26.7347995,2240.0,2376.4,455.0
591,rider_dropoff_presence,58.387376,26.7347995,2336.14,2376.4,455.0
592,driver_arrival,58.3823248,26.72173,1788.0,240.4,45.0
592,rider_pickup_presence,58.3823248,26.72173,1875.25,240.4,45.0
592,trip_completion,58.3830233,26.7178267,1833.0,240.4,45.0
592,rider_dropoff_presence,58.3830233,26.7178267,1842.47,240.4,45.0
593,driver_arrival,58.3715765,26.7784966,1789.0,928.6,239.0
593,rider_pickup_presence,58.3715765,26.7784966,1861.29,928.6,239.0
593,trip_completion,58.3774191,26.7671165,2028.0,928.6,239.0
593,rider_dropoff_presence,58.3774191,26.7671165,2126.68,928.6,239.0
594,driver_arrival,58.3694187,26.7331646,1791.0,2390.3,551.0
594,rider_pickup_presence,58.3694187,26.7331646,1856.46,2390.3,551.0
594,trip_completion,58.3746031,26.6933815,2342.0,2390.3,551.0
594,rider_dropoff_presence,58.3746031,26.6933815,2380.55,2390.3,551.0
595,driver_arrival,58.3818756,26.7401352,1797.0,2566.4,454.0
595,rider_pickup_presence,58.3818756,26.7401352,1806.61,2566.4,454.0
595,trip_completion,58.370224,26.7781315,2251.0,2566.4,454.0
595,rider_dropoff_presence,58.370224,26.7781315,2330.31,2566.4,454.0
596,driver_arrival,58.3738039,26.7715162,1803.0,3286.9,648.0
596,rider_pickup_presence,58.3738039,26.7715162,1839.78,3286.9,648.0
596,trip_completion,58.3864856,26.7205876,2451.0,3286.9,648.0
596,rider_dropoff_presence,58.3864856,26.7205876,2523.31,3286.9,648.0
597,driver_arrival,58.3646488,26.7212786,1804.0,2047.3,393.0
597,rider_pickup_presence,58.3646488,26.7212786,1855.13,2047.3,393.0
597,trip_completion,58.3791694,26.6996927,2197.0,2047.3,393.0
597,rider_dropoff_presence,58.3791694,26.6996927,2279.77,2047.3,393.0
598,driver_arrival,58.3715349,26.7032162,1804.0,1758.7,378.0
598,rider_pickup_presence,58.3715349,26.7032162,1846.19,1758.7,378.0
598,trip_completion,58.3870503,26.7090717,2182.0,1758.7,378.0
598,rider_dropoff_presence,58.3870503,26.7090717,2187.08,1758.7,378.0
599,driver_arrival,58.3814563,26.7564249,1804.0,913.8,184.0
599,rider_pickup_presence,58.3814563,26.7564249,1908.4,913.8,184.0
599,trip_completion,58.383549,26.741266,1988.0,913.8,184.0
599,rider_dropoff_presence,58.383549,26.741266,2030.31,913.8,184.0
6,driver_arrival,58.3831703,26.6920528,30.0,2842.1,280.0
6,rider_pickup_presence,58.3831703,26.6920528,149.78,2842.1,280.0
6,trip_completion,58.3667721,26.7294422,310.0,2842.1,280.0
6,rider_dropoff_presence,58.3667721,26.7294422,342.95,2842.1,280.0
60,driver_arrival,58.377783,26.7291604,204.0,1478.0,258.0
60,rider_pickup_presence,58.377783,26.7291604,321.6,1478.0,258.0
60,trip_completion,58.3883825,26.7138607,462.0,1478.0,258.0
60,rider_dropoff_presence,58.3883825,26.7138607,575.75,1478.0,258.0
600,driver_arrival,58.3865353,26.7083576,1806.0,1807.9,329.0
600,rider_pickup_presence,58.3865353,26.7083576,1815.0,1807.9,329.0
600,trip_completion,58.3729643,26.691278,2135.0,1807.9,329.0
600,rider_dropoff_presence,58.3729643,26.691278,2211.5,1807.9,329.0
601,driver_arrival,58.3693369,26.7214982,1809.0,1307.8,258.0
601,rider_pickup_presence,58.3693369,26.7214982,1852.6,1307.8,258.0
601,trip_completion,58.3810022,26.7186379,2067.0,1307.8,258.0
601,rider_dropoff_presence,58.3810022,26.7186379,2163.13,1307.8,258.0
602,driver_arrival,58.3676817,26.7072134,1816.0,1429.2,238.0
602,rider_pickup_presence,58.3676817,26.7072134,1897.53,1429.2,238.0
602,trip_completion,58.3768579,26.6900514,2054.0,1429.2,238.0
602,rider_dropoff_presence,58.3768579,26.6900514,2168.33,1429.2,238.0
603,driver_arrival,58.382546,26.6986512,1816.0,4217.5,931.0
603,rider_pickup_presence,58.382546,26.6986512,1833.13,4217.5,931.0
603,trip_completion,58.3700837,26.7669715,2747.0,4217.5,931.0
603,rider_dropoff_presence,58.3700837,26.7669715,2819.91,4217.5,931.0
604,driver_arrival,58.3895027,26.7124274,1817.0,3217.7,868.0
604,rider_pickup_presence,58.3895027,26.7124274,1910.76,3217.7,868.0
604,trip_completion,58.3621546,26.7304658,2685.0,3217.7,868.0
604,rider_dropoff_presence,58.3621546,26.7304658,2689.18,3217.7,868.0
605,driver_arrival,58.3851851,26.7132515,1818.0,1925.1,383.0
605,rider_pickup_presence,58.3851851,26.7132515,1826.07,1925.1,383.0
605,trip_completion,58.3681151,26.7187593,2201.0,1925.1,383.0
605,rider_dropoff_presence,58.3681151,26.7187593,2294.42,1925.1,383.0
606,driver_arrival,58.3805137,26.7635152,1820.0,3044.9,511.0
606,rider_pickup_presence,58.3805137,26.7635152,1863.96,3044.9,511.0
606,trip_completion,58.3885433,26.7135738,2331.0,3044.9,511.0
606,rider_dropoff_presence,58.3885433,26.7135738,2376.94,3044.9,511.0
607,driver_arrival,58.3720539,26.6870813,1825.0,2082.2,413.0
607,rider_pickup_presence,58.3720539,26.6870813,1893.07,2082.2,413.0
607,trip_completion,58.3851414,26.7126255,2238.0,2082.2,413.0
607,rider_dropoff_presence,58.3851414,26.7126255,2310.61,2082.2,413.0
608,driver_arrival,58.3808461,26.7093713,1829.0,2771.3,390.0
608,rider_pickup_presence,58.3808461,26.7093713,1910.49,2771.3,390.0
608,trip_completion,58.3614591,26.7392366,2219.0,2771.3,390.0
608,rider_dropoff_presence,58.3614591,26.7392366,2332.86,2771.3,390.0
609,driver_arrival,58.3820681,26.7077576,1830.0,356.1,84.0
609,rider_pickup_presence,58.3820681,26.7077576,1874.64,356.1,84.0
609,trip_completion,58.3788692,26.7080416,1914.0,356.1,84.0
609,rider_dropoff_presence,58.3788692,26.7080416,2005.57,356.1,84.0
61,driver_arrival,58.3769884,26.6835931,205.0,2023.7,201.0
61,rider_pickup_presence,58.3769884,26.6835931,273.87,2023.7,201.0
61,trip_completion,58.3752893,26.7181517,406.0,2023.7,201.0
61,rider_dropoff_presence,58.3752893,26.7181517,469.54,2023.7,201.0
610,driver_arrival,58.3626078,26.7122405,1832.0,2825.5,841.0
610,rider_pickup_presence,58.3626078,26.7122405,1879.76,2825.5,841.0
610,trip_completion,58.38798,26.7149047,2673.0,2825.5,841.0
610,rider_dropoff_presence,58.38798,26.7149047,2750.95,2825.5,841.0
611,driver_arrival,58.3790504,26.6994255,1833.0,2073.6,332.0
611,rider_pickup_presence,58.3790504,26.6994255,1862.95,2073.6,332.0
611,trip_completion,58.3842623,26.733579,2165.0,2073.6,332.0
611,rider_dropoff_presence,58.3842623,26.733579,2178.61,2073.6,332.0
612,driver_arrival,58.3774745,26.7772064,1835.0,3534.7,505.0
612,rider_pickup_presence,58.3774745,26.7772064,1923.28,3534.7,505.0
612,trip_completion,58.3827795,26.7174239,2340.0,3534.7,505.0
612,rider_dropoff_presence,58.3827795,26.7174239,2399.89,3534.7,505.0
613,driver_arrival,58.370191,26.7298353,1839.0,1946.2,566.0
613,rider_pickup_presence,58.370191,26.7298353,1885.44,1946.2,566.0
613,trip_completion,58.3876342,26.7270932,2405.0,1946.2,566.0
613,rider_dropoff_presence,58.3876342,26.7270932,2472.4,1946.2,566.0
614,driver_arrival,58.3816724,26.7213734,1840.0,2726.2,674.0
614,rider_pickup_presence,58.3816724,26.7213734,1871.41,2726.2,674.0
614,trip_completion,58.3605744,26.6975603,2514.0,2726.2,674.0
614,rider_dropoff_presence,58.3605744,26.6975603,2545.23,2726.2,674.0
615,driver_arrival,58.3789839,26.6795386,1846.0,3929.0,856.0
615,rider_pickup_presence,58.3789839,26.6795386,1899.55,3929.0,856.0
615,trip_completion,58.3771046,26.7468345,2702.0,3929.0,856.0
615,rider_dropoff_presence,58.3771046,26.7468345,2821.56,3929.0,856.0
616,driver_arrival,58.3742771,26.72289,2042.0,645.8,143.0
616,rider_pickup_presence,58.3742771,26.72289,2076.27,645.8,143.0
616,trip_completion,58.3785367,26.7153613,2185.0,645.8,143.0
616,rider_dropoff_presence,58.3785367,26.7153613,2294.98,645.8,143.0
617,driver_arrival,58.3738442,26.7782003,1857.0,4602.8,661.0
617,rider_pickup_presence,58.3738442,26.7782003,1915.94,4602.8,661.0
617,trip_completion,58.3735704,26.6992624,2518.0,4602.8,661.0
617,rider_dropoff_presence,58.3735704,26.6992624,2532.72,4602.8,661.0
618,driver_arrival,58.3808789,26.7559278,1857.0,2634.7,396.0
618,rider_pickup_presence,58.3808789,26.7559278,1959.34,2634.7,396.0
618,trip_completion,58.3676435,26.7184474,2253.0,2634.7,396.0
618,rider_dropoff_presence,58.3676435,26.7184474,2307.25,2634.7,396.0
619,driver_arrival,58.3665782,26.7213117,1892.0,1664.6,488.0
619,rider_pickup_presence,58.3665782,26.7213117,1999.84,1664.6,488.0
619,trip_completion,58.3641344,26.6931536,2380.0,1664.6,488.0
619,rider_dropoff_presence,58.3641344,26.6931536,2433.41,1664.6,488.0
62,driver_arrival,58.3684322,26.7217781,229.0,1773.8,425.0
62,rider_pickup_presence,58.3684322,26.7217781,239.53,1773.8,425.0
62,trip_completion,58.3713849,26.691886,654.0,1773.8,425.0
62,rider_dropoff_presence,58.3713849,26.691886,735.83,1773.8,425.0
620,driver_arrival,58.3884929,26.7385726,1865.0,3964.3,1096.0
620,rider_pickup_presence,58.3884929,26.7385726,1966.46,3964.3,1096.0
620,trip_completion,58.3648204,26.6877297,2961.0,3964.3,1096.0
620,rider_dropoff_presence,58.3648204,26.6877297,2999.35,3964.3,1096.0
621,driver_arrival,58.3852771,26.680775,1866.0,874.2,175.0
621,rider_pickup_presence,58.3852771,26.680775,1907.69,874.2,175.0
621,trip_completion,58.3774156,26.6808673,2041.0,874.2,175.0
621,rider_dropoff_presence,58.3774156,26.6808673,2048.79,874.2,175.0
622,driver_arrival,58.3760701,26.7125784,1871.0,1650.5,259.0
622,rider_pickup_presence,58.3760701,26.7125784,1936.06,1650.5,259.0
622,trip_completion,58.3612621,26.7106374,2130.0,1650.5,259.0
622,rider_dropoff_presence,58.3612621,26.7106374,2236.96,1650.5,259.0
623,driver_arrival,58.3875417,26.7158353,1885.0,354.5,119.0
623,rider_pickup_presence,58.3875417,26.7158353,1987.16,354.5,119.0
623,trip_completion,58.3845464,26.7137518,2004.0,354.5,119.0
623,rider_dropoff_presence,58.3845464,26.7137518,2089.42,354.5,119.0
624,driver_arrival,58.386942,26.6970076,1888.0,1336.9,147.0
624,rider_pickup_presence,58.386942,26.6970076,1999.28,1336.9,147.0
624,trip_completion,58.3775489,26.7113234,2035.0,1336.9,147.0
624,rider_dropoff_presence,58.3775489,26.7113234,2111.52,1336.9,147.0
625,driver_arrival,58.3676817,26.7072134,1893.0,1963.9,335.0
625,rider_pickup_presence,58.3676817,26.7072134,1988.24,1963.9,335.0
625,trip_completion,58.3659544,26.7407265,2228.0,1963.9,335.0
625,rider_dropoff_presence,58.3659544,26.7407265,2289.05,1963.9,335.0
626,driver_arrival,58.3831703,26.6920528,1897.0,4580.1,1280.0
626,rider_pickup_presence,58.3831703,26.6920528,1911.56,4580.1,1280.0
626,trip_completion,58.3729442,26.7681538,3177.0,4580.1,1280.0
626,rider_dropoff_presence,58.3729442,26.7681538,3201.12,4580.1,1280.0
627,driver_arrival,58.3802222,26.7782523,1907.0,5291.4,750.0
627,rider_pickup_presence,58.3802222,26.7782523,1923.67,5291.4,750.0
627,trip_completion,58.3647846,26.6924143,2657.0,5291.4,750.0
627,rider_dropoff_presence,58.3647846,26.6924143,2751.84,5291.4,750.0
628,driver_arrival,58.3651728,26.7015762,1908.0,1568.4,391.0
628,rider_pickup_presence,58.3651728,26.7015762,1911.15,1568.4,391.0
628,trip_completion,58.3788662,26.7080258,2299.0,1568.4,391.0
628,rider_dropoff_presence,58.3788662,26.7080258,2365.48,1568.4,391.0
629,driver_arrival,58.3881366,26.7237702,1908.0,729.6,221.0
629,rider_pickup_presence,58.3881366,26.7237702,1952.27,729.6,221.0
629,trip_completion,58.3833799,26.7151473,2129.0,729.6,221.0
629,rider_dropoff_presence,58.3833799,26.7151473,2225.44,729.6,221.0
63,driver_arrival,58.3716042,26.6904656,234.0,1490.8,176.0
63,rider_pickup_presence,58.3716042,26.6904656,300.2,1490.8,176.0
63,trip_completion,58.3849699,26.6924746,410.0,1490.8,176.0
63,rider_dropoff_presence,58.3849699,26.6924746,483.43,1490.8,176.0
630,driver_arrival,58.388107,26.7145819,1921.0,615.7,208.0
630,rider_pickup_presence,58.388107,26.7145819,1931.35,615.7,208.0
630,trip_completion,58.3830401,26.7188412,2129.0,615.7,208.0
630,rider_dropoff_presence,58.3830401,26.7188412,2166.11,615.7,208.0
631,driver_arrival,58.3847938,26.7171852,1921.0,2602.6,477.0
631,rider_pickup_presence,58.3847938,26.7171852,2040.95,2602.6,477.0
631,trip_completion,58.3802012,26.7609637,2398.0,2602.6,477.0
631,rider_dropoff_presence,58.3802012,26.7609637,2484.26,2602.6,477.0
632,driver_arrival,58.3660836,26.7361924,1924.0,2107.6,343.0
632,rider_pickup_presence,58.3660836,26.7361924,1987.08,2107.6,343.0
632,trip_completion,58.361094,26.7710536,2267.0,2107.6,343.0
632,rider_dropoff_presence,58.361094,26.7710536,2359.3,2107.6,343.0
633,driver_arrival,58.3753303,26.695598,1926.0,578.9,92.0
633,rider_pickup_presence,58.3753303,26.695598,2024.8,578.9,92.0
633,trip_completion,58.3709689,26.7010186,2018.0,578.9,92.0
633,rider_dropoff_presence,58.3709689,26.7010186,2026.85,578.9,92.0
634,driver_arrival,58.371948,26.7727216,1930.0,308.5,222.0
634,rider_pickup_presence,58.371948,26.7727216,2046.69,308.5,222.0
634,trip_completion,58.3706169,26.7680802,2152.0,308.5,222.0
634,rider_dropoff_presence,58.3706169,26.7680802,2229.08,308.5,222.0
635,driver_arrival,58.3766727,26.7628831,1932.0,1185.3,243.0
635,rider_pickup_presence,58.3766727,26.7628831,1986.0,1185.3,243.0
635,trip_completion,58.3827428,26.7795971,2175.0,1185.3,243.0
635,rider_dropoff_presence,58.3827428,26.7795971,2256.61,1185.3,243.0
636,driver_arrival,58.3719345,26.7682082,1932.0,3983.5,696.0
636,rider_pickup_presence,58.3719345,26.7682082,1973.34,3983.5,696.0
636,trip_completion,58.3817341,26.7024895,2628.0,3983.5,696.0
636,rider_dropoff_presence,58.3817341,26.7024895,2733.36,3983.5,696.0
637,driver_arrival,58.3601137,26.7158101,1936.0,2230.8,210.0
637,rider_pickup_presence,58.3601137,26.7158101,2029.63,2230.8,210.0
637,trip_completion,58.3677081,26.680409,2146.0,2230.8,210.0
637,rider_dropoff_presence,58.3677081,26.680409,2222.78,2230.8,210.0
638,driver_arrival,58.3779084,26.7556267,1936.0,4578.2,594.0
638,rider_pickup_presence,58.3779084,26.7556267,1957.84,4578.2,594.0
638,trip_completion,58.365501,26.6807635,2530.0,4578.2,594.0
638,rider_dropoff_presence,58.365501,26.6807635,2645.95,4578.2,594.0
639,driver_arrival,58.387744,26.7161791,1939.0,1376.9,699.0
639,rider_pickup_presence,58.387744,26.7161791,1990.91,1376.9,699.0
639,trip_completion,58.3754027,26.7181034,2638.0,1376.9,699.0
639,rider_dropoff_presence,58.3754027,26.7181034,2747.29,1376.9,699.0
64,driver_arrival,58.3660694,26.7470309,235.0,2943.8,521.0
64,rider_pickup_presence,58.3660694,26.7470309,241.65,2943.8,521.0
64,trip_completion,58.3773813,26.7013872,756.0,2943.8,521.0
64,rider_dropoff_presence,58.3773813,26.7013872,770.9,2943.8,521.0
640,driver_arrival,58.3641022,26.6819645,1940.0,3097.1,548.0
640,rider_pickup_presence,58.3641022,26.6819645,1958.36,3097.1,548.0
640,trip_completion,58.3864351,26.7137057,2488.0,3097.1,548.0
640,rider_dropoff_presence,58.3864351,26.7137057,2507.76,3097.1,548.0
641,driver_arrival,58.3853588,26.7349996,1941.0,1222.4,203.0
641,rider_pickup_presence,58.3853588,26.7349996,1979.72,1222.4,203.0
641,trip_completion,58.3862814,26.7141012,2144.0,1222.4,203.0
641,rider_dropoff_presence,58.3862814,26.7141012,2229.12,1222.4,203.0
642,driver_arrival,58.3786605,26.7093125,1942.0,987.8,228.0
642,rider_pickup_presence,58.3786605,26.7093125,1983.52,987.8,228.0
642,trip_completion,58.3874804,26.7072843,2170.0,987.8,228.0
642,rider_dropoff_presence,58.3874804,26.7072843,2282.91,987.8,228.0
643,driver_arrival,58.3602653,26.7131316,1949.0,1025.2,131.0
643,rider_pickup_presence,58.3602653,26.7131316,2056.39,1025.2,131.0
643,trip_completion,58.3608647,26.6955925,2080.0,1025.2,131.0
643,rider_dropoff_presence,58.3608647,26.6955925,2181.51,1025.2,131.0
644,driver_arrival,58.3758028,26.7662891,1951.0,1368.9,680.0
644,rider_pickup_presence,58.3758028,26.7662891,1981.07,1368.9,680.0
644,trip_completion,58.3683567,26.7475934,2631.0,1368.9,680.0
644,rider_dropoff_presence,58.3683567,26.7475934,2707.21,1368.9,680.0
645,driver_arrival,58.3786319,26.7336814,1952.0,1704.7,266.0
645,rider_pickup_presence,58.3786319,26.7336814,2018.1,1704.7,266.0
645,trip_completion,58.3637938,26.7263336,2218.0,1704.7,266.0
645,rider_dropoff_presence,58.3637938,26.7263336,2233.02,1704.7,266.0
646,driver_arrival,58.3810578,26.7220739,1953.0,1887.7,331.0
646,rider_pickup_presence,58.3810578,26.7220739,1989.34,1887.7,331.0
646,trip_completion,58.3775459,26.753754,2284.0,1887.7,331.0
646,rider_dropoff_presence,58.3775459,26.753754,2348.02,1887.7,331.0
647,driver_arrival,58.3757096,26.7064359,1958.0,3092.8,715.0
647,rider_pickup_presence,58.3757096,26.7064359,2018.31,3092.8,715.0
647,trip_completion,58.3796609,26.7589463,2673.0,3092.8,715.0
647,rider_dropoff_presence,58.3796609,26.7589463,2693.24,3092.8,715.0
648,driver_arrival,58.3672236,26.7220217,1959.0,1901.0,389.0
648,rider_pickup_presence,58.3672236,26.7220217,2071.99,1901.0,389.0
648,trip_completion,58.3750113,26.6930009,2348.0,1901.0,389.0
648,rider_dropoff_presence,58.3750113,26.6930009,2366.5,1901.0,389.0
649,driver_arrival,58.3834524,26.7638226,1959.0,2954.0,1431.0
649,rider_pickup_presence,58.3834524,26.7638226,2038.05,2954.0,1431.0
649,trip_completion,58.3785356,26.7140251,3390.0,2954.0,1431.0
649,rider_dropoff_presence,58.3785356,26.7140251,3476.48,2954.0,1431.0
65,driver_arrival,58.3746398,26.7665193,248.0,464.7,683.0
65,rider_pickup_presence,58.3746398,26.7665193,320.62,464.7,683.0
65,trip_completion,58.3741994,26.7585941,931.0,464.7,683.0
65,rider_dropoff_presence,58.3741994,26.7585941,1032.1,464.7,683.0
650,driver_arrival,58.3863799,26.7322246,1961.0,2471.3,340.0
650,rider_pickup_presence,58.3863799,26.7322246,2028.63,2471.3,340.0
650,trip_completion,58.3771077,26.7707523,2301.0,2471.3,340.0
650,rider_dropoff_presence,58.3771077,26.7707523,2400.03,2471.3,340.0
651,driver_arrival,58.3697889,26.6835819,1964.0,1166.5,249.0
651,rider_pickup_presence,58.3697889,26.6835819,1967.4,1166.5,249.0
651,trip_completion,58.3674786,26.7030943,2213.0,1166.5,249.0
651,rider_dropoff_presence,58.3674786,26.7030943,2218.46,1166.5,249.0
652,driver_arrival,58.3836985,26.6975909,1964.0,967.3,152.0
652,rider_pickup_presence,58.3836985,26.6975909,2040.97,967.3,152.0
652,trip_completion,58.3750372,26.6960413,2116.0,967.3,152.0
652,rider_dropoff_presence,58.3750372,26.6960413,2185.21,967.3,152.0
653,driver_arrival,58.387744,26.7161791,1964.0,2989.5,465.0
653,rider_pickup_presence,58.387744,26.7161791,2042.14,2989.5,465.0
653,trip_completion,58.3629877,26.7361736,2429.0,2989.5,465.0
653,rider_dropoff_presence,58.3629877,26.7361736,2521.04,2989.5,465.0
654,driver_arrival,58.3779233,26.7290791,1970.0,507.3,110.0
654,rider_pickup_presence,58.3779233,26.7290791,2019.99,507.3,110.0
654,trip_completion,58.379989,26.7213212,2080.0,507.3,110.0
654,rider_dropoff_presence,58.379989,26.7213212,2156.68,507.3,110.0
655,driver_arrival,58.3707434,26.7732774,1970.0,4632.5,731.0
655,rider_pickup_presence,58.3707434,26.7732774,2029.76,4632.5,731.0
655,trip_completion,58.3790684,26.6954291,2701.0,4632.5,731.0
655,rider_dropoff_presence,58.3790684,26.6954291,2776.26,4632.5,731.0
656,driver_arrival,58.3635893,26.6881289,1972.0,2249.3,258.0
656,rider_pickup_presence,58.3635893,26.6881289,2006.76,2249.3,258.0
656,trip_completion,58.3837525,26.6912313,2230.0,2249.3,258.0
656,rider_dropoff_presence,58.3837525,26.6912313,2344.8,2249.3,258.0
657,driver_arrival,58.3757096,26.7064359,1977.0,1622.3,252.0
657,rider_pickup_presence,58.3757096,26.7064359,2034.95,1622.3,252.0
657,trip_completion,58.3611222,26.7059297,2229.0,1622.3,252.0
657,rider_dropoff_presence,58.3611222,26.7059297,2325.56,1622.3,252.0
658,driver_arrival,58.3688499,26.6986321,1980.0,915.2,260.0
658,rider_pickup_presence,58.3688499,26.6986321,2062.2,915.2,260.0
658,trip_completion,58.3760398,26.7062712,2240.0,915.2,260.0
658,rider_dropoff_presence,58.3760398,26.7062712,2275.69,915.2,260.0
659,driver_arrival,58.3719691,26.6958632,1981.0,3841.8,1187.0
659,rider_pickup_presence,58.3719691,26.6958632,1989.76,3841.8,1187.0
659,trip_completion,58.3754249,26.7614206,3168.0,3841.8,1187.0
659,rider_dropoff_presence,58.3754249,26.7614206,3175.19,3841.8,1187.0
66,driver_arrival,58.3688141,26.7312079,249.0,2379.4,1188.0
66,rider_pickup_presence,58.3688141,26.7312079,301.75,2379.4,1188.0
66,trip_completion,58.3853962,26.7054122,1437.0,2379.4,1188.0
66,rider_dropoff_presence,58.3853962,26.7054122,1495.11,2379.4,1188.0
660,driver_arrival,58.3687134,26.7699548,1983.0,3519.2,739.0
660,rider_pickup_presence,58.3687134,26.7699548,2007.48,3519.2,739.0
660,trip_completion,58.370449,26.7096971,2722.0,3519.2,739.0
660,rider_dropoff_presence,58.370449,26.7096971,2794.8,3519.2,739.0
661,driver_arrival,58.3651446,26.7015451,1985.0,2134.2,381.0
661,rider_pickup_presence,58.3651446,26.7015451,2022.51,2134.2,381.0
661,trip_completion,58.3621234,26.7376801,2366.0,2134.2,381.0
661,rider_dropoff_presence,58.3621234,26.7376801,2452.2,2134.2,381.0
662,driver_arrival,58.3843824,26.7568004,1986.0,2866.6,498.0
662,rider_pickup_presence,58.3843824,26.7568004,2074.1,2866.6,498.0
662,trip_completion,58.389772,26.7087063,2484.0,2866.6,498.0
662,rider_dropoff_presence,58.389772,26.7087063,2587.29,2866.6,498.0
663,driver_arrival,58.368787,26.7098896,1988.0,855.1,193.0
663,rider_pickup_presence,58.368787,26.7098896,2105.04,855.1,193.0
663,trip_completion,58.3637524,26.7209718,2181.0,855.1,193.0
663,rider_dropoff_presence,58.3637524,26.7209718,2196.69,855.1,193.0
664,driver_arrival,58.3661718,26.7748593,1988.0,5291.6,1291.0
664,rider_pickup_presence,58.3661718,26.7748593,2032.46,5291.6,1291.0
664,trip_completion,58.3706896,26.6845302,3279.0,5291.6,1291.0
664,rider_dropoff_presence,58.3706896,26.6845302,3346.4,5291.6,1291.0
665,driver_arrival,58.3817813,26.7566447,1994.0,1091.6,222.0
665,rider_pickup_presence,58.3817813,26.7566447,2032.29,1091.6,222.0
665,trip_completion,58.373679,26.7672175,2216.0,1091.6,222.0
665,rider_dropoff_presence,58.373679,26.7672175,2271.98,1091.6,222.0
666,driver_arrival,58.3695962,26.6981628,1995.0,1695.3,327.0
666,rider_pickup_presence,58.3695962,26.6981628,2027.1,1695.3,327.0
666,trip_completion,58.3706825,26.7271611,2322.0,1695.3,327.0
666,rider_dropoff_presence,58.3706825,26.7271611,2351.75,1695.3,327.0
667,driver_arrival,58.3682593,26.7461907,1996.0,887.1,89.0
667,rider_pickup_presence,58.3682593,26.7461907,2007.62,887.1,89.0
667,trip_completion,58.3614227,26.7383506,2085.0,887.1,89.0
667,rider_dropoff_presence,58.3614227,26.7383506,2119.83,887.1,89.0
668,driver_arrival,58.3683641,26.7059326,1998.0,3527.3,1185.0
668,rider_pickup_presence,58.3683641,26.7059326,2044.1,3527.3,1185.0
668,trip_completion,58.3735434,26.7656107,3183.0,3527.3,1185.0
668,rider_dropoff_presence,58.3735434,26.7656107,3256.85,3527.3,1185.0
669,driver_arrival,58.3820095,26.7479056,1998.0,490.2,90.0
669,rider_pickup_presence,58.3820095,26.7479056,2027.79,490.2,90.0
669,trip_completion,58.3800974,26.740328,2088.0,490.2,90.0
669,rider_dropoff_presence,58.3800974,26.740328,2191.84,490.2,90.0
67,driver_arrival,58.3831931,26.7307586,249.0,1262.6,630.0
67,rider_pickup_presence,58.3831931,26.7307586,268.16,1262.6,630.0
67,trip_completion,58.3754305,26.7149519,879.0,1262.6,630.0
67,rider_dropoff_presence,58.3754305,26.7149519,918.29,1262.6,630.0
670,driver_arrival,58.3690527,26.7254481,1999.0,1462.4,192.0
670,rider_pickup_presence,58.3690527,26.7254481,2068.32,1462.4,192.0
670,trip_completion,58.3751434,26.7476759,2191.0,1462.4,192.0
670,rider_dropoff_presence,58.3751434,26.7476759,2228.53,1462.4,192.0
671,driver_arrival,58.3773439,26.7310208,2000.0,2909.4,619.0
671,rider_pickup_presence,58.3773439,26.7310208,2091.57,2909.4,619.0
671,trip_completion,58.3613192,26.691581,2619.0,2909.4,619.0
671,rider_dropoff_presence,58.3613192,26.691581,2678.79,2909.4,619.0
672,driver_arrival,58.3685391,26.6924956,2006.0,3253.9,975.0
672,rider_pickup_presence,58.3685391,26.6924956,2067.77,3253.9,975.0
672,trip_completion,58.3827408,26.741292,2981.0,3253.9,975.0
672,rider_dropoff_presence,58.3827408,26.741292,3040.85,3253.9,975.0
673,driver_arrival,58.3852771,26.680775,2008.0,5534.7,818.0
673,rider_pickup_presence,58.3852771,26.680775,2045.02,5534.7,818.0
673,trip_completion,58.3681612,26.7699152,2826.0,5534.7,818.0
673,rider_dropoff_presence,58.3681612,26.7699152,2828.78,5534.7,818.0
674,driver_arrival,58.3874471,26.7096233,2009.0,3756.7,808.0
674,rider_pickup_presence,58.3874471,26.7096233,2122.43,3756.7,808.0
674,trip_completion,58.3714742,26.766406,2817.0,3756.7,808.0
674,rider_dropoff_presence,58.3714742,26.766406,2877.65,3756.7,808.0
675,driver_arrival,58.3668233,26.7366017,2015.0,1944.5,243.0
675,rider_pickup_presence,58.3668233,26.7366017,2131.0,1944.5,243.0
675,trip_completion,58.374067,26.7062507,2258.0,1944.5,243.0
675,rider_dropoff_presence,58.374067,26.7062507,2283.82,1944.5,243.0
676,driver_arrival,58.3672447,26.7224785,2016.0,1340.6,356.0
676,rider_pickup_presence,58.3672447,26.7224785,2058.35,1340.6,356.0
676,trip_completion,58.3675376,26.6994982,2372.0,1340.6,356.0
676,rider_dropoff_presence,58.3675376,26.6994982,2378.06,1340.6,356.0
677,driver_arrival,58.38208,26.7590197,2024.0,1644.6,465.0
677,rider_pickup_presence,58.38208,26.7590197,2083.39,1644.6,465.0
677,trip_completion,58.3681833,26.7686741,2489.0,1644.6,465.0
677,rider_dropoff_presence,58.3681833,26.7686741,2594.88,1644.6,465.0
678,driver_arrival,58.3647476,26.6876124,2024.0,730.9,72.0
678,rider_pickup_presence,58.3647476,26.6876124,2102.51,730.9,72.0
678,trip_completion,58.371309,26.6883686,2096.0,730.9,72.0
678,rider_dropoff_presence,58.371309,26.6883686,2152.47,730.9,72.0
679,driver_arrival,58.3754021,26.6969267,2026.0,2190.8,591.0
679,rider_pickup_presence,58.3754021,26.6969267,2090.4,2190.8,591.0
679,trip_completion,58.3807104,26.7331143,2617.0,2190.8,591.0
679,rider_dropoff_presence,58.3807104,26.7331143,2718.66,2190.8,591.0
68,driver_arrival,58.3792097,26.7425575,250.0,1881.1,285.0
68,rider_pickup_presence,58.3792097,26.7425575,301.71,1881.1,285.0
68,trip_completion,58.3699649,26.7695768,535.0,1881.1,285.0
68,rider_dropoff_presence,58.3699649,26.7695768,640.89,1881.1,285.0
680,driver_arrival,58.3786953,26.707112,2026.0,1789.1,217.0
680,rider_pickup_presence,58.3786953,26.707112,2113.3,1789.1,217.0
680,trip_completion,58.3863275,26.6800931,2243.0,1789.1,217.0
680,rider_dropoff_presence,58.3863275,26.6800931,2334.66,1789.1,217.0
681,driver_arrival,58.3696898,26.7735969,2030.0,4334.3,611.0
681,rider_pickup_presence,58.3696898,26.7735969,2073.91,4334.3,611.0
681,trip_completion,58.3879069,26.7078704,2641.0,4334.3,611.0
681,rider_dropoff_presence,58.3879069,26.7078704,2689.07,4334.3,611.0
682,driver_arrival,58.3838301,26.6926048,2028.0,1932.0,225.0
682,rider_pickup_presence,58.3838301,26.6926048,2096.43,1932.0,225.0
682,trip_completion,58.36961,26.7116445,2253.0,1932.0,225.0
682,rider_dropoff_presence,58.36961,26.7116445,2276.36,1932.0,225.0
684,driver_arrival,58.3835939,26.7302068,2033.0,1327.2,921.0
684,rider_pickup_presence,58.3835939,26.7302068,2099.39,1327.2,921.0
684,trip_completion,58.3763475,26.7121168,2954.0,1327.2,921.0
684,rider_dropoff_presence,58.3763475,26.7121168,2962.82,1327.2,921.0
685,driver_arrival,58.3779653,26.7288121,2035.0,683.3,151.0
685,rider_pickup_presence,58.3779653,26.7288121,2095.51,683.3,151.0
685,trip_completion,58.3840191,26.7267955,2186.0,683.3,151.0
685,rider_dropoff_presence,58.3840191,26.7267955,2277.73,683.3,151.0
686,driver_arrival,58.3794226,26.7083735,2047.0,2743.4,454.0
686,rider_pickup_presence,58.3794226,26.7083735,2080.57,2743.4,454.0
686,trip_completion,58.3613138,26.7403266,2501.0,2743.4,454.0
686,rider_dropoff_presence,58.3613138,26.7403266,2619.69,2743.4,454.0
687,driver_arrival,58.3723403,26.7535859,2050.0,3596.3,503.0
687,rider_pickup_presence,58.3723403,26.7535859,2131.65,3596.3,503.0
687,trip_completion,58.3893928,26.7011669,2553.0,3596.3,503.0
687,rider_dropoff_presence,58.3893928,26.7011669,2567.26,3596.3,503.0
688,driver_arrival,58.380216,26.7209731,2061.0,1679.3,315.0
688,rider_pickup_presence,58.380216,26.7209731,2178.01,1679.3,315.0
688,trip_completion,58.3827913,26.6925876,2376.0,1679.3,315.0
688,rider_dropoff_presence,58.3827913,26.6925876,2423.27,1679.3,315.0
689,driver_arrival,58.3879007,26.7150876,2062.0,648.9,214.0
689,rider_pickup_presence,58.3879007,26.7150876,2157.39,648.9,214.0
689,trip_completion,58.3831512,26.7215569,2276.0,648.9,214.0
689,rider_dropoff_presence,58.3831512,26.7215569,2316.69,648.9,214.0
69,driver_arrival,58.3820248,26.7478592,251.0,1033.9,167.0
69,rider_pickup_presence,58.3820248,26.7478592,363.67,1033.9,167.0
69,trip_completion,58.3818192,26.7301274,418.0,1033.9,167.0
69,rider_dropoff_presence,58.3818192,26.7301274,508.6,1033.9,167.0
690,driver_arrival,58.3761292,26.7064068,2062.0,1273.1,255.0
690,rider_pickup_presence,58.3761292,26.7064068,2085.89,1273.1,255.0
690,trip_completion,58.3846294,26.6917757,2317.0,1273.1,255.0
690,rider_dropoff_presence,58.3846294,26.6917757,2378.09,1273.1,255.0
691,driver_arrival,58.3895148,26.6934642,2065.0,3064.7,562.0
691,rider_pickup_presence,58.3895148,26.6934642,2125.01,3064.7,562.0
691,trip_completion,58.3782434,26.7414418,2627.0,3064.7,562.0
691,rider_dropoff_presence,58.3782434,26.7414418,2632.44,3064.7,562.0
692,driver_arrival,58.3858038,26.7136878,2069.0,1741.2,350.0
692,rider_pickup_presence,58.3858038,26.7136878,2085.44,1741.2,350.0
692,trip_completion,58.3809459,26.7420844,2419.0,1741.2,350.0
692,rider_dropoff_presence,58.3809459,26.7420844,2458.96,1741.2,350.0
693,driver_arrival,58.3804446,26.7305078,2073.0,1918.5,731.0
693,rider_pickup_presence,58.3804446,26.7305078,2129.85,1918.5,731.0
693,trip_completion,58.3660619,26.7123355,2804.0,1918.5,731.0
693,rider_dropoff_presence,58.3660619,26.7123355,2858.84,1918.5,731.0
694,driver_arrival,58.3836945,26.6946292,2073.0,1378.6,352.0
694,rider_pickup_presence,58.3836945,26.6946292,2145.75,1378.6,352.0
694,trip_completion,58.3867896,26.7175316,2425.0,1378.6,352.0
694,rider_dropoff_presence,58.3867896,26.7175316,2486.86,1378.6,352.0
695,driver_arrival,58.3721981,26.7589353,2086.0,3338.6,459.0
695,rider_pickup_presence,58.3721981,26.7589353,2125.36,3338.6,459.0
695,trip_completion,58.3873693,26.7095152,2545.0,3338.6,459.0
695,rider_dropoff_presence,58.3873693,26.7095152,2618.57,3338.6,459.0
696,driver_arrival,58.3692529,26.7382925,2087.0,1754.7,837.0
696,rider_pickup_presence,58.3692529,26.7382925,2106.5,1754.7,837.0
696,trip_completion,58.3762682,26.7113365,2924.0,1754.7,837.0
696,rider_dropoff_presence,58.3762682,26.7113365,3042.87,1754.7,837.0
697,driver_arrival,58.370995,26.7690308,2089.0,223.3,173.0
697,rider_pickup_presence,58.370995,26.7690308,2177.72,223.3,173.0
697,trip_completion,58.372193,26.7659566,2262.0,223.3,173.0
697,rider_dropoff_presence,58.372193,26.7659566,2297.91,223.3,173.0
698,driver_arrival,58.3751504,26.6805448,2090.0,2067.0,341.0
698,rider_pickup_presence,58.3751504,26.6805448,2130.36,2067.0,341.0
698,trip_completion,58.3846252,26.7110492,2431.0,2067.0,341.0
698,rider_dropoff_presence,58.3846252,26.7110492,2530.39,2067.0,341.0
699,driver_arrival,58.3815967,26.7469384,2090.0,2367.8,254.0
699,rider_pickup_presence,58.3815967,26.7469384,2153.88,2367.8,254.0
699,trip_completion,58.3634909,26.7255633,2344.0,2367.8,254.0
699,rider_dropoff_presence,58.3634909,26.7255633,2429.05,2367.8,254.0
7,driver_arrival,58.3717951,26.6969632,31.0,1947.2,350.0
7,rider_pickup_presence,58.3717951,26.6969632,66.97,1947.2,350.0
7,trip_completion,58.3879954,26.7096462,381.0,1947.2,350.0
7,rider_dropoff_presence,58.3879954,26.7096462,478.89,1947.2,350.0
70,driver_arrival,58.3775016,26.7755997,252.0,2974.3,360.0
70,rider_pickup_presence,58.3775016,26.7755997,296.2,2974.3,360.0
70,trip_completion,58.3705194,26.726357,612.0,2974.3,360.0
70,rider_dropoff_presence,58.3705194,26.726357,692.86,2974.3,360.0
700,driver_arrival,58.3687591,26.7290328,2092.0,605.9,106.0
700,rider_pickup_presence,58.3687591,26.7290328,2209.59,605.9,106.0
700,trip_completion,58.3723164,26.7369036,2198.0,605.9,106.0
700,rider_dropoff_presence,58.3723164,26.7369036,2268.04,605.9,106.0
701,driver_arrival,58.3669811,26.741363,2094.0,2805.4,413.0
701,rider_pickup_presence,58.3669811,26.741363,2189.61,2805.4,413.0
701,trip_completion,58.3790011,26.6990618,2507.0,2805.4,413.0
701,rider_dropoff_presence,58.3790011,26.6990618,2594.04,2805.4,413.0
702,driver_arrival,58.3833135,26.7310049,2097.0,1680.8,230.0
702,rider_pickup_presence,58.3833135,26.7310049,2179.57,1680.8,230.0
702,trip_completion,58.3682001,26.7314944,2327.0,1680.8,230.0
702,rider_dropoff_presence,58.3682001,26.7314944,2330.2,1680.8,230.0
703,driver_arrival,58.3593002,26.712137,2101.0,2516.9,928.0
703,rider_pickup_presence,58.3593002,26.712137,2157.95,2516.9,928.0
703,trip_completion,58.3812252,26.7228606,3029.0,2516.9,928.0
703,rider_dropoff_presence,58.3812252,26.7228606,3145.05,2516.9,928.0
704,driver_arrival,58.3857672,26.7151602,2102.0,2271.9,478.0
704,rider_pickup_presence,58.3857672,26.7151602,2195.95,2271.9,478.0
704,trip_completion,58.3705112,26.7410807,2580.0,2271.9,478.0
704,rider_dropoff_presence,58.3705112,26.7410807,2673.14,2271.9,478.0
705,driver_arrival,58.3667451,26.7606361,2104.0,2383.6,208.0
705,rider_pickup_presence,58.3667451,26.7606361,2173.32,2383.6,208.0
705,trip_completion,58.3829381,26.7338482,2312.0,2383.6,208.0
705,rider_dropoff_presence,58.3829381,26.7338482,2398.57,2383.6,208.0
706,driver_arrival,58.3818941,26.7239529,2113.0,748.8,189.0
706,rider_pickup_presence,58.3818941,26.7239529,2183.02,748.8,189.0
706,trip_completion,58.3853812,26.7349416,2302.0,748.8,189.0
706,rider_dropoff_presence,58.3853812,26.7349416,2322.46,748.8,189.0
707,driver_arrival,58.3833062,26.6920997,2116.0,3401.7,398.0
707,rider_pickup_presence,58.3833062,26.6920997,2191.48,3401.7,398.0
707,trip_completion,58.3621575,26.7342535,2514.0,3401.7,398.0
707,rider_dropoff_presence,58.3621575,26.7342535,2588.37,3401.7,398.0
708,driver_arrival,58.3885615,26.7081753,2134.0,3953.3,899.0
708,rider_pickup_presence,58.3885615,26.7081753,2234.94,3953.3,899.0
708,trip_completion,58.3704232,26.7664975,3033.0,3953.3,899.0
708,rider_dropoff_presence,58.3704232,26.7664975,3050.73,3953.3,899.0
709,driver_arrival,58.367483,26.7185897,2135.0,773.9,177.0
709,rider_pickup_presence,58.367483,26.7185897,2216.69,773.9,177.0
709,trip_completion,58.3725522,26.7094951,2312.0,773.9,177.0
709,rider_dropoff_presence,58.3725522,26.7094951,2315.79,773.9,177.0
71,driver_arrival,58.3872116,26.7236407,253.0,467.9,118.0
71,rider_pickup_presence,58.3872116,26.7236407,366.78,467.9,118.0
71,trip_completion,58.3848475,26.7169992,371.0,467.9,118.0
71,rider_dropoff_presence,58.3848475,26.7169992,384.19,467.9,118.0
710,driver_arrival,58.378708,26.7151701,2135.0,1001.0,319.0
710,rider_pickup_presence,58.378708,26.7151701,2137.27,1001.0,319.0
710,trip_completion,58.3875174,26.7187066,2454.0,1001.0,319.0
710,rider_dropoff_presence,58.3875174,26.7187066,2491.64,1001.0,319.0
711,driver_arrival,58.3752292,26.7132732,2135.0,1469.7,929.0
711,rider_pickup_presence,58.3752292,26.7132732,2153.17,1469.7,929.0
711,trip_completion,58.3833689,26.7331353,3064.0,1469.7,929.0
711,rider_dropoff_presence,58.3833689,26.7331353,3146.86,1469.7,929.0
712,driver_arrival,58.3846791,26.7557006,2136.0,2209.9,1372.0
712,rider_pickup_presence,58.3846791,26.7557006,2185.25,2209.9,1372.0
712,trip_completion,58.3740014,26.7237291,3508.0,2209.9,1372.0
712,rider_dropoff_presence,58.3740014,26.7237291,3601.0,2209.9,1372.0
713,driver_arrival,58.370741,26.7317249,2136.0,3044.7,690.0
713,rider_pickup_presence,58.370741,26.7317249,2246.46,3044.7,690.0
713,trip_completion,58.3765992,26.6807164,2826.0,3044.7,690.0
713,rider_dropoff_presence,58.3765992,26.6807164,2930.74,3044.7,690.0
714,driver_arrival,58.3826371,26.7548435,2137.0,1272.5,179.0
714,rider_pickup_presence,58.3826371,26.7548435,2225.3,1272.5,179.0
714,trip_completion,58.3711979,26.7554491,2316.0,1272.5,179.0
714,rider_dropoff_presence,58.3711979,26.7554491,2323.47,1272.5,179.0
715,driver_arrival,58.3670161,26.7414947,2140.0,2022.3,209.0
715,rider_pickup_presence,58.3670161,26.7414947,2156.57,2022.3,209.0
715,trip_completion,58.3852015,26.7409977,2349.0,2022.3,209.0
715,rider_dropoff_presence,58.3852015,26.7409977,2373.88,2022.3,209.0
716,driver_arrival,58.3672916,26.7734411,2151.0,1681.5,394.0
716,rider_pickup_presence,58.3672916,26.7734411,2190.01,1681.5,394.0
716,trip_completion,58.3762332,26.7501854,2545.0,1681.5,394.0
716,rider_dropoff_presence,58.3762332,26.7501854,2624.47,1681.5,394.0
717,driver_arrival,58.3624587,26.7123477,2146.0,2297.2,350.0
717,rider_pickup_presence,58.3624587,26.7123477,2209.06,2297.2,350.0
717,trip_completion,58.3817665,26.6983312,2496.0,2297.2,350.0
717,rider_dropoff_presence,58.3817665,26.6983312,2533.65,2297.2,350.0
718,driver_arrival,58.3729158,26.758399,2154.0,1987.6,272.0
718,rider_pickup_presence,58.3729158,26.758399,2174.78,1987.6,272.0
718,trip_completion,58.3828505,26.7300575,2426.0,1987.6,272.0
718,rider_dropoff_presence,58.3828505,26.7300575,2535.45,1987.6,272.0
719,driver_arrival,58.3823398,26.7290061,2158.0,489.7,137.0
719,rider_pickup_presence,58.3823398,26.7290061,2199.08,489.7,137.0
719,trip_completion,58.3779361,26.7289039,2295.0,489.7,137.0
719,rider_dropoff_presence,58.3779361,26.7289039,2337.51,489.7,137.0
72,driver_arrival,58.3855584,26.7155784,254.0,952.3,209.0
72,rider_pickup_presence,58.3855584,26.7155784,346.64,952.3,209.0
72,trip_completion,58.3835314,26.7314509,463.0,952.3,209.0
72,rider_dropoff_presence,58.3835314,26.7314509,549.51,952.3,209.0
720,driver_arrival,58.3827328,26.7298167,2159.0,1866.0,426.0
720,rider_pickup_presence,58.3827328,26.7298167,2236.2,1866.0,426.0
720,trip_completion,58.3733511,26.7563549,2585.0,1866.0,426.0
720,rider_dropoff_presence,58.3733511,26.7563549,2668.2,1866.0,426.0
721,driver_arrival,58.3682438,26.745299,2159.0,3394.2,621.0
721,rider_pickup_presence,58.3682438,26.745299,2232.21,3394.2,621.0
721,trip_completion,58.3638606,26.6877041,2780.0,3394.2,621.0
721,rider_dropoff_presence,58.3638606,26.6877041,2803.07,3394.2,621.0
722,driver_arrival,58.3761809,26.7471864,2159.0,3567.6,964.0
722,rider_pickup_presence,58.3761809,26.7471864,2188.58,3567.6,964.0
722,trip_completion,58.3654029,26.6895607,3123.0,3567.6,964.0
722,rider_dropoff_presence,58.3654029,26.6895607,3189.97,3567.6,964.0
723,driver_arrival,58.3834181,26.7312191,2162.0,2808.8,436.0
723,rider_pickup_presence,58.3834181,26.7312191,2188.98,2808.8,436.0
723,trip_completion,58.3710691,26.7732472,2598.0,2808.8,436.0
723,rider_dropoff_presence,58.3710691,26.7732472,2714.75,2808.8,436.0
724,driver_arrival,58.3722847,26.7744529,2164.0,4065.9,747.0
724,rider_pickup_presence,58.3722847,26.7744529,2199.71,4065.9,747.0
724,trip_completion,58.3855183,26.7094392,2911.0,4065.9,747.0
724,rider_dropoff_presence,58.3855183,26.7094392,2945.68,4065.9,747.0
725,driver_arrival,58.366759,26.7262065,2164.0,2814.6,550.0
725,rider_pickup_presence,58.366759,26.7262065,2188.87,2814.6,550.0
725,trip_completion,58.3692198,26.7742416,2714.0,2814.6,550.0
725,rider_dropoff_presence,58.3692198,26.7742416,2798.6,2814.6,550.0
726,driver_arrival,58.3900038,26.7008254,2172.0,3250.6,524.0
726,rider_pickup_presence,58.3900038,26.7008254,2210.04,3250.6,524.0
726,trip_completion,58.3656587,26.7316928,2696.0,3250.6,524.0
726,rider_dropoff_presence,58.3656587,26.7316928,2737.86,3250.6,524.0
727,driver_arrival,58.3817199,26.7391641,2174.0,2802.9,662.0
727,rider_pickup_presence,58.3817199,26.7391641,2286.04,2802.9,662.0
727,trip_completion,58.3900016,26.6937462,2836.0,2802.9,662.0
727,rider_dropoff_presence,58.3900016,26.6937462,2931.45,2802.9,662.0
728,driver_arrival,58.367564,26.7070811,2178.0,1615.5,178.0
728,rider_pickup_presence,58.367564,26.7070811,2210.81,1615.5,178.0
728,trip_completion,58.3610578,26.6823142,2356.0,1615.5,178.0
728,rider_dropoff_presence,58.3610578,26.6823142,2370.62,1615.5,178.0
729,driver_arrival,58.3838081,26.7156938,2183.0,1500.2,217.0
729,rider_pickup_presence,58.3838081,26.7156938,2264.19,1500.2,217.0
729,trip_completion,58.3751641,26.695936,2400.0,1500.2,217.0
729,rider_dropoff_presence,58.3751641,26.695936,2445.56,1500.2,217.0
73,driver_arrival,58.3632775,26.7723782,263.0,2937.7,387.0
73,rider_pickup_presence,58.3632775,26.7723782,380.62,2937.7,387.0
73,trip_completion,58.367243,26.7225788,650.0,2937.7,387.0
73,rider_dropoff_presence,58.367243,26.7225788,748.21,2937.7,387.0
730,driver_arrival,58.3653334,26.7164666,2184.0,1338.5,447.0
730,rider_pickup_presence,58.3653334,26.7164666,2298.55,1338.5,447.0
730,trip_completion,58.3694861,26.7380098,2631.0,1338.5,447.0
730,rider_dropoff_presence,58.3694861,26.7380098,2727.55,1338.5,447.0
731,driver_arrival,58.3749837,26.7238837,2188.0,1654.0,598.0
731,rider_pickup_presence,58.3749837,26.7238837,2222.85,1654.0,598.0
731,trip_completion,58.3621084,26.738086,2786.0,1654.0,598.0
731,rider_dropoff_presence,58.3621084,26.738086,2820.52,1654.0,598.0
732,driver_arrival,58.3649904,26.7676089,2189.0,4175.2,859.0
732,rider_pickup_presence,58.3649904,26.7676089,2274.7,4175.2,859.0
732,trip_completion,58.3841801,26.7060588,3048.0,4175.2,859.0
732,rider_dropoff_presence,58.3841801,26.7060588,3089.56,4175.2,859.0
733,driver_arrival,58.3889322,26.7054471,2193.0,1769.6,378.0
733,rider_pickup_presence,58.3889322,26.7054471,2246.09,1769.6,378.0
733,trip_completion,58.3731013,26.708554,2571.0,1769.6,378.0
733,rider_dropoff_presence,58.3731013,26.708554,2601.77,1769.6,378.0
734,driver_arrival,58.3663693,26.7085394,2197.0,2530.0,825.0
734,rider_pickup_presence,58.3663693,26.7085394,2254.49,2530.0,825.0
734,trip_completion,58.3847976,26.7339898,3022.0,2530.0,825.0
734,rider_dropoff_presence,58.3847976,26.7339898,3046.25,2530.0,825.0
735,driver_arrival,58.3720439,26.7770453,2198.0,4840.6,906.0
735,rider_pickup_presence,58.3720439,26.7770453,2262.63,4840.6,906.0
735,trip_completion,58.3733955,26.69407,3104.0,4840.6,906.0
735,rider_dropoff_presence,58.3733955,26.69407,3215.96,4840.6,906.0
736,driver_arrival,58.3601542,26.7161598,2199.0,1330.6,347.0
736,rider_pickup_presence,58.3601542,26.7161598,2282.54,1330.6,347.0
736,trip_completion,58.3621316,26.7386578,2546.0,1330.6,347.0
736,rider_dropoff_presence,58.3621316,26.7386578,2562.47,1330.6,347.0
737,driver_arrival,58.372815,26.7133664,2200.0,3153.0,606.0
737,rider_pickup_presence,58.372815,26.7133664,2273.88,3153.0,606.0
737,trip_completion,58.365428,26.7655676,2806.0,3153.0,606.0
737,rider_dropoff_presence,58.365428,26.7655676,2876.42,3153.0,606.0
738,driver_arrival,58.3747363,26.7221605,2207.0,2123.1,627.0
738,rider_pickup_presence,58.3747363,26.7221605,2236.09,2123.1,627.0
738,trip_completion,58.3828971,26.7550835,2834.0,2123.1,627.0
738,rider_dropoff_presence,58.3828971,26.7550835,2914.38,2123.1,627.0
739,driver_arrival,58.3757946,26.6828646,2208.0,4962.6,1080.0
739,rider_pickup_presence,58.3757946,26.6828646,2271.72,4962.6,1080.0
739,trip_completion,58.3824299,26.7670423,3288.0,4962.6,1080.0
739,rider_dropoff_presence,58.3824299,26.7670423,3364.55,4962.6,1080.0
74,driver_arrival,58.3827296,26.734067,264.0,2622.0,743.0
74,rider_pickup_presence,58.3827296,26.734067,270.3,2622.0,743.0
74,trip_completion,58.3712487,26.7733491,1007.0,2622.0,743.0
74,rider_dropoff_presence,58.3712487,26.7733491,1056.6,2622.0,743.0
740,driver_arrival,58.3808396,26.7449563,2208.0,3722.4,747.0
740,rider_pickup_presence,58.3808396,26.7449563,2294.08,3722.4,747.0
740,trip_completion,58.3783061,26.6812886,2955.0,3722.4,747.0
740,rider_dropoff_presence,58.3783061,26.6812886,2967.07,3722.4,747.0
741,driver_arrival,58.3840059,26.7291115,2212.0,2934.0,870.0
741,rider_pickup_presence,58.3840059,26.7291115,2304.49,2934.0,870.0
741,trip_completion,58.3692705,26.687366,3082.0,2934.0,870.0
741,rider_dropoff_presence,58.3692705,26.687366,3082.62,2934.0,870.0
742,driver_arrival,58.3830791,26.7432738,2213.0,1654.0,235.0
742,rider_pickup_presence,58.3830791,26.7432738,2279.04,1654.0,235.0
742,trip_completion,58.3683097,26.7466463,2448.0,1654.0,235.0
742,rider_dropoff_presence,58.3683097,26.7466463,2559.49,1654.0,235.0
743,driver_arrival,58.3896408,26.7090298,2214.0,3111.6,455.0
743,rider_pickup_presence,58.3896408,26.7090298,2262.83,3111.6,455.0
743,trip_completion,58.3738844,26.7531406,2669.0,3111.6,455.0
743,rider_dropoff_presence,58.3738844,26.7531406,2781.2,3111.6,455.0
744,driver_arrival,58.3779332,26.7240731,2215.0,2150.2,725.0
744,rider_pickup_presence,58.3779332,26.7240731,2320.41,2150.2,725.0
744,trip_completion,58.3602253,26.7092574,2940.0,2150.2,725.0
744,rider_dropoff_presence,58.3602253,26.7092574,2997.29,2150.2,725.0
745,driver_arrival,58.3827677,26.6934253,2217.0,3537.4,324.0
745,rider_pickup_presence,58.3827677,26.6934253,2240.93,3537.4,324.0
745,trip_completion,58.3621646,26.7396502,2541.0,3537.4,324.0
745,rider_dropoff_presence,58.3621646,26.7396502,2656.67,3537.4,324.0
746,driver_arrival,58.3834497,26.7490538,2219.0,2088.5,318.0
746,rider_pickup_presence,58.3834497,26.7490538,2257.54,2088.5,318.0
746,trip_completion,58.3649959,26.7423871,2537.0,2088.5,318.0
746,rider_dropoff_presence,58.3649959,26.7423871,2614.51,2088.5,318.0
747,driver_arrival,58.3698724,26.7366677,2222.0,448.9,110.0
747,rider_pickup_presence,58.3698724,26.7366677,2330.95,448.9,110.0
747,trip_completion,58.3702494,26.7290028,2332.0,448.9,110.0
747,rider_dropoff_presence,58.3702494,26.7290028,2342.74,448.9,110.0
748,driver_arrival,58.3869277,26.6946321,2237.0,2951.5,513.0
748,rider_pickup_presence,58.3869277,26.6946321,2305.9,2951.5,513.0
748,trip_completion,58.3686013,26.7312543,2750.0,2951.5,513.0
748,rider_dropoff_presence,58.3686013,26.7312543,2814.22,2951.5,513.0
749,driver_arrival,58.3683972,26.7038345,2243.0,4244.2,1317.0
749,rider_pickup_presence,58.3683972,26.7038345,2329.77,4244.2,1317.0
749,trip_completion,58.3730712,26.7760701,3560.0,4244.2,1317.0
749,rider_dropoff_presence,58.3730712,26.7760701,3672.4,4244.2,1317.0
75,driver_arrival,58.3672756,26.7731722,267.0,3656.6,702.0
75,rider_pickup_presence,58.3672756,26.7731722,376.59,3656.6,702.0
75,trip_completion,58.3593027,26.71235,969.0,3656.6,702.0
75,rider_dropoff_presence,58.3593027,26.71235,990.01,3656.6,702.0
750,driver_arrival,58.377577,26.7019552,2246.0,4121.0,655.0
750,rider_pickup_presence,58.377577,26.7019552,2351.87,4121.0,655.0
750,trip_completion,58.3687004,26.7705741,2901.0,4121.0,655.0
750,rider_dropoff_presence,58.3687004,26.7705741,2922.09,4121.0,655.0
751,driver_arrival,58.3820031,26.7791996,2252.0,3509.1,369.0
751,rider_pickup_presence,58.3820031,26.7791996,2362.36,3509.1,369.0
751,trip_completion,58.3697971,26.7236976,2621.0,3509.1,369.0
751,rider_dropoff_presence,58.3697971,26.7236976,2740.66,3509.1,369.0
752,driver_arrival,58.3832145,26.7432578,2253.0,1563.4,1061.0
752,rider_pickup_presence,58.3832145,26.7432578,2300.64,1563.4,1061.0
752,trip_completion,58.3761395,26.7200822,3314.0,1563.4,1061.0
752,rider_dropoff_presence,58.3761395,26.7200822,3373.45,1563.4,1061.0
753,driver_arrival,58.3694285,26.7736628,2255.0,3389.2,661.0
753,rider_pickup_presence,58.3694285,26.7736628,2367.39,3389.2,661.0
753,trip_completion,58.3830189,26.7216307,2916.0,3389.2,661.0
753,rider_dropoff_presence,58.3830189,26.7216307,3031.46,3389.2,661.0
754,driver_arrival,58.3813984,26.7246096,2257.0,3142.3,658.0
754,rider_pickup_presence,58.3813984,26.7246096,2368.12,3142.3,658.0
754,trip_completion,58.3642834,26.7674911,2915.0,3142.3,658.0
754,rider_dropoff_presence,58.3642834,26.7674911,3020.21,3142.3,658.0
755,driver_arrival,58.3778047,26.7340986,2259.0,2553.3,820.0
755,rider_pickup_presence,58.3778047,26.7340986,2260.11,2553.3,820.0
755,trip_completion,58.3734404,26.7770922,3079.0,2553.3,820.0
755,rider_dropoff_presence,58.3734404,26.7770922,3147.16,2553.3,820.0
756,driver_arrival,58.3755274,26.7073876,2268.0,768.5,168.0
756,rider_pickup_presence,58.3755274,26.7073876,2280.88,768.5,168.0
756,trip_completion,58.3823213,26.7098109,2436.0,768.5,168.0
756,rider_dropoff_presence,58.3823213,26.7098109,2553.96,768.5,168.0
757,driver_arrival,58.3692142,26.7413972,2270.0,1937.0,262.0
757,rider_pickup_presence,58.3692142,26.7413972,2304.15,1937.0,262.0
757,trip_completion,58.3860424,26.7328135,2532.0,1937.0,262.0
757,rider_dropoff_presence,58.3860424,26.7328135,2650.69,1937.0,262.0
758,driver_arrival,58.3861946,26.7036549,2271.0,3420.9,595.0
758,rider_pickup_presence,58.3861946,26.7036549,2336.2,3420.9,595.0
758,trip_completion,58.3800412,26.7611542,2866.0,3420.9,595.0
758,rider_dropoff_presence,58.3800412,26.7611542,2925.27,3420.9,595.0
759,driver_arrival,58.3667735,26.7291615,2272.0,808.8,164.0
759,rider_pickup_presence,58.3667735,26.7291615,2384.63,808.8,164.0
759,trip_completion,58.3735283,26.7343082,2436.0,808.8,164.0
759,rider_dropoff_presence,58.3735283,26.7343082,2538.13,808.8,164.0
76,driver_arrival,58.3659114,26.7213773,271.0,1470.0,234.0
76,rider_pickup_presence,58.3659114,26.7213773,327.16,1470.0,234.0
76,trip_completion,58.3787334,26.7152352,505.0,1470.0,234.0
76,rider_dropoff_presence,58.3787334,26.7152352,528.14,1470.0,234.0
760,driver_arrival,58.3730038,26.701066,2276.0,2348.5,676.0
760,rider_pickup_presence,58.3730038,26.701066,2289.52,2348.5,676.0
760,trip_completion,58.3797392,26.7392428,2952.0,2348.5,676.0
760,rider_dropoff_presence,58.3797392,26.7392428,2971.5,2348.5,676.0
761,driver_arrival,58.3667665,26.7383427,2278.0,2139.3,280.0
761,rider_pickup_presence,58.3667665,26.7383427,2333.07,2139.3,280.0
761,trip_completion,58.3782299,26.7678079,2558.0,2139.3,280.0
761,rider_dropoff_presence,58.3782299,26.7678079,2588.87,2139.3,280.0
762,driver_arrival,58.3642563,26.7220148,2284.0,1403.3,286.0
762,rider_pickup_presence,58.3642563,26.7220148,2306.34,1403.3,286.0
762,trip_completion,58.3705806,26.7011923,2570.0,1403.3,286.0
762,rider_dropoff_presence,58.3705806,26.7011923,2658.39,1403.3,286.0
763,driver_arrival,58.3845456,26.7565319,2293.0,1694.5,343.0
763,rider_pickup_presence,58.3845456,26.7565319,2387.89,1694.5,343.0
763,trip_completion,58.3761384,26.7322893,2636.0,1694.5,343.0
763,rider_dropoff_presence,58.3761384,26.7322893,2704.13,1694.5,343.0
764,driver_arrival,58.3720839,26.7221181,2297.0,1610.0,427.0
764,rider_pickup_presence,58.3720839,26.7221181,2387.87,1610.0,427.0
764,trip_completion,58.3852455,26.7106082,2724.0,1610.0,427.0
764,rider_dropoff_presence,58.3852455,26.7106082,2745.06,1610.0,427.0
765,driver_arrival,58.3703835,26.7089479,2307.0,2272.9,724.0
765,rider_pickup_presence,58.3703835,26.7089479,2409.74,2272.9,724.0
765,trip_completion,58.3733888,26.7475031,3031.0,2272.9,724.0
765,rider_dropoff_presence,58.3733888,26.7475031,3138.65,2272.9,724.0
766,driver_arrival,58.3813079,26.756237,2310.0,1794.9,306.0
766,rider_pickup_presence,58.3813079,26.756237,2409.24,1794.9,306.0
766,trip_completion,58.3670359,26.7418544,2616.0,1794.9,306.0
766,rider_dropoff_presence,58.3670359,26.7418544,2677.83,1794.9,306.0
767,driver_arrival,58.3842559,26.7278569,2310.0,2164.0,553.0
767,rider_pickup_presence,58.3842559,26.7278569,2320.41,2164.0,553.0
767,trip_completion,58.3705009,26.7015983,2863.0,2164.0,553.0
767,rider_dropoff_presence,58.3705009,26.7015983,2943.31,2164.0,553.0
768,driver_arrival,58.3668886,26.7329726,2311.0,3603.0,476.0
768,rider_pickup_presence,58.3668886,26.7329726,2333.17,3603.0,476.0
768,trip_completion,58.3845609,26.6811767,2787.0,3603.0,476.0
768,rider_dropoff_presence,58.3845609,26.6811767,2803.87,3603.0,476.0
769,driver_arrival,58.3763986,26.7318852,2316.0,2758.5,802.0
769,rider_pickup_presence,58.3763986,26.7318852,2354.83,2758.5,802.0
769,trip_completion,58.3653831,26.6894984,3118.0,2758.5,802.0
769,rider_dropoff_presence,58.3653831,26.6894984,3147.77,2758.5,802.0
77,driver_arrival,58.3631443,26.7349282,272.0,2576.8,324.0
77,rider_pickup_presence,58.3631443,26.7349282,303.29,2576.8,324.0
77,trip_completion,58.3767196,26.7707406,596.0,2576.8,324.0
77,rider_dropoff_presence,58.3767196,26.7707406,624.26,2576.8,324.0
770,driver_arrival,58.3668327,26.694249,2320.0,3010.6,826.0
770,rider_pickup_presence,58.3668327,26.694249,2410.45,3010.6,826.0
770,trip_completion,58.3864913,26.7297562,3146.0,3010.6,826.0
770,rider_dropoff_presence,58.3864913,26.7297562,3260.48,3010.6,826.0
771,driver_arrival,58.3835051,26.7552694,2322.0,4340.7,722.0
771,rider_pickup_presence,58.3835051,26.7552694,2358.23,4340.7,722.0
771,trip_completion,58.378277,26.6814816,3044.0,4340.7,722.0
771,rider_dropoff_presence,58.378277,26.6814816,3130.75,4340.7,722.0
772,driver_arrival,58.3757557,26.7771263,2322.0,3953.3,723.0
772,rider_pickup_presence,58.3757557,26.7771263,2323.37,3953.3,723.0
772,trip_completion,58.372429,26.7096235,3045.0,3953.3,723.0
772,rider_dropoff_presence,58.372429,26.7096235,3123.44,3953.3,723.0
773,driver_arrival,58.3800085,26.7422439,2323.0,2041.6,1063.0
773,rider_pickup_presence,58.3800085,26.7422439,2406.13,2041.6,1063.0
773,trip_completion,58.3778281,26.7074728,3386.0,2041.6,1063.0
773,rider_dropoff_presence,58.3778281,26.7074728,3393.45,2041.6,1063.0
774,driver_arrival,58.3611547,26.7709935,2328.0,5153.2,1260.0
774,rider_pickup_presence,58.3611547,26.7709935,2342.19,5153.2,1260.0
774,trip_completion,58.3704589,26.6844341,3588.0,5153.2,1260.0
774,rider_dropoff_presence,58.3704589,26.6844341,3624.82,5153.2,1260.0
775,driver_arrival,58.3707331,26.7216474,2329.0,2585.8,343.0
775,rider_pickup_presence,58.3707331,26.7216474,2377.65,2585.8,343.0
775,trip_completion,58.3837582,26.7583884,2672.0,2585.8,343.0
775,rider_dropoff_presence,58.3837582,26.7583884,2732.3,2585.8,343.0
776,driver_arrival,58.3764557,26.7080699,2329.0,2129.3,375.0
776,rider_pickup_presence,58.3764557,26.7080699,2436.41,2129.3,375.0
776,trip_completion,58.3614504,26.7307555,2704.0,2129.3,375.0
776,rider_dropoff_presence,58.3614504,26.7307555,2788.43,2129.3,375.0
777,driver_arrival,58.38166,26.7295043,2331.0,916.0,504.0
777,rider_pickup_presence,58.38166,26.7295043,2368.32,916.0,504.0
777,trip_completion,58.3741704,26.7229632,2835.0,916.0,504.0
777,rider_dropoff_presence,58.3741704,26.7229632,2849.09,916.0,504.0
778,driver_arrival,58.3843143,26.7141071,2336.0,828.1,285.0
778,rider_pickup_presence,58.3843143,26.7141071,2445.94,828.1,285.0
778,trip_completion,58.387502,26.7269466,2621.0,828.1,285.0
778,rider_dropoff_presence,58.387502,26.7269466,2656.4,828.1,285.0
779,driver_arrival,58.3659469,26.7300007,2339.0,2113.8,249.0
779,rider_pickup_presence,58.3659469,26.7300007,2412.76,2113.8,249.0
779,trip_completion,58.3754916,26.7613489,2588.0,2113.8,249.0
779,rider_dropoff_presence,58.3754916,26.7613489,2614.3,2113.8,249.0
78,driver_arrival,58.3787194,26.7672323,274.0,5113.0,964.0
78,rider_pickup_presence,58.3787194,26.7672323,290.03,5113.0,964.0
78,trip_completion,58.3723036,26.6803953,1238.0,5113.0,964.0
78,rider_dropoff_presence,58.3723036,26.6803953,1256.38,5113.0,964.0
780,driver_arrival,58.3770002,26.7117944,2339.0,628.5,107.0
780,rider_pickup_presence,58.3770002,26.7117944,2428.73,628.5,107.0
780,trip_completion,58.3786745,26.7014975,2446.0,628.5,107.0
780,rider_dropoff_presence,58.3786745,26.7014975,2518.69,628.5,107.0
781,driver_arrival,58.3792735,26.7704731,2339.0,4536.3,687.0
781,rider_pickup_presence,58.3792735,26.7704731,2388.9,4536.3,687.0
781,trip_completion,58.3886215,26.6947217,3026.0,4536.3,687.0
781,rider_dropoff_presence,58.3886215,26.6947217,3091.91,4536.3,687.0
782,driver_arrival,58.3817534,26.6946925,2340.0,1372.5,270.0
782,rider_pickup_presence,58.3817534,26.6946925,2396.5,1372.5,270.0
782,trip_completion,58.3754204,26.7149003,2610.0,1372.5,270.0
782,rider_dropoff_presence,58.3754204,26.7149003,2674.5,1372.5,270.0
783,driver_arrival,58.3707968,26.7550521,2340.0,1526.7,397.0
783,rider_pickup_presence,58.3707968,26.7550521,2419.69,1526.7,397.0
783,trip_completion,58.3766798,26.7313948,2737.0,1526.7,397.0
783,rider_dropoff_presence,58.3766798,26.7313948,2763.21,1526.7,397.0
784,driver_arrival,58.3742356,26.7489095,2342.0,1236.9,106.0
784,rider_pickup_presence,58.3742356,26.7489095,2371.7,1236.9,106.0
784,trip_completion,58.364592,26.7383395,2448.0,1236.9,106.0
784,rider_dropoff_presence,58.364592,26.7383395,2538.57,1236.9,106.0
785,driver_arrival,58.3630039,26.7361229,2345.0,2557.3,791.0
785,rider_pickup_presence,58.3630039,26.7361229,2449.78,2557.3,791.0
785,trip_completion,58.3744626,26.7741445,3136.0,2557.3,791.0
785,rider_dropoff_presence,58.3744626,26.7741445,3145.82,2557.3,791.0
786,driver_arrival,58.3800792,26.6999494,2350.0,2518.0,421.0
786,rider_pickup_presence,58.3800792,26.6999494,2403.61,2518.0,421.0
786,trip_completion,58.3891873,26.7394981,2771.0,2518.0,421.0
786,rider_dropoff_presence,58.3891873,26.7394981,2855.45,2518.0,421.0
787,driver_arrival,58.3827095,26.7337492,2353.0,1067.5,294.0
787,rider_pickup_presence,58.3827095,26.7337492,2362.37,1067.5,294.0
787,trip_completion,58.3767316,26.7480774,2647.0,1067.5,294.0
787,rider_dropoff_presence,58.3767316,26.7480774,2714.7,1067.5,294.0
788,driver_arrival,58.3807177,26.7127244,2353.0,1375.2,255.0
788,rider_pickup_presence,58.3807177,26.7127244,2360.41,1375.2,255.0
788,trip_completion,58.3692355,26.7214876,2608.0,1375.2,255.0
788,rider_dropoff_presence,58.3692355,26.7214876,2673.72,1375.2,255.0
789,driver_arrival,58.3800777,26.750934,2355.0,1535.8,177.0
789,rider_pickup_presence,58.3800777,26.750934,2415.66,1535.8,177.0
789,trip_completion,58.369393,26.7342433,2532.0,1535.8,177.0
789,rider_dropoff_presence,58.369393,26.7342433,2600.72,1535.8,177.0
79,driver_arrival,58.3840917,26.7166745,278.0,3366.9,902.0
79,rider_pickup_presence,58.3840917,26.7166745,295.98,3366.9,902.0
79,trip_completion,58.3703835,26.768167,1180.0,3366.9,902.0
79,rider_dropoff_presence,58.3703835,26.768167,1219.37,3366.9,902.0
791,driver_arrival,58.3734008,26.7746857,2358.0,852.7,500.0
791,rider_pickup_presence,58.3734008,26.7746857,2420.44,852.7,500.0
791,trip_completion,58.3774204,26.7622317,2858.0,852.7,500.0
791,rider_dropoff_presence,58.3774204,26.7622317,2871.95,852.7,500.0
792,driver_arrival,58.3728444,26.7205604,2361.0,343.1,570.0
792,rider_pickup_presence,58.3728444,26.7205604,2385.65,343.1,570.0
792,trip_completion,58.3756255,26.7231113,2931.0,343.1,570.0
792,rider_dropoff_presence,58.3756255,26.7231113,3000.98,343.1,570.0
793,driver_arrival,58.3764078,26.7453999,2362.0,2131.8,520.0
793,rider_pickup_presence,58.3764078,26.7453999,2372.91,2131.8,520.0
793,trip_completion,58.3651551,26.7749985,2882.0,2131.8,520.0
793,rider_dropoff_presence,58.3651551,26.7749985,2943.25,2131.8,520.0
794,driver_arrival,58.3687871,26.7177493,2366.0,834.1,627.0
794,rider_pickup_presence,58.3687871,26.7177493,2463.04,834.1,627.0
794,trip_completion,58.374762,26.7263964,2993.0,834.1,627.0
794,rider_dropoff_presence,58.374762,26.7263964,3047.41,834.1,627.0
795,driver_arrival,58.3603414,26.777978,2367.0,5281.9,877.0
795,rider_pickup_presence,58.3603414,26.777978,2428.59,5281.9,877.0
795,trip_completion,58.3759244,26.6924178,3244.0,5281.9,877.0
795,rider_dropoff_presence,58.3759244,26.6924178,3298.82,5281.9,877.0
796,driver_arrival,58.3797665,26.7077938,2369.0,1829.7,490.0
796,rider_pickup_presence,58.3797665,26.7077938,2375.93,1829.7,490.0
796,trip_completion,58.3681893,26.7300945,2859.0,1829.7,490.0
796,rider_dropoff_presence,58.3681893,26.7300945,2914.49,1829.7,490.0
797,driver_arrival,58.3837496,26.7145259,2383.0,1010.2,234.0
797,rider_pickup_presence,58.3837496,26.7145259,2479.83,1010.2,234.0
797,trip_completion,58.3775478,26.7018623,2617.0,1010.2,234.0
797,rider_dropoff_presence,58.3775478,26.7018623,2703.79,1010.2,234.0
798,driver_arrival,58.3811876,26.7536826,2384.0,3482.1,842.0
798,rider_pickup_presence,58.3811876,26.7536826,2431.51,3482.1,842.0
798,trip_completion,58.3697656,26.6980752,3226.0,3482.1,842.0
798,rider_dropoff_presence,58.3697656,26.6980752,3323.97,3482.1,842.0
799,driver_arrival,58.3820463,26.766967,2388.0,2299.0,285.0
799,rider_pickup_presence,58.3820463,26.766967,2477.5,2299.0,285.0
799,trip_completion,58.3759031,26.729313,2673.0,2299.0,285.0
799,rider_dropoff_presence,58.3759031,26.729313,2742.4,2299.0,285.0
8,driver_arrival,58.3838139,26.7088123,31.0,2858.1,465.0
8,rider_pickup_presence,58.3838139,26.7088123,36.43,2858.1,465.0
8,trip_completion,58.3725058,26.7528362,496.0,2858.1,465.0
8,rider_dropoff_presence,58.3725058,26.7528362,537.34,2858.1,465.0
80,driver_arrival,58.3734008,26.7746857,281.0,300.4,391.0
80,rider_pickup_presence,58.3734008,26.7746857,288.65,300.4,391.0
80,trip_completion,58.3733369,26.7798355,672.0,300.4,391.0
80,rider_dropoff_presence,58.3733369,26.7798355,791.29,300.4,391.0
800,driver_arrival,58.3754378,26.724695,2388.0,3193.7,1066.0
800,rider_pickup_presence,58.3754378,26.724695,2500.15,3193.7,1066.0
800,trip_completion,58.3741924,26.7794178,3454.0,3193.7,1066.0
800,rider_dropoff_presence,58.3741924,26.7794178,3462.28,3193.7,1066.0
801,driver_arrival,58.3845852,26.7301486,2389.0,2583.4,533.0
801,rider_pickup_presence,58.3845852,26.7301486,2501.05,2583.4,533.0
801,trip_completion,58.3680338,26.6990544,2922.0,2583.4,533.0
801,rider_dropoff_presence,58.3680338,26.6990544,2925.81,2583.4,533.0
802,driver_arrival,58.3844781,26.7334161,2392.0,1822.0,206.0
802,rider_pickup_presence,58.3844781,26.7334161,2441.06,1822.0,206.0
802,trip_completion,58.3823973,26.764419,2598.0,1822.0,206.0
802,rider_dropoff_presence,58.3823973,26.764419,2690.28,1822.0,206.0
803,driver_arrival,58.3613131,26.7363862,2396.0,2348.0,871.0
803,rider_pickup_presence,58.3613131,26.7363862,2487.9,2348.0,871.0
803,trip_completion,58.3718474,26.7712792,3267.0,2348.0,871.0
803,rider_dropoff_presence,58.3718474,26.7712792,3384.4,2348.0,871.0
804,driver_arrival,58.3834507,26.682131,2398.0,4353.2,817.0
804,rider_pickup_presence,58.3834507,26.682131,2475.51,4353.2,817.0
804,trip_completion,58.3847457,26.7567708,3215.0,4353.2,817.0
804,rider_dropoff_presence,58.3847457,26.7567708,3265.44,4353.2,817.0
805,driver_arrival,58.3842773,26.722586,2400.0,876.9,184.0
805,rider_pickup_presence,58.3842773,26.722586,2519.14,876.9,184.0
805,trip_completion,58.3774073,26.7151997,2584.0,876.9,184.0
805,rider_dropoff_presence,58.3774073,26.7151997,2629.9,876.9,184.0
806,driver_arrival,58.3727012,26.7192155,2401.0,2114.4,648.0
806,rider_pickup_presence,58.3727012,26.7192155,2505.35,2114.4,648.0
806,trip_completion,58.3812221,26.7516356,3049.0,2114.4,648.0
806,rider_dropoff_presence,58.3812221,26.7516356,3157.81,2114.4,648.0
807,driver_arrival,58.3671958,26.7734857,2409.0,2682.9,601.0
807,rider_pickup_presence,58.3671958,26.7734857,2454.08,2682.9,601.0
807,trip_completion,58.3766714,26.7311726,3010.0,2682.9,601.0
807,rider_dropoff_presence,58.3766714,26.7311726,3091.93,2682.9,601.0
808,driver_arrival,58.3954363,26.6833288,2413.0,2438.4,284.0
808,rider_pickup_presence,58.3954363,26.6833288,2492.42,2438.4,284.0
808,trip_completion,58.3827757,26.7174888,2697.0,2438.4,284.0
808,rider_dropoff_presence,58.3827757,26.7174888,2761.72,2438.4,284.0
809,driver_arrival,58.3879347,26.7103778,2415.0,2729.4,352.0
809,rider_pickup_presence,58.3879347,26.7103778,2493.42,2729.4,352.0
809,trip_completion,58.3651136,26.6931369,2767.0,2729.4,352.0
809,rider_dropoff_presence,58.3651136,26.6931369,2808.73,2729.4,352.0
81,driver_arrival,58.3836624,26.7549155,283.0,2237.9,319.0
81,rider_pickup_presence,58.3836624,26.7549155,304.42,2237.9,319.0
81,trip_completion,58.3647033,26.7420366,602.0,2237.9,319.0
81,rider_dropoff_presence,58.3647033,26.7420366,666.47,2237.9,319.0
810,driver_arrival,58.3832711,26.7274182,2416.0,1996.0,266.0
810,rider_pickup_presence,58.3832711,26.7274182,2479.46,1996.0,266.0
810,trip_completion,58.3797525,26.7609929,2682.0,1996.0,266.0
810,rider_dropoff_presence,58.3797525,26.7609929,2769.34,1996.0,266.0
811,driver_arrival,58.3718065,26.766072,2422.0,4978.3,958.0
811,rider_pickup_presence,58.3718065,26.766072,2448.72,4978.3,958.0
811,trip_completion,58.3620694,26.6827522,3380.0,4978.3,958.0
811,rider_dropoff_presence,58.3620694,26.6827522,3380.42,4978.3,958.0
812,driver_arrival,58.3859232,26.7149271,2428.0,900.1,151.0
812,rider_pickup_presence,58.3859232,26.7149271,2430.73,900.1,151.0
812,trip_completion,58.3894561,26.7010325,2579.0,900.1,151.0
812,rider_dropoff_presence,58.3894561,26.7010325,2614.8,900.1,151.0
813,driver_arrival,58.3682134,26.7082174,2436.0,2132.2,688.0
813,rider_pickup_presence,58.3682134,26.7082174,2516.82,2132.2,688.0
813,trip_completion,58.3861356,26.7212209,3124.0,2132.2,688.0
813,rider_dropoff_presence,58.3861356,26.7212209,3189.33,2132.2,688.0
814,driver_arrival,58.3710833,26.7118022,2444.0,3610.1,954.0
814,rider_pickup_presence,58.3710833,26.7118022,2507.83,3610.1,954.0
814,trip_completion,58.367486,26.7733278,3398.0,3610.1,954.0
814,rider_dropoff_presence,58.367486,26.7733278,3496.8,3610.1,954.0
815,driver_arrival,58.3743046,26.6978213,2447.0,1150.8,187.0
815,rider_pickup_presence,58.3743046,26.6978213,2476.7,1150.8,187.0
815,trip_completion,58.3762782,26.717196,2634.0,1150.8,187.0
815,rider_dropoff_presence,58.3762782,26.717196,2675.54,1150.8,187.0
816,driver_arrival,58.3837068,26.6975351,2451.0,1883.3,446.0
816,rider_pickup_presence,58.3837068,26.6975351,2484.08,1883.3,446.0
816,trip_completion,58.3769772,26.7271804,2897.0,1883.3,446.0
816,rider_dropoff_presence,58.3769772,26.7271804,3009.49,1883.3,446.0
817,driver_arrival,58.3726561,26.7563295,2451.0,4224.5,605.0
817,rider_pickup_presence,58.3726561,26.7563295,2538.0,4224.5,605.0
817,trip_completion,58.3822166,26.6862017,3056.0,4224.5,605.0
817,rider_dropoff_presence,58.3822166,26.6862017,3069.54,4224.5,605.0
818,driver_arrival,58.3884854,26.7382697,2451.0,3093.2,358.0
818,rider_pickup_presence,58.3884854,26.7382697,2548.14,3093.2,358.0
818,trip_completion,58.3615293,26.7251695,2809.0,3093.2,358.0
818,rider_dropoff_presence,58.3615293,26.7251695,2859.31,3093.2,358.0
819,driver_arrival,58.3778172,26.7011174,2455.0,3940.3,1306.0
819,rider_pickup_presence,58.3778172,26.7011174,2546.93,3940.3,1306.0
819,trip_completion,58.373142,26.7681079,3761.0,3940.3,1306.0
819,rider_dropoff_presence,58.373142,26.7681079,3867.05,3940.3,1306.0
82,driver_arrival,58.3851104,26.7059486,284.0,1562.9,191.0
82,rider_pickup_presence,58.3851104,26.7059486,285.88,1562.9,191.0
82,trip_completion,58.3774731,26.683441,475.0,1562.9,191.0
82,rider_dropoff_presence,58.3774731,26.683441,499.73,1562.9,191.0
820,driver_arrival,58.379176,26.7589468,2454.0,868.1,219.0
820,rider_pickup_presence,58.379176,26.7589468,2466.11,868.1,219.0
820,trip_completion,58.3715322,26.7559212,2673.0,868.1,219.0
820,rider_dropoff_presence,58.3715322,26.7559212,2677.03,868.1,219.0
821,driver_arrival,58.3887086,26.7114575,2455.0,632.4,169.0
821,rider_pickup_presence,58.3887086,26.7114575,2526.73,632.4,169.0
821,trip_completion,58.385774,26.7207512,2624.0,632.4,169.0
821,rider_dropoff_presence,58.385774,26.7207512,2708.39,632.4,169.0
822,driver_arrival,58.3865685,26.7201247,2455.0,984.7,225.0
822,rider_pickup_presence,58.3865685,26.7201247,2460.84,984.7,225.0
822,trip_completion,58.3823023,26.7349286,2680.0,984.7,225.0
822,rider_dropoff_presence,58.3823023,26.7349286,2768.86,984.7,225.0
823,driver_arrival,58.3696898,26.7735969,2459.0,5377.1,1019.0
823,rider_pickup_presence,58.3696898,26.7735969,2507.27,5377.1,1019.0
823,trip_completion,58.3724197,26.6815324,3478.0,5377.1,1019.0
823,rider_dropoff_presence,58.3724197,26.6815324,3506.12,5377.1,1019.0
824,driver_arrival,58.3661472,26.6955494,2460.0,4173.4,864.0
824,rider_pickup_presence,58.3661472,26.6955494,2486.07,4173.4,864.0
824,trip_completion,58.3786699,26.7630204,3324.0,4173.4,864.0
824,rider_dropoff_presence,58.3786699,26.7630204,3427.65,4173.4,864.0
825,driver_arrival,58.3682729,26.6834344,2470.0,1356.4,272.0
825,rider_pickup_presence,58.3682729,26.6834344,2476.77,1356.4,272.0
825,trip_completion,58.3645666,26.7055919,2742.0,1356.4,272.0
825,rider_dropoff_presence,58.3645666,26.7055919,2802.47,1356.4,272.0
826,driver_arrival,58.3634762,26.7717239,2472.0,4983.6,705.0
826,rider_pickup_presence,58.3634762,26.7717239,2506.71,4983.6,705.0
826,trip_completion,58.3959217,26.712751,3177.0,4983.6,705.0
826,rider_dropoff_presence,58.3959217,26.712751,3274.89,4983.6,705.0
827,driver_arrival,58.370214,26.7215153,2473.0,1174.0,281.0
827,rider_pickup_presence,58.370214,26.7215153,2560.78,1174.0,281.0
827,trip_completion,58.3703577,26.7013842,2754.0,1174.0,281.0
827,rider_dropoff_presence,58.3703577,26.7013842,2792.27,1174.0,281.0
828,driver_arrival,58.3620941,26.7376692,2475.0,2231.8,301.0
828,rider_pickup_presence,58.3620941,26.7376692,2546.75,2231.8,301.0
828,trip_completion,58.3821394,26.7396191,2776.0,2231.8,301.0
828,rider_dropoff_presence,58.3821394,26.7396191,2856.7,2231.8,301.0
829,driver_arrival,58.3724892,26.7575921,2507.0,2338.4,315.0
829,rider_pickup_presence,58.3724892,26.7575921,2545.48,2338.4,315.0
829,trip_completion,58.389401,26.7337488,2822.0,2338.4,315.0
829,rider_dropoff_presence,58.389401,26.7337488,2858.21,2338.4,315.0
83,driver_arrival,58.3694686,26.7698539,308.0,262.1,295.0
83,rider_pickup_presence,58.3694686,26.7698539,325.19,262.1,295.0
83,trip_completion,58.371365,26.767183,603.0,262.1,295.0
83,rider_dropoff_presence,58.371365,26.767183,682.23,262.1,295.0
830,driver_arrival,58.3865463,26.7250111,2481.0,915.8,177.0
830,rider_pickup_presence,58.3865463,26.7250111,2507.53,915.8,177.0
830,trip_completion,58.3855289,26.7094201,2658.0,915.8,177.0
830,rider_dropoff_presence,58.3855289,26.7094201,2694.06,915.8,177.0
831,driver_arrival,58.3660156,26.7258892,2482.0,2251.9,596.0
831,rider_pickup_presence,58.3660156,26.7258892,2489.31,2251.9,596.0
831,trip_completion,58.385054,26.7127188,3078.0,2251.9,596.0
831,rider_dropoff_presence,58.385054,26.7127188,3191.82,2251.9,596.0
832,driver_arrival,58.3836564,26.7146994,2483.0,1636.1,327.0
832,rider_pickup_presence,58.3836564,26.7146994,2588.57,1636.1,327.0
832,trip_completion,58.3809608,26.7422901,2810.0,1636.1,327.0
832,rider_dropoff_presence,58.3809608,26.7422901,2919.39,1636.1,327.0
833,driver_arrival,58.3868962,26.7362263,2484.0,675.5,110.0
833,rider_pickup_presence,58.3868962,26.7362263,2559.12,675.5,110.0
833,trip_completion,58.3867289,26.7246412,2594.0,675.5,110.0
833,rider_dropoff_presence,58.3867289,26.7246412,2645.26,675.5,110.0
834,driver_arrival,58.3873694,26.7111874,2487.0,1326.1,264.0
834,rider_pickup_presence,58.3873694,26.7111874,2546.47,1326.1,264.0
834,trip_completion,58.3769103,26.7002581,2751.0,1326.1,264.0
834,rider_dropoff_presence,58.3769103,26.7002581,2867.67,1326.1,264.0
835,driver_arrival,58.3720606,26.753913,2489.0,1390.5,225.0
835,rider_pickup_presence,58.3720606,26.753913,2601.99,1390.5,225.0
835,trip_completion,58.3691909,26.7307031,2714.0,1390.5,225.0
835,rider_dropoff_presence,58.3691909,26.7307031,2794.56,1390.5,225.0
836,driver_arrival,58.3690198,26.740777,2490.0,2811.3,433.0
836,rider_pickup_presence,58.3690198,26.740777,2584.3,2811.3,433.0
836,trip_completion,58.3881295,26.7092027,2923.0,2811.3,433.0
836,rider_dropoff_presence,58.3881295,26.7092027,2961.25,2811.3,433.0
837,driver_arrival,58.3884637,26.7111282,2491.0,2600.8,478.0
837,rider_pickup_presence,58.3884637,26.7111282,2540.96,2600.8,478.0
837,trip_completion,58.3847742,26.7551901,2969.0,2600.8,478.0
837,rider_dropoff_presence,58.3847742,26.7551901,2986.91,2600.8,478.0
838,driver_arrival,58.3843708,26.7404037,2501.0,2356.3,411.0
838,rider_pickup_presence,58.3843708,26.7404037,2546.18,2356.3,411.0
838,trip_completion,58.385808,26.7000722,2912.0,2356.3,411.0
838,rider_dropoff_presence,58.385808,26.7000722,3002.53,2356.3,411.0
839,driver_arrival,58.3766778,26.716274,2502.0,1697.7,228.0
839,rider_pickup_presence,58.3766778,26.716274,2558.82,1697.7,228.0
839,trip_completion,58.367961,26.7401784,2730.0,1697.7,228.0
839,rider_dropoff_presence,58.367961,26.7401784,2831.92,1697.7,228.0
84,driver_arrival,58.3894878,26.7124744,308.0,1391.4,234.0
84,rider_pickup_presence,58.3894878,26.7124744,344.09,1391.4,234.0
84,trip_completion,58.3840572,26.6909672,542.0,1391.4,234.0
84,rider_dropoff_presence,58.3840572,26.6909672,626.91,1391.4,234.0
840,driver_arrival,58.3751713,26.6899562,2505.0,2048.6,383.0
840,rider_pickup_presence,58.3751713,26.6899562,2601.69,2048.6,383.0
840,trip_completion,58.369753,26.7235355,2888.0,2048.6,383.0
840,rider_dropoff_presence,58.369753,26.7235355,2997.77,2048.6,383.0
841,driver_arrival,58.3651446,26.7015451,2509.0,2533.4,466.0
841,rider_pickup_presence,58.3651446,26.7015451,2576.49,2533.4,466.0
841,trip_completion,58.3820084,26.7307604,2975.0,2533.4,466.0
841,rider_dropoff_presence,58.3820084,26.7307604,3091.13,2533.4,466.0
842,driver_arrival,58.3762789,26.6988467,2513.0,4608.9,1473.0
842,rider_pickup_presence,58.3762789,26.6988467,2579.87,4608.9,1473.0
842,trip_completion,58.362611,26.7734608,3986.0,4608.9,1473.0
842,rider_dropoff_presence,58.362611,26.7734608,4002.09,4608.9,1473.0
843,driver_arrival,58.3888938,26.7305482,2515.0,2559.6,430.0
843,rider_pickup_presence,58.3888938,26.7305482,2544.14,2559.6,430.0
843,trip_completion,58.3758883,26.6943187,2945.0,2559.6,430.0
843,rider_dropoff_presence,58.3758883,26.6943187,2969.4,2559.6,430.0
844,driver_arrival,58.3870645,26.700604,2516.0,799.6,204.0
844,rider_pickup_presence,58.3870645,26.700604,2593.6,799.6,204.0
844,trip_completion,58.3861107,26.7142012,2720.0,799.6,204.0
844,rider_dropoff_presence,58.3861107,26.7142012,2830.67,799.6,204.0
845,driver_arrival,58.3703684,26.7250102,2518.0,2172.1,550.0
845,rider_pickup_presence,58.3703684,26.7250102,2619.66,2172.1,550.0
845,trip_completion,58.3884887,26.7110946,3068.0,2172.1,550.0
845,rider_dropoff_presence,58.3884887,26.7110946,3079.1,2172.1,550.0
846,driver_arrival,58.3696362,26.7231061,2522.0,1915.0,372.0
846,rider_pickup_presence,58.3696362,26.7231061,2608.95,1915.0,372.0
846,trip_completion,58.3857148,26.7113386,2894.0,1915.0,372.0
846,rider_dropoff_presence,58.3857148,26.7113386,2916.86,1915.0,372.0
847,driver_arrival,58.3718711,26.6873277,2524.0,2721.2,867.0
847,rider_pickup_presence,58.3718711,26.6873277,2556.22,2721.2,867.0
847,trip_completion,58.3803377,26.731118,3391.0,2721.2,867.0
847,rider_dropoff_presence,58.3803377,26.731118,3471.84,2721.2,867.0
848,driver_arrival,58.387779,26.7244313,2526.0,1014.7,188.0
848,rider_pickup_presence,58.387779,26.7244313,2598.35,1014.7,188.0
848,trip_completion,58.3835667,26.7398741,2714.0,1014.7,188.0
848,rider_dropoff_presence,58.3835667,26.7398741,2818.83,1014.7,188.0
849,driver_arrival,58.3770395,26.7022444,2536.0,4252.6,878.0
849,rider_pickup_presence,58.3770395,26.7022444,2558.58,4252.6,878.0
849,trip_completion,58.3637834,26.7706495,3414.0,4252.6,878.0
849,rider_dropoff_presence,58.3637834,26.7706495,3505.4,4252.6,878.0
85,driver_arrival,58.377293,26.7503154,314.0,2355.9,472.0
85,rider_pickup_presence,58.377293,26.7503154,400.92,2355.9,472.0
85,trip_completion,58.3684509,26.7135981,786.0,2355.9,472.0
85,rider_dropoff_presence,58.3684509,26.7135981,853.06,2355.9,472.0
850,driver_arrival,58.3584985,26.7099176,2529.0,3270.6,690.0
850,rider_pickup_presence,58.3584985,26.7099176,2586.53,3270.6,690.0
850,trip_completion,58.3877718,26.715377,3219.0,3270.6,690.0
850,rider_dropoff_presence,58.3877718,26.715377,3323.34,3270.6,690.0
851,driver_arrival,58.3661472,26.6955494,2529.0,1709.6,238.0
851,rider_pickup_presence,58.3661472,26.6955494,2568.96,1709.6,238.0
851,trip_completion,58.3815129,26.6945289,2767.0,1709.6,238.0
851,rider_dropoff_presence,58.3815129,26.6945289,2881.84,1709.6,238.0
852,driver_arrival,58.3667174,26.7361594,2531.0,768.0,83.0
852,rider_pickup_presence,58.3667174,26.7361594,2532.84,768.0,83.0
852,trip_completion,58.3602258,26.7406574,2614.0,768.0,83.0
852,rider_dropoff_presence,58.3602258,26.7406574,2726.46,768.0,83.0
853,driver_arrival,58.3697286,26.7731787,2532.0,1358.3,322.0
853,rider_pickup_presence,58.3697286,26.7731787,2647.45,1358.3,322.0
853,trip_completion,58.3774229,26.755085,2854.0,1358.3,322.0
853,rider_dropoff_presence,58.3774229,26.755085,2868.08,1358.3,322.0
854,driver_arrival,58.3843698,26.7395778,2533.0,2292.2,1039.0
854,rider_pickup_presence,58.3843698,26.7395778,2652.95,2292.2,1039.0
854,trip_completion,58.3737418,26.7732665,3572.0,2292.2,1039.0
854,rider_dropoff_presence,58.3737418,26.7732665,3629.47,2292.2,1039.0
855,driver_arrival,58.3689429,26.6940555,2535.0,4069.4,953.0
855,rider_pickup_presence,58.3689429,26.6940555,2564.11,4069.4,953.0
855,trip_completion,58.3795668,26.7608417,3488.0,4069.4,953.0
855,rider_dropoff_presence,58.3795668,26.7608417,3560.53,4069.4,953.0
856,driver_arrival,58.3679247,26.6818453,2537.0,2760.1,321.0
856,rider_pickup_presence,58.3679247,26.6818453,2561.54,2760.1,321.0
856,trip_completion,58.3884783,26.7083882,2858.0,2760.1,321.0
856,rider_dropoff_presence,58.3884783,26.7083882,2967.82,2760.1,321.0
857,driver_arrival,58.3653113,26.7219636,2545.0,2594.1,348.0
857,rider_pickup_presence,58.3653113,26.7219636,2611.25,2594.1,348.0
857,trip_completion,58.3756079,26.7618822,2893.0,2594.1,348.0
857,rider_dropoff_presence,58.3756079,26.7618822,2986.06,2594.1,348.0
858,driver_arrival,58.3707269,26.7659406,2546.0,585.6,451.0
858,rider_pickup_presence,58.3707269,26.7659406,2591.68,585.6,451.0
858,trip_completion,58.3756479,26.7623623,2997.0,585.6,451.0
858,rider_dropoff_presence,58.3756479,26.7623623,3061.04,585.6,451.0
859,driver_arrival,58.3741316,26.7782351,2547.0,3144.7,472.0
859,rider_pickup_presence,58.3741316,26.7782351,2590.11,3144.7,472.0
859,trip_completion,58.3628382,26.7287971,3019.0,3144.7,472.0
859,rider_dropoff_presence,58.3628382,26.7287971,3050.39,3144.7,472.0
86,driver_arrival,58.3647657,26.7433744,318.0,1831.0,512.0
86,rider_pickup_presence,58.3647657,26.7433744,379.54,1831.0,512.0
86,trip_completion,58.3699409,26.77318,830.0,1831.0,512.0
86,rider_dropoff_presence,58.3699409,26.77318,889.67,1831.0,512.0
860,driver_arrival,58.3840358,26.7219085,2549.0,910.1,227.0
860,rider_pickup_presence,58.3840358,26.7219085,2560.83,910.1,227.0
860,trip_completion,58.3888721,26.7345057,2776.0,910.1,227.0
860,rider_dropoff_presence,58.3888721,26.7345057,2893.76,910.1,227.0
861,driver_arrival,58.3731621,26.7787746,2550.0,2672.4,430.0
861,rider_pickup_presence,58.3731621,26.7787746,2606.34,2672.4,430.0
861,trip_completion,58.3694665,26.7334907,2980.0,2672.4,430.0
861,rider_dropoff_presence,58.3694665,26.7334907,3080.77,2672.4,430.0
862,driver_arrival,58.3816218,26.7440897,2556.0,1196.0,225.0
862,rider_pickup_presence,58.3816218,26.7440897,2665.72,1196.0,225.0
862,trip_completion,58.3728205,26.7558803,2781.0,1196.0,225.0
862,rider_dropoff_presence,58.3728205,26.7558803,2825.48,1196.0,225.0
863,driver_arrival,58.3670084,26.7385395,2567.0,1424.8,247.0
863,rider_pickup_presence,58.3670084,26.7385395,2616.67,1424.8,247.0
863,trip_completion,58.3719051,26.7611179,2814.0,1424.8,247.0
863,rider_dropoff_presence,58.3719051,26.7611179,2881.5,1424.8,247.0
864,driver_arrival,58.3722017,26.7498055,2569.0,1039.7,207.0
864,rider_pickup_presence,58.3722017,26.7498055,2595.55,1039.7,207.0
864,trip_completion,58.3740184,26.7323143,2776.0,1039.7,207.0
864,rider_dropoff_presence,58.3740184,26.7323143,2793.51,1039.7,207.0
865,driver_arrival,58.3660495,26.7214213,2572.0,3072.1,562.0
865,rider_pickup_presence,58.3660495,26.7214213,2603.29,3072.1,562.0
865,trip_completion,58.3698977,26.7735862,3134.0,3072.1,562.0
865,rider_dropoff_presence,58.3698977,26.7735862,3246.17,3072.1,562.0
866,driver_arrival,58.3659609,26.7409869,2577.0,2424.2,540.0
866,rider_pickup_presence,58.3659609,26.7409869,2646.5,2424.2,540.0
866,trip_completion,58.3674519,26.6995169,3117.0,2424.2,540.0
866,rider_dropoff_presence,58.3674519,26.6995169,3167.11,2424.2,540.0
867,driver_arrival,58.3837562,26.7583269,2578.0,2633.2,400.0
867,rider_pickup_presence,58.3837562,26.7583269,2596.29,2633.2,400.0
867,trip_completion,58.3676141,26.7252821,2978.0,2633.2,400.0
867,rider_dropoff_presence,58.3676141,26.7252821,3017.58,2633.2,400.0
868,driver_arrival,58.3733138,26.7749526,2580.0,1118.8,431.0
868,rider_pickup_presence,58.3733138,26.7749526,2625.58,1118.8,431.0
868,trip_completion,58.3668119,26.7603116,3011.0,1118.8,431.0
868,rider_dropoff_presence,58.3668119,26.7603116,3111.0,1118.8,431.0
869,driver_arrival,58.3779022,26.7293016,2586.0,2095.9,769.0
869,rider_pickup_presence,58.3779022,26.7293016,2645.92,2095.9,769.0
869,trip_completion,58.3886899,26.6998168,3355.0,2095.9,769.0
869,rider_dropoff_presence,58.3886899,26.6998168,3433.55,2095.9,769.0
87,driver_arrival,58.3746075,26.6995076,318.0,2015.6,319.0
87,rider_pickup_presence,58.3746075,26.6995076,400.18,2015.6,319.0
87,trip_completion,58.3864029,26.7257617,637.0,2015.6,319.0
87,rider_dropoff_presence,58.3864029,26.7257617,667.88,2015.6,319.0
870,driver_arrival,58.3724859,26.7725014,2590.0,393.0,428.0
870,rider_pickup_presence,58.3724859,26.7725014,2688.59,393.0,428.0
870,trip_completion,58.3689783,26.773328,3018.0,393.0,428.0
870,rider_dropoff_presence,58.3689783,26.773328,3133.98,393.0,428.0
871,driver_arrival,58.3675102,26.7719451,2591.0,289.0,129.0
871,rider_pickup_presence,58.3675102,26.7719451,2668.0,289.0,129.0
871,trip_completion,58.3694892,26.7687313,2720.0,289.0,129.0
871,rider_dropoff_presence,58.3694892,26.7687313,2778.87,289.0,129.0
872,driver_arrival,58.3871113,26.7007525,2591.0,1951.6,771.0
872,rider_pickup_presence,58.3871113,26.7007525,2611.19,1951.6,771.0
872,trip_completion,58.3780216,26.7293909,3362.0,1951.6,771.0
872,rider_dropoff_presence,58.3780216,26.7293909,3457.4,1951.6,771.0
873,driver_arrival,58.3820681,26.7077576,2594.0,3296.4,565.0
873,rider_pickup_presence,58.3820681,26.7077576,2614.31,3296.4,565.0
873,trip_completion,58.3736252,26.7619565,3159.0,3296.4,565.0
873,rider_dropoff_presence,58.3736252,26.7619565,3245.44,3296.4,565.0
874,driver_arrival,58.3706634,26.7409394,2594.0,1495.5,681.0
874,rider_pickup_presence,58.3706634,26.7409394,2652.6,1495.5,681.0
874,trip_completion,58.3735464,26.7659907,3275.0,1495.5,681.0
874,rider_dropoff_presence,58.3735464,26.7659907,3385.03,1495.5,681.0
875,driver_arrival,58.3758963,26.6829253,2601.0,2528.9,368.0
875,rider_pickup_presence,58.3758963,26.6829253,2666.06,2528.9,368.0
875,trip_completion,58.3844903,26.7230887,2969.0,2528.9,368.0
875,rider_dropoff_presence,58.3844903,26.7230887,3046.02,2528.9,368.0
876,driver_arrival,58.3691104,26.7303917,2602.0,2424.6,342.0
876,rider_pickup_presence,58.3691104,26.7303917,2609.05,2424.6,342.0
876,trip_completion,58.3757698,26.7699855,2944.0,2424.6,342.0
876,rider_dropoff_presence,58.3757698,26.7699855,2948.06,2424.6,342.0
877,driver_arrival,58.3801478,26.7065979,2603.0,896.2,247.0
877,rider_pickup_presence,58.3801478,26.7065979,2704.6,896.2,247.0
877,trip_completion,58.3880791,26.7093342,2850.0,896.2,247.0
877,rider_dropoff_presence,58.3880791,26.7093342,2963.42,896.2,247.0
878,driver_arrival,58.3667834,26.7271089,2605.0,621.7,133.0
878,rider_pickup_presence,58.3667834,26.7271089,2685.19,621.7,133.0
878,trip_completion,58.3723734,26.727336,2738.0,621.7,133.0
878,rider_dropoff_presence,58.3723734,26.727336,2829.72,621.7,133.0
879,driver_arrival,58.3780641,26.7290377,2611.0,1279.4,152.0
879,rider_pickup_presence,58.3780641,26.7290377,2660.49,1279.4,152.0
879,trip_completion,58.3669122,26.7344372,2763.0,1279.4,152.0
879,rider_dropoff_presence,58.3669122,26.7344372,2864.11,1279.4,152.0
88,driver_arrival,58.3831347,26.7458054,322.0,1758.9,216.0
88,rider_pickup_presence,58.3831347,26.7458054,349.77,1758.9,216.0
88,trip_completion,58.3706712,26.7272281,538.0,1758.9,216.0
88,rider_dropoff_presence,58.3706712,26.7272281,622.86,1758.9,216.0
880,driver_arrival,58.3736014,26.7680611,2622.0,4284.9,807.0
880,rider_pickup_presence,58.3736014,26.7680611,2623.1,4284.9,807.0
880,trip_completion,58.3795955,26.6954621,3429.0,4284.9,807.0
880,rider_dropoff_presence,58.3795955,26.6954621,3489.69,4284.9,807.0
881,driver_arrival,58.3796622,26.7475396,2624.0,1253.0,200.0
881,rider_pickup_presence,58.3796622,26.7475396,2668.78,1253.0,200.0
881,trip_completion,58.3842135,26.7278758,2824.0,1253.0,200.0
881,rider_dropoff_presence,58.3842135,26.7278758,2898.14,1253.0,200.0
882,driver_arrival,58.3828891,26.7090026,2631.0,1192.8,134.0
882,rider_pickup_presence,58.3828891,26.7090026,2711.01,1192.8,134.0
882,trip_completion,58.3761778,26.6930424,2765.0,1192.8,134.0
882,rider_dropoff_presence,58.3761778,26.6930424,2838.98,1192.8,134.0
883,driver_arrival,58.3727738,26.7130252,2632.0,2868.5,861.0
883,rider_pickup_presence,58.3727738,26.7130252,2689.98,2868.5,861.0
883,trip_completion,58.3788403,26.760844,3493.0,2868.5,861.0
883,rider_dropoff_presence,58.3788403,26.760844,3551.54,2868.5,861.0
884,driver_arrival,58.3720643,26.7391102,2635.0,1718.9,445.0
884,rider_pickup_presence,58.3720643,26.7391102,2635.79,1718.9,445.0
884,trip_completion,58.3695228,26.7681856,3080.0,1718.9,445.0
884,rider_dropoff_presence,58.3695228,26.7681856,3146.2,1718.9,445.0
885,driver_arrival,58.3610638,26.7080698,2638.0,2459.3,836.0
885,rider_pickup_presence,58.3610638,26.7080698,2639.42,2459.3,836.0
885,trip_completion,58.3817225,26.7231316,3474.0,2459.3,836.0
885,rider_dropoff_presence,58.3817225,26.7231316,3537.53,2459.3,836.0
886,driver_arrival,58.3728492,26.7588094,2638.0,1386.3,320.0
886,rider_pickup_presence,58.3728492,26.7588094,2670.97,1386.3,320.0
886,trip_completion,58.3850177,26.7536352,2958.0,1386.3,320.0
886,rider_dropoff_presence,58.3850177,26.7536352,3075.3,1386.3,320.0
887,driver_arrival,58.3814645,26.7118045,2641.0,653.0,146.0
887,rider_pickup_presence,58.3814645,26.7118045,2643.06,653.0,146.0
887,trip_completion,58.3818963,26.722976,2787.0,653.0,146.0
887,rider_dropoff_presence,58.3818963,26.722976,2884.58,653.0,146.0
888,driver_arrival,58.3776479,26.7584242,2643.0,2133.6,296.0
888,rider_pickup_presence,58.3776479,26.7584242,2723.88,2133.6,296.0
888,trip_completion,58.3679014,26.7269061,2939.0,2133.6,296.0
888,rider_dropoff_presence,58.3679014,26.7269061,3035.74,2133.6,296.0
889,driver_arrival,58.3865463,26.7250111,2644.0,2121.9,309.0
889,rider_pickup_presence,58.3865463,26.7250111,2753.17,2121.9,309.0
889,trip_completion,58.3756796,26.6950898,2953.0,2121.9,309.0
889,rider_dropoff_presence,58.3756796,26.6950898,2965.84,2121.9,309.0
89,driver_arrival,58.3762427,26.7222226,325.0,1101.1,220.0
89,rider_pickup_presence,58.3762427,26.7222226,336.56,1101.1,220.0
89,trip_completion,58.3816592,26.7380339,545.0,1101.1,220.0
89,rider_dropoff_presence,58.3816592,26.7380339,562.87,1101.1,220.0
890,driver_arrival,58.3728825,26.759102,2645.0,310.9,108.0
890,rider_pickup_presence,58.3728825,26.759102,2668.03,310.9,108.0
890,trip_completion,58.3746834,26.7631799,2753.0,310.9,108.0
890,rider_dropoff_presence,58.3746834,26.7631799,2816.17,310.9,108.0
891,driver_arrival,58.3695102,26.7069966,2646.0,798.3,96.0
891,rider_pickup_presence,58.3695102,26.7069966,2743.83,798.3,96.0
891,trip_completion,58.3674465,26.6938855,2742.0,798.3,96.0
891,rider_dropoff_presence,58.3674465,26.6938855,2774.08,798.3,96.0
892,driver_arrival,58.3847326,26.7108556,2646.0,1310.8,364.0
892,rider_pickup_presence,58.3847326,26.7108556,2693.63,1310.8,364.0
892,trip_completion,58.377737,26.7289535,3010.0,1310.8,364.0
892,rider_dropoff_presence,58.377737,26.7289535,3054.77,1310.8,364.0
893,driver_arrival,58.3898003,26.7106108,2647.0,957.7,322.0
893,rider_pickup_presence,58.3898003,26.7106108,2695.72,957.7,322.0
893,trip_completion,58.3825592,26.719507,2969.0,957.7,322.0
893,rider_dropoff_presence,58.3825592,26.719507,3036.8,957.7,322.0
894,driver_arrival,58.3789137,26.7274868,2647.0,3163.8,497.0
894,rider_pickup_presence,58.3789137,26.7274868,2765.83,3163.8,497.0
894,trip_completion,58.3712445,26.77974,3144.0,3163.8,497.0
894,rider_dropoff_presence,58.3712445,26.77974,3171.1,3163.8,497.0
895,driver_arrival,58.3788071,26.70771,2648.0,3840.5,487.0
895,rider_pickup_presence,58.3788071,26.70771,2730.08,3840.5,487.0
895,trip_completion,58.367317,26.7698227,3135.0,3840.5,487.0
895,rider_dropoff_presence,58.367317,26.7698227,3236.74,3840.5,487.0
896,driver_arrival,58.3688968,26.7367023,2648.0,1808.6,265.0
896,rider_pickup_presence,58.3688968,26.7367023,2726.45,1808.6,265.0
896,trip_completion,58.3843224,26.7268656,2913.0,1808.6,265.0
896,rider_dropoff_presence,58.3843224,26.7268656,3015.99,1808.6,265.0
897,driver_arrival,58.371918,26.7619947,2652.0,1032.4,198.0
897,rider_pickup_presence,58.371918,26.7619947,2743.15,1032.4,198.0
897,trip_completion,58.3627581,26.7591018,2850.0,1032.4,198.0
897,rider_dropoff_presence,58.3627581,26.7591018,2861.22,1032.4,198.0
898,driver_arrival,58.3690331,26.7283942,2656.0,2598.3,526.0
898,rider_pickup_presence,58.3690331,26.7283942,2701.51,2598.3,526.0
898,trip_completion,58.3616936,26.6860973,3182.0,2598.3,526.0
898,rider_dropoff_presence,58.3616936,26.6860973,3248.32,2598.3,526.0
899,driver_arrival,58.3796022,26.747918,2664.0,804.2,191.0
899,rider_pickup_presence,58.3796022,26.747918,2670.73,804.2,191.0
899,trip_completion,58.3736657,26.7557958,2855.0,804.2,191.0
899,rider_dropoff_presence,58.3736657,26.7557958,2856.13,804.2,191.0
9,driver_arrival,58.366015,26.7124016,34.0,1168.9,319.0
9,rider_pickup_presence,58.366015,26.7124016,54.57,1168.9,319.0
9,trip_completion,58.3719332,26.6958351,353.0,1168.9,319.0
9,rider_dropoff_presence,58.3719332,26.6958351,412.98,1168.9,319.0
90,driver_arrival,58.3667795,26.7278931,329.0,2360.2,744.0
90,rider_pickup_presence,58.3667795,26.7278931,381.07,2360.2,744.0
90,trip_completion,58.386583,26.713325,1073.0,2360.2,744.0
90,rider_dropoff_presence,58.386583,26.713325,1167.13,2360.2,744.0
900,driver_arrival,58.3686933,26.6986648,2666.0,4613.7,1090.0
900,rider_pickup_presence,58.3686933,26.6986648,2733.9,4613.7,1090.0
900,trip_completion,58.3755767,26.7766914,3756.0,4613.7,1090.0
900,rider_dropoff_presence,58.3755767,26.7766914,3858.96,4613.7,1090.0
901,driver_arrival,58.3680986,26.7283383,2666.0,1800.1,314.0
901,rider_pickup_presence,58.3680986,26.7283383,2677.44,1800.1,314.0
901,trip_completion,58.3743721,26.6998798,2980.0,1800.1,314.0
901,rider_dropoff_presence,58.3743721,26.6998798,3043.38,1800.1,314.0
902,driver_arrival,58.3773843,26.767027,2669.0,3962.1,628.0
902,rider_pickup_presence,58.3773843,26.767027,2674.11,3962.1,628.0
902,trip_completion,58.374798,26.6992508,3297.0,3962.1,628.0
902,rider_dropoff_presence,58.374798,26.6992508,3322.37,3962.1,628.0
903,driver_arrival,58.3731762,26.7207726,2674.0,3236.9,694.0
903,rider_pickup_presence,58.3731762,26.7207726,2778.17,3236.9,694.0
903,trip_completion,58.3775176,26.7756673,3368.0,3236.9,694.0
903,rider_dropoff_presence,58.3775176,26.7756673,3474.51,3236.9,694.0
904,driver_arrival,58.375657,26.7549956,2675.0,678.7,811.0
904,rider_pickup_presence,58.375657,26.7549956,2732.06,678.7,811.0
904,trip_completion,58.3750841,26.7665848,3486.0,678.7,811.0
904,rider_dropoff_presence,58.3750841,26.7665848,3491.59,678.7,811.0
905,driver_arrival,58.3885788,26.6947565,2677.0,2390.1,781.0
905,rider_pickup_presence,58.3885788,26.6947565,2685.92,2390.1,781.0
905,trip_completion,58.3746369,26.7259626,3458.0,2390.1,781.0
905,rider_dropoff_presence,58.3746369,26.7259626,3569.07,2390.1,781.0
906,driver_arrival,58.3696239,26.7760005,2678.0,2813.6,530.0
906,rider_pickup_presence,58.3696239,26.7760005,2785.92,2813.6,530.0
906,trip_completion,58.3680506,26.7278466,3208.0,2813.6,530.0
906,rider_dropoff_presence,58.3680506,26.7278466,3275.62,2813.6,530.0
907,driver_arrival,58.3681009,26.7184346,2680.0,2319.0,308.0
907,rider_pickup_presence,58.3681009,26.7184346,2683.95,2319.0,308.0
907,trip_completion,58.3782717,26.6837145,2988.0,2319.0,308.0
907,rider_dropoff_presence,58.3782717,26.6837145,3099.45,2319.0,308.0
908,driver_arrival,58.3694285,26.7736628,2683.0,5301.8,864.0
908,rider_pickup_presence,58.3694285,26.7736628,2720.74,5301.8,864.0
908,trip_completion,58.3780751,26.6842425,3547.0,5301.8,864.0
908,rider_dropoff_presence,58.3780751,26.6842425,3662.38,5301.8,864.0
909,driver_arrival,58.3616206,26.7232179,2685.0,3116.5,589.0
909,rider_pickup_presence,58.3616206,26.7232179,2755.44,3116.5,589.0
909,trip_completion,58.3886152,26.7088422,3274.0,3116.5,589.0
909,rider_dropoff_presence,58.3886152,26.7088422,3364.27,3116.5,589.0
91,driver_arrival,58.3864052,26.6948401,331.0,4609.0,1024.0
91,rider_pickup_presence,58.3864052,26.6948401,416.53,4609.0,1024.0
91,trip_completion,58.3698268,26.7672972,1355.0,4609.0,1024.0
91,rider_dropoff_presence,58.3698268,26.7672972,1402.8,4609.0,1024.0
910,driver_arrival,58.3810969,26.7420538,2690.0,2322.3,307.0
910,rider_pickup_presence,58.3810969,26.7420538,2699.23,2322.3,307.0
910,trip_completion,58.3610663,26.7307799,2997.0,2322.3,307.0
910,rider_dropoff_presence,58.3610663,26.7307799,3016.49,2322.3,307.0
911,driver_arrival,58.3622989,26.6927622,2700.0,1784.3,418.0
911,rider_pickup_presence,58.3622989,26.6927622,2728.86,1784.3,418.0
911,trip_completion,58.3718857,26.7172974,3118.0,1784.3,418.0
911,rider_dropoff_presence,58.3718857,26.7172974,3218.16,1784.3,418.0
912,driver_arrival,58.360074,26.716007,2707.0,3286.1,489.0
912,rider_pickup_presence,58.360074,26.716007,2753.7,3286.1,489.0
912,trip_completion,58.3895209,26.7112412,3196.0,3286.1,489.0
912,rider_dropoff_presence,58.3895209,26.7112412,3303.58,3286.1,489.0
913,driver_arrival,58.3700243,26.7334106,2709.0,2745.4,519.0
913,rider_pickup_presence,58.3700243,26.7334106,2748.81,2745.4,519.0
913,trip_completion,58.3726715,26.7802205,3228.0,2745.4,519.0
913,rider_dropoff_presence,58.3726715,26.7802205,3318.67,2745.4,519.0
914,driver_arrival,58.3746433,26.7548141,2712.0,2974.8,546.0
914,rider_pickup_presence,58.3746433,26.7548141,2728.79,2974.8,546.0
914,trip_completion,58.3888048,26.7115196,3258.0,2974.8,546.0
914,rider_dropoff_presence,58.3888048,26.7115196,3376.62,2974.8,546.0
915,driver_arrival,58.3687251,26.7178421,2716.0,2422.7,434.0
915,rider_pickup_presence,58.3687251,26.7178421,2802.9,2422.7,434.0
915,trip_completion,58.3898894,26.7277132,3150.0,2422.7,434.0
915,rider_dropoff_presence,58.3898894,26.7277132,3210.1,2422.7,434.0
916,driver_arrival,58.3772301,26.7305199,2717.0,534.6,174.0
916,rider_pickup_presence,58.3772301,26.7305199,2833.92,534.6,174.0
916,trip_completion,58.3735894,26.736509,2891.0,534.6,174.0
916,rider_dropoff_presence,58.3735894,26.736509,2897.44,534.6,174.0
917,driver_arrival,58.3893066,26.6925418,2718.0,3887.0,475.0
917,rider_pickup_presence,58.3893066,26.6925418,2770.45,3887.0,475.0
917,trip_completion,58.3631039,26.7366714,3193.0,3887.0,475.0
917,rider_dropoff_presence,58.3631039,26.7366714,3293.64,3887.0,475.0
918,driver_arrival,58.3741775,26.7707647,2723.0,2735.9,522.0
918,rider_pickup_presence,58.3741775,26.7707647,2763.87,2735.9,522.0
918,trip_completion,58.371256,26.7241756,3245.0,2735.9,522.0
918,rider_dropoff_presence,58.371256,26.7241756,3337.28,2735.9,522.0
919,driver_arrival,58.3895673,26.7125124,2726.0,4195.7,654.0
919,rider_pickup_presence,58.3895673,26.7125124,2840.58,4195.7,654.0
919,trip_completion,58.3741584,26.7782125,3380.0,4195.7,654.0
919,rider_dropoff_presence,58.3741584,26.7782125,3427.6,4195.7,654.0
92,driver_arrival,58.3725533,26.7587672,332.0,950.7,167.0
92,rider_pickup_presence,58.3725533,26.7587672,424.83,950.7,167.0
92,trip_completion,58.3691966,26.7737615,499.0,950.7,167.0
92,rider_dropoff_presence,58.3691966,26.7737615,502.56,950.7,167.0
920,driver_arrival,58.383563,26.7215067,2728.0,2603.9,537.0
920,rider_pickup_presence,58.383563,26.7215067,2760.8,2603.9,537.0
920,trip_completion,58.3736245,26.7619489,3265.0,2603.9,537.0
920,rider_dropoff_presence,58.3736245,26.7619489,3384.11,2603.9,537.0
921,driver_arrival,58.3712657,26.7143472,2729.0,1187.3,286.0
921,rider_pickup_presence,58.3712657,26.7143472,2787.87,1187.3,286.0
921,trip_completion,58.3611089,26.7080645,3015.0,1187.3,286.0
921,rider_dropoff_presence,58.3611089,26.7080645,3057.7,1187.3,286.0
922,driver_arrival,58.3847026,26.6922963,2733.0,2278.9,504.0
922,rider_pickup_presence,58.3847026,26.6922963,2845.94,2278.9,504.0
922,trip_completion,58.3834263,26.7313161,3237.0,2278.9,504.0
922,rider_dropoff_presence,58.3834263,26.7313161,3288.82,2278.9,504.0
923,driver_arrival,58.3805829,26.737295,2739.0,1105.0,179.0
923,rider_pickup_presence,58.3805829,26.737295,2820.56,1105.0,179.0
923,trip_completion,58.3708106,26.7338552,2918.0,1105.0,179.0
923,rider_dropoff_presence,58.3708106,26.7338552,2997.28,1105.0,179.0
924,driver_arrival,58.3820155,26.6945896,2740.0,941.0,71.0
924,rider_pickup_presence,58.3820155,26.6945896,2750.28,941.0,71.0
924,trip_completion,58.375451,26.7047765,2811.0,941.0,71.0
924,rider_dropoff_presence,58.375451,26.7047765,2885.23,941.0,71.0
925,driver_arrival,58.3896923,26.6938531,2742.0,2117.0,223.0
925,rider_pickup_presence,58.3896923,26.6938531,2837.77,2117.0,223.0
925,trip_completion,58.3707681,26.6898815,2965.0,2117.0,223.0
925,rider_dropoff_presence,58.3707681,26.6898815,3050.57,2117.0,223.0
926,driver_arrival,58.3752292,26.7132732,2743.0,1692.8,251.0
926,rider_pickup_presence,58.3752292,26.7132732,2752.84,1692.8,251.0
926,trip_completion,58.377958,26.6847089,2994.0,1692.8,251.0
926,rider_dropoff_presence,58.377958,26.6847089,3012.51,1692.8,251.0
928,driver_arrival,58.3854269,26.7265109,2750.0,1322.8,152.0
928,rider_pickup_presence,58.3854269,26.7265109,2835.4,1322.8,152.0
928,trip_completion,58.3775295,26.7434798,2902.0,1322.8,152.0
928,rider_dropoff_presence,58.3775295,26.7434798,2978.07,1322.8,152.0
929,driver_arrival,58.3739964,26.707438,2755.0,575.9,156.0
929,rider_pickup_presence,58.3739964,26.707438,2843.76,575.9,156.0
929,trip_completion,58.371291,26.715861,2911.0,575.9,156.0
929,rider_dropoff_presence,58.371291,26.715861,2949.0,575.9,156.0
93,driver_arrival,58.3622862,26.7395023,332.0,2245.2,282.0
93,rider_pickup_presence,58.3622862,26.7395023,344.79,2245.2,282.0
93,trip_completion,58.3818906,26.7302828,614.0,2245.2,282.0
93,rider_dropoff_presence,58.3818906,26.7302828,614.62,2245.2,282.0
930,driver_arrival,58.3605317,26.72134,2760.0,1616.5,218.0
930,rider_pickup_presence,58.3605317,26.72134,2796.99,1616.5,218.0
930,trip_completion,58.3741843,26.7118155,2978.0,1616.5,218.0
930,rider_dropoff_presence,58.3741843,26.7118155,3021.19,1616.5,218.0
931,driver_arrival,58.3809586,26.7375084,2762.0,2250.2,374.0
931,rider_pickup_presence,58.3809586,26.7375084,2794.37,2250.2,374.0
931,trip_completion,58.3695555,26.7693911,3136.0,2250.2,374.0
931,rider_dropoff_presence,58.3695555,26.7693911,3151.9,2250.2,374.0
932,driver_arrival,58.3714849,26.7667635,2764.0,516.3,279.0
932,rider_pickup_presence,58.3714849,26.7667635,2786.49,516.3,279.0
932,trip_completion,58.3729555,26.7583654,3043.0,516.3,279.0
932,rider_dropoff_presence,58.3729555,26.7583654,3096.86,516.3,279.0
933,driver_arrival,58.3746251,26.7292038,2769.0,1150.6,187.0
933,rider_pickup_presence,58.3746251,26.7292038,2835.57,1150.6,187.0
933,trip_completion,58.3816121,26.7437609,2956.0,1150.6,187.0
933,rider_dropoff_presence,58.3816121,26.7437609,3004.97,1150.6,187.0
934,driver_arrival,58.381706,26.7108282,2769.0,4537.0,688.0
934,rider_pickup_presence,58.381706,26.7108282,2772.15,4537.0,688.0
934,trip_completion,58.3604532,26.7772459,3457.0,4537.0,688.0
934,rider_dropoff_presence,58.3604532,26.7772459,3499.47,4537.0,688.0
935,driver_arrival,58.3785072,26.7411547,2770.0,3112.0,911.0
935,rider_pickup_presence,58.3785072,26.7411547,2781.17,3112.0,911.0
935,trip_completion,58.383302,26.688562,3681.0,3112.0,911.0
935,rider_dropoff_presence,58.383302,26.688562,3752.77,3112.0,911.0
936,driver_arrival,58.3741559,26.7118332,2775.0,1161.5,166.0
936,rider_pickup_presence,58.3741559,26.7118332,2813.93,1161.5,166.0
936,trip_completion,58.3685959,26.7286958,2941.0,1161.5,166.0
936,rider_dropoff_presence,58.3685959,26.7286958,2987.23,1161.5,166.0
937,driver_arrival,58.3792641,26.6793251,2781.0,1682.1,148.0
937,rider_pickup_presence,58.3792641,26.6793251,2816.02,1682.1,148.0
937,trip_completion,58.366552,26.6949623,2929.0,1682.1,148.0
937,rider_dropoff_presence,58.366552,26.6949623,2975.54,1682.1,148.0
938,driver_arrival,58.3673786,26.7686745,2781.0,5106.5,834.0
938,rider_pickup_presence,58.3673786,26.7686745,2791.16,5106.5,834.0
938,trip_completion,58.378839,26.6838683,3615.0,5106.5,834.0
938,rider_dropoff_presence,58.378839,26.6838683,3723.14,5106.5,834.0
939,driver_arrival,58.3637254,26.7095912,2782.0,386.2,67.0
939,rider_pickup_presence,58.3637254,26.7095912,2890.62,386.2,67.0
939,trip_completion,58.360252,26.7095844,2849.0,386.2,67.0
939,rider_dropoff_presence,58.360252,26.7095844,2966.38,386.2,67.0
94,driver_arrival,58.3897773,26.7085891,334.0,3384.9,455.0
94,rider_pickup_presence,58.3897773,26.7085891,402.64,3384.9,455.0
94,trip_completion,58.3631069,26.7365784,789.0,3384.9,455.0
94,rider_dropoff_presence,58.3631069,26.7365784,809.35,3384.9,455.0
940,driver_arrival,58.3762095,26.695783,2786.0,1621.6,333.0
940,rider_pickup_presence,58.3762095,26.695783,2831.69,1621.6,333.0
940,trip_completion,58.3866492,26.7152067,3119.0,1621.6,333.0
940,rider_dropoff_presence,58.3866492,26.7152067,3135.66,1621.6,333.0
941,driver_arrival,58.3833119,26.7206361,2788.0,2148.4,275.0
941,rider_pickup_presence,58.3833119,26.7206361,2824.14,2148.4,275.0
941,trip_completion,58.3778767,26.6852723,3063.0,2148.4,275.0
941,rider_dropoff_presence,58.3778767,26.6852723,3122.17,2148.4,275.0
942,driver_arrival,58.3852126,26.7349202,2789.0,3377.6,598.0
942,rider_pickup_presence,58.3852126,26.7349202,2796.59,3377.6,598.0
942,trip_completion,58.371688,26.6830447,3387.0,3377.6,598.0
942,rider_dropoff_presence,58.371688,26.6830447,3439.16,3377.6,598.0
943,driver_arrival,58.3745204,26.7157548,2791.0,1948.9,344.0
943,rider_pickup_presence,58.3745204,26.7157548,2841.53,1948.9,344.0
943,trip_completion,58.3794832,26.7478134,3135.0,1948.9,344.0
943,rider_dropoff_presence,58.3794832,26.7478134,3193.11,1948.9,344.0
944,driver_arrival,58.38208,26.7590197,2796.0,3771.7,603.0
944,rider_pickup_presence,58.38208,26.7590197,2805.23,3771.7,603.0
944,trip_completion,58.3843746,26.6944638,3399.0,3771.7,603.0
944,rider_dropoff_presence,58.3843746,26.6944638,3429.2,3771.7,603.0
945,driver_arrival,58.3637699,26.7095923,2799.0,1466.3,536.0
945,rider_pickup_presence,58.3637699,26.7095923,2828.59,1466.3,536.0
945,trip_completion,58.3754913,26.7211109,3335.0,1466.3,536.0
945,rider_dropoff_presence,58.3754913,26.7211109,3410.0,1466.3,536.0
946,driver_arrival,58.3791094,26.7099802,2801.0,440.4,106.0
946,rider_pickup_presence,58.3791094,26.7099802,2872.26,440.4,106.0
946,trip_completion,58.3759141,26.7144441,2907.0,440.4,106.0
946,rider_dropoff_presence,58.3759141,26.7144441,2930.47,440.4,106.0
947,driver_arrival,58.3616393,26.7246107,2802.0,2688.0,442.0
947,rider_pickup_presence,58.3616393,26.7246107,2814.84,2688.0,442.0
947,trip_completion,58.3847166,26.7108842,3244.0,2688.0,442.0
947,rider_dropoff_presence,58.3847166,26.7108842,3280.56,2688.0,442.0
948,driver_arrival,58.3761128,26.7839474,2802.0,5106.7,861.0
948,rider_pickup_presence,58.3761128,26.7839474,2915.86,5106.7,861.0
948,trip_completion,58.3724482,26.6966442,3663.0,5106.7,861.0
948,rider_dropoff_presence,58.3724482,26.6966442,3702.87,5106.7,861.0
949,driver_arrival,58.371036,26.7217417,2805.0,1390.2,444.0
949,rider_pickup_presence,58.371036,26.7217417,2879.42,1390.2,444.0
949,trip_completion,58.3823178,26.7320176,3249.0,1390.2,444.0
949,rider_dropoff_presence,58.3823178,26.7320176,3345.49,1390.2,444.0
95,driver_arrival,58.3769732,26.719709,335.0,2244.8,338.0
95,rider_pickup_presence,58.3769732,26.719709,374.55,2244.8,338.0
95,trip_completion,58.3714703,26.6826678,673.0,2244.8,338.0
95,rider_dropoff_presence,58.3714703,26.6826678,713.17,2244.8,338.0
950,driver_arrival,58.3861074,26.7264813,2808.0,407.4,96.0
950,rider_pickup_presence,58.3861074,26.7264813,2905.86,407.4,96.0
950,trip_completion,58.3833309,26.7310406,2904.0,407.4,96.0
950,rider_dropoff_presence,58.3833309,26.7310406,3007.14,407.4,96.0
951,driver_arrival,58.3656472,26.7650943,2811.0,2787.3,641.0
951,rider_pickup_presence,58.3656472,26.7650943,2927.91,2787.3,641.0
951,trip_completion,58.3736008,26.7197664,3452.0,2787.3,641.0
951,rider_dropoff_presence,58.3736008,26.7197664,3468.33,2787.3,641.0
952,driver_arrival,58.3749624,26.7692842,2813.0,738.6,172.0
952,rider_pickup_presence,58.3749624,26.7692842,2851.48,738.6,172.0
952,trip_completion,58.380202,26.7614988,2985.0,738.6,172.0
952,rider_dropoff_presence,58.380202,26.7614988,3098.67,738.6,172.0
953,driver_arrival,58.3815957,26.7500264,2813.0,1397.1,189.0
953,rider_pickup_presence,58.3815957,26.7500264,2837.1,1397.1,189.0
953,trip_completion,58.372982,26.7325811,3002.0,1397.1,189.0
953,rider_dropoff_presence,58.372982,26.7325811,3039.7,1397.1,189.0
954,driver_arrival,58.3624157,26.7592548,2814.0,2248.1,242.0
954,rider_pickup_presence,58.3624157,26.7592548,2929.75,2248.1,242.0
954,trip_completion,58.3811382,26.7447051,3056.0,2248.1,242.0
954,rider_dropoff_presence,58.3811382,26.7447051,3172.25,2248.1,242.0
955,driver_arrival,58.3829991,26.7092365,2815.0,2241.1,376.0
955,rider_pickup_presence,58.3829991,26.7092365,2849.97,2241.1,376.0
955,trip_completion,58.3764407,26.7455865,3191.0,2241.1,376.0
955,rider_dropoff_presence,58.3764407,26.7455865,3274.39,2241.1,376.0
956,driver_arrival,58.3713925,26.7218573,2822.0,1369.3,154.0
956,rider_pickup_presence,58.3713925,26.7218573,2880.92,1369.3,154.0
956,trip_completion,58.3605074,26.7328353,2976.0,1369.3,154.0
956,rider_dropoff_presence,58.3605074,26.7328353,3045.11,1369.3,154.0
957,driver_arrival,58.3685724,26.7361868,2823.0,2037.7,926.0
957,rider_pickup_presence,58.3685724,26.7361868,2852.09,2037.7,926.0
957,trip_completion,58.3620967,26.7035015,3749.0,2037.7,926.0
957,rider_dropoff_presence,58.3620967,26.7035015,3794.13,2037.7,926.0
958,driver_arrival,58.3865568,26.7150585,2823.0,1355.4,161.0
958,rider_pickup_presence,58.3865568,26.7150585,2920.98,1355.4,161.0
958,trip_completion,58.3846947,26.7380383,2984.0,1355.4,161.0
958,rider_dropoff_presence,58.3846947,26.7380383,3031.15,1355.4,161.0
959,driver_arrival,58.3662086,26.7237152,2832.0,1196.0,448.0
959,rider_pickup_presence,58.3662086,26.7237152,2845.67,1196.0,448.0
959,trip_completion,58.3765403,26.729421,3280.0,1196.0,448.0
959,rider_dropoff_presence,58.3765403,26.729421,3347.66,1196.0,448.0
96,driver_arrival,58.375574,26.6960407,340.0,3435.8,732.0
96,rider_pickup_presence,58.375574,26.6960407,411.07,3435.8,732.0
96,trip_completion,58.383989,26.7527477,1072.0,3435.8,732.0
96,rider_dropoff_presence,58.383989,26.7527477,1137.48,3435.8,732.0
960,driver_arrival,58.3891847,26.7065879,2836.0,2378.7,292.0
960,rider_pickup_presence,58.3891847,26.7065879,2917.81,2378.7,292.0
960,trip_completion,58.3697576,26.7236712,3128.0,2378.7,292.0
960,rider_dropoff_presence,58.3697576,26.7236712,3194.01,2378.7,292.0
961,driver_arrival,58.3647369,26.7256596,2840.0,2458.9,316.0
961,rider_pickup_presence,58.3647369,26.7256596,2954.36,2458.9,316.0
961,trip_completion,58.3749198,26.6882291,3156.0,2458.9,316.0
961,rider_dropoff_presence,58.3749198,26.6882291,3211.39,2458.9,316.0
962,driver_arrival,58.3655267,26.7214522,2842.0,2243.2,507.0
962,rider_pickup_presence,58.3655267,26.7214522,2927.0,2243.2,507.0
962,trip_completion,58.3641699,26.6830765,3349.0,2243.2,507.0
962,rider_dropoff_presence,58.3641699,26.6830765,3401.61,2243.2,507.0
963,driver_arrival,58.3765301,26.7457196,2846.0,2049.9,275.0
963,rider_pickup_presence,58.3765301,26.7457196,2880.96,2049.9,275.0
963,trip_completion,58.3857513,26.7152714,3121.0,2049.9,275.0
963,rider_dropoff_presence,58.3857513,26.7152714,3204.14,2049.9,275.0
964,driver_arrival,58.3841399,26.707147,2848.0,1541.9,130.0
964,rider_pickup_presence,58.3841399,26.707147,2946.28,1541.9,130.0
964,trip_completion,58.3778327,26.6835916,2978.0,1541.9,130.0
964,rider_dropoff_presence,58.3778327,26.6835916,3073.48,1541.9,130.0
965,driver_arrival,58.3699758,26.7016249,2851.0,2448.3,621.0
965,rider_pickup_presence,58.3699758,26.7016249,2900.1,2448.3,621.0
965,trip_completion,58.3842668,26.7335699,3472.0,2448.3,621.0
965,rider_dropoff_presence,58.3842668,26.7335699,3531.92,2448.3,621.0
966,driver_arrival,58.3696898,26.7735969,2856.0,1404.7,274.0
966,rider_pickup_presence,58.3696898,26.7735969,2932.0,1404.7,274.0
966,trip_completion,58.3781492,26.7557051,3130.0,1404.7,274.0
966,rider_dropoff_presence,58.3781492,26.7557051,3159.04,1404.7,274.0
967,driver_arrival,58.3832173,26.7103643,2871.0,1061.5,198.0
967,rider_pickup_presence,58.3832173,26.7103643,2950.04,1061.5,198.0
967,trip_completion,58.3833558,26.6921564,3069.0,1061.5,198.0
967,rider_dropoff_presence,58.3833558,26.6921564,3154.83,1061.5,198.0
968,driver_arrival,58.3720219,26.7102586,2874.0,3757.8,782.0
968,rider_pickup_presence,58.3720219,26.7102586,2968.69,3757.8,782.0
968,trip_completion,58.3791442,26.7732623,3656.0,3757.8,782.0
968,rider_dropoff_presence,58.3791442,26.7732623,3664.88,3757.8,782.0
969,driver_arrival,58.3635379,26.7253925,2875.0,2888.1,629.0
969,rider_pickup_presence,58.3635379,26.7253925,2993.88,2888.1,629.0
969,trip_completion,58.3887102,26.7131868,3504.0,2888.1,629.0
969,rider_dropoff_presence,58.3887102,26.7131868,3561.51,2888.1,629.0
97,driver_arrival,58.3756022,26.7661763,351.0,3928.4,1144.0
97,rider_pickup_presence,58.3756022,26.7661763,399.1,3928.4,1144.0
97,trip_completion,58.3734258,26.6989289,1495.0,3928.4,1144.0
97,rider_dropoff_presence,58.3734258,26.6989289,1555.79,3928.4,1144.0
970,driver_arrival,58.3634357,26.7292537,2875.0,2421.6,296.0
970,rider_pickup_presence,58.3634357,26.7292537,2985.45,2421.6,296.0
970,trip_completion,58.384878,26.736521,3171.0,2421.6,296.0
970,rider_dropoff_presence,58.384878,26.736521,3254.01,2421.6,296.0
971,driver_arrival,58.3765783,26.7465368,2881.0,3262.2,996.0
971,rider_pickup_presence,58.3765783,26.7465368,2946.24,3262.2,996.0
971,trip_completion,58.3833349,26.6920835,3877.0,3262.2,996.0
971,rider_dropoff_presence,58.3833349,26.6920835,3971.89,3262.2,996.0
972,driver_arrival,58.37712,26.7337524,2883.0,778.0,273.0
972,rider_pickup_presence,58.37712,26.7337524,2926.14,778.0,273.0
972,trip_completion,58.3777336,26.7470453,3156.0,778.0,273.0
972,rider_dropoff_presence,58.3777336,26.7470453,3263.46,778.0,273.0
973,driver_arrival,58.3651728,26.7015762,2885.0,1176.1,203.0
973,rider_pickup_presence,58.3651728,26.7015762,2949.43,1176.1,203.0
973,trip_completion,58.3754163,26.6965523,3088.0,1176.1,203.0
973,rider_dropoff_presence,58.3754163,26.6965523,3164.58,1176.1,203.0
974,driver_arrival,58.371099,26.7548273,2890.0,1464.0,231.0
974,rider_pickup_presence,58.371099,26.7548273,2900.2,1464.0,231.0
974,trip_completion,58.3815195,26.7394792,3121.0,1464.0,231.0
974,rider_dropoff_presence,58.3815195,26.7394792,3213.27,1464.0,231.0
975,driver_arrival,58.3614161,26.6917527,2895.0,2674.3,590.0
975,rider_pickup_presence,58.3614161,26.6917527,2973.91,2674.3,590.0
975,trip_completion,58.3807808,26.7189509,3485.0,2674.3,590.0
975,rider_dropoff_presence,58.3807808,26.7189509,3527.6,2674.3,590.0
976,driver_arrival,58.3768894,26.7778387,2899.0,3561.7,596.0
976,rider_pickup_presence,58.3768894,26.7778387,2976.64,3561.7,596.0
976,trip_completion,58.3759077,26.7167782,3495.0,3561.7,596.0
976,rider_dropoff_presence,58.3759077,26.7167782,3500.32,3561.7,596.0
977,driver_arrival,58.3765442,26.7139457,2901.0,1772.2,175.0
977,rider_pickup_presence,58.3765442,26.7139457,3019.03,1772.2,175.0
977,trip_completion,58.3780555,26.6836863,3076.0,1772.2,175.0
977,rider_dropoff_presence,58.3780555,26.6836863,3157.3,1772.2,175.0
978,driver_arrival,58.3717503,26.693427,2902.0,1223.0,212.0
978,rider_pickup_presence,58.3717503,26.693427,2949.95,1223.0,212.0
978,trip_completion,58.3608353,26.6960093,3114.0,1223.0,212.0
978,rider_dropoff_presence,58.3608353,26.6960093,3204.32,1223.0,212.0
979,driver_arrival,58.377929,26.7487221,2909.0,1659.6,345.0
979,rider_pickup_presence,58.377929,26.7487221,3024.89,1659.6,345.0
979,trip_completion,58.3741238,26.7762467,3254.0,1659.6,345.0
979,rider_dropoff_presence,58.3741238,26.7762467,3305.65,1659.6,345.0
98,driver_arrival,58.3820057,26.7321751,355.0,2496.4,449.0
98,rider_pickup_presence,58.3820057,26.7321751,356.27,2496.4,449.0
98,trip_completion,58.3639008,26.7068593,804.0,2496.4,449.0
98,rider_dropoff_presence,58.3639008,26.7068593,835.05,2496.4,449.0
980,driver_arrival,58.3823049,26.7570954,2915.0,428.8,89.0
980,rider_pickup_presence,58.3823049,26.7570954,2976.28,428.8,89.0
980,trip_completion,58.3823896,26.7644497,3004.0,428.8,89.0
980,rider_dropoff_presence,58.3823896,26.7644497,3066.26,428.8,89.0
981,driver_arrival,58.3669151,26.7388155,2917.0,1863.5,227.0
981,rider_pickup_presence,58.3669151,26.7388155,2986.66,1863.5,227.0
981,trip_completion,58.3832417,26.7460267,3144.0,1863.5,227.0
981,rider_dropoff_presence,58.3832417,26.7460267,3213.03,1863.5,227.0
982,driver_arrival,58.3827203,26.7383778,2918.0,538.1,90.0
982,rider_pickup_presence,58.3827203,26.7383778,2971.49,538.1,90.0
982,trip_completion,58.3839973,26.7294735,3008.0,538.1,90.0
982,rider_dropoff_presence,58.3839973,26.7294735,3054.94,538.1,90.0
983,driver_arrival,58.3717321,26.7542254,2921.0,2345.1,492.0
983,rider_pickup_presence,58.3717321,26.7542254,3013.68,2345.1,492.0
983,trip_completion,58.3755969,26.7146869,3413.0,2345.1,492.0
983,rider_dropoff_presence,58.3755969,26.7146869,3483.63,2345.1,492.0
984,driver_arrival,58.3766055,26.7551953,2922.0,3604.4,508.0
984,rider_pickup_presence,58.3766055,26.7551953,2982.06,3604.4,508.0
984,trip_completion,58.3598988,26.7022301,3430.0,3604.4,508.0
984,rider_dropoff_presence,58.3598988,26.7022301,3471.4,3604.4,508.0
985,driver_arrival,58.3833656,26.7099517,2922.0,2055.8,347.0
985,rider_pickup_presence,58.3833656,26.7099517,2924.95,2055.8,347.0
985,trip_completion,58.3836841,26.7452144,3269.0,2055.8,347.0
985,rider_dropoff_presence,58.3836841,26.7452144,3281.55,2055.8,347.0
986,driver_arrival,58.3894137,26.7199624,2926.0,1404.1,307.0
986,rider_pickup_presence,58.3894137,26.7199624,2975.92,1404.1,307.0
986,trip_completion,58.3787285,26.7071266,3233.0,1404.1,307.0
986,rider_dropoff_presence,58.3787285,26.7071266,3348.41,1404.1,307.0
987,driver_arrival,58.3906751,26.7354241,2929.0,2875.1,910.0
987,rider_pickup_presence,58.3906751,26.7354241,2942.93,2875.1,910.0
987,trip_completion,58.3722317,26.7699897,3839.0,2875.1,910.0
987,rider_dropoff_presence,58.3722317,26.7699897,3951.88,2875.1,910.0
988,driver_arrival,58.3831703,26.6920528,2933.0,5210.2,769.0
988,rider_pickup_presence,58.3831703,26.6920528,2950.0,5210.2,769.0
988,trip_completion,58.3742194,26.7797753,3702.0,5210.2,769.0
988,rider_dropoff_presence,58.3742194,26.7797753,3739.43,5210.2,769.0
989,driver_arrival,58.379713,26.7128127,2936.0,1359.1,258.0
989,rider_pickup_presence,58.379713,26.7128127,2990.64,1359.1,258.0
989,trip_completion,58.3684321,26.7217864,3194.0,1359.1,258.0
989,rider_dropoff_presence,58.3684321,26.7217864,3218.82,1359.1,258.0
99,driver_arrival,58.3794685,26.7126238,357.0,3105.7,383.0
99,rider_pickup_presence,58.3794685,26.7126238,414.95,3105.7,383.0
99,trip_completion,58.371601,26.7637339,740.0,3105.7,383.0
99,rider_dropoff_presence,58.371601,26.7637339,797.14,3105.7,383.0
990,driver_arrival,58.376938,26.7709893,2936.0,2998.9,286.0
990,rider_pickup_presence,58.376938,26.7709893,2988.58,2998.9,286.0
990,trip_completion,58.3872174,26.7234291,3222.0,2998.9,286.0
990,rider_dropoff_presence,58.3872174,26.7234291,3305.61,2998.9,286.0
991,driver_arrival,58.372262,26.7311944,2942.0,2760.5,478.0
991,rider_pickup_presence,58.372262,26.7311944,2980.27,2760.5,478.0
991,trip_completion,58.3697285,26.7782872,3420.0,2760.5,478.0
991,rider_dropoff_presence,58.3697285,26.7782872,3456.03,2760.5,478.0
992,driver_arrival,58.3668841,26.7257468,2946.0,1896.7,558.0
992,rider_pickup_presence,58.3668841,26.7257468,3043.22,1896.7,558.0
992,trip_completion,58.3837552,26.7209482,3504.0,1896.7,558.0
992,rider_dropoff_presence,58.3837552,26.7209482,3517.81,1896.7,558.0
993,driver_arrival,58.3800802,26.7002528,2956.0,1000.7,200.0
993,rider_pickup_presence,58.3800802,26.7002528,3057.9,1000.7,200.0
993,trip_completion,58.3754316,26.7149508,3156.0,1000.7,200.0
993,rider_dropoff_presence,58.3754316,26.7149508,3233.76,1000.7,200.0
994,driver_arrival,58.3788499,26.6839446,2957.0,377.0,91.0
994,rider_pickup_presence,58.3788499,26.6839446,3038.26,377.0,91.0
994,trip_completion,58.3754631,26.6836587,3048.0,377.0,91.0
994,rider_dropoff_presence,58.3754631,26.6836587,3067.72,377.0,91.0
995,driver_arrival,58.3763423,26.7452727,2960.0,1894.3,438.0
995,rider_pickup_presence,58.3763423,26.7452727,3078.07,1894.3,438.0
995,trip_completion,58.3785314,26.713051,3398.0,1894.3,438.0
995,rider_dropoff_presence,58.3785314,26.713051,3427.27,1894.3,438.0
996,driver_arrival,58.3686423,26.7730299,2960.0,686.1,179.0
996,rider_pickup_presence,58.3686423,26.7730299,2980.93,686.1,179.0
996,trip_completion,58.3735726,26.7659563,3139.0,686.1,179.0
996,rider_dropoff_presence,58.3735726,26.7659563,3158.22,686.1,179.0
997,driver_arrival,58.3633717,26.7300905,2961.0,2314.8,305.0
997,rider_pickup_presence,58.3633717,26.7300905,3028.18,2314.8,305.0
997,trip_completion,58.384114,26.7267161,3266.0,2314.8,305.0
997,rider_dropoff_presence,58.384114,26.7267161,3381.02,2314.8,305.0
998,driver_arrival,58.3750512,26.7494977,2962.0,1030.8,728.0
998,rider_pickup_presence,58.3750512,26.7494977,2989.82,1030.8,728.0
998,trip_completion,58.373629,26.7669677,3690.0,1030.8,728.0
998,rider_dropoff_presence,58.373629,26.7669677,3738.61,1030.8,728.0
999,driver_arrival,58.3835939,26.7302068,2962.0,1035.0,217.0
999,rider_pickup_presence,58.3835939,26.7302068,2984.13,1035.0,217.0
999,trip_completion,58.3906197,26.7185597,3179.0,1035.0,217.0
999,rider_dropoff_presence,58.3906197,26.7185597,3255.86,1035.0,217.0
