order_id,event,lat,lon,time,trip_dist_m,trip_dur_s
0,driver_arrival,58.3853609,26.7404579,2.0,2368.4,412.0
0,rider_pickup_presence,58.3853609,26.7404579,78.73,2368.4,412.0
0,trip_completion,58.3900626,26.7008248,414.0,2368.4,412.0
0,rider_dropoff_presence,58.3900626,26.7008248,417.0,2368.4,412.0
1,driver_arrival,58.3799343,26.7388375,3.0,1711.5,330.0
1,rider_pickup_presence,58.3799343,26.7388375,36.0,1711.5,330.0
1,trip_completion,58.3861946,26.7120156,333.0,1711.5,330.0
1,rider_dropoff_presence,58.3861946,26.7120156,359.79,1711.5,330.0
10,driver_arrival,58.3637741,26.7733766,60.0,1079.3,220.0
10,rider_pickup_presence,58.3637741,26.7733766,148.38,1079.3,220.0
10,trip_completion,58.3732063,26.7777417,280.0,1079.3,220.0
10,rider_dropoff_presence,58.3732063,26.7777417,361.2,1079.3,220.0
100,driver_arrival,58.3720916,26.7614603,587.0,4404.8,649.0
100,rider_pickup_presence,58.3720916,26.7614603,694.06,4404.8,649.0
100,trip_completion,58.3897422,26.6938169,1236.0,4404.8,649.0
100,rider_dropoff_presence,58.3897422,26.6938169,1246.43,4404.8,649.0
101,driver_arrival,58.3835939,26.7302068,588.0,2083.2,460.0
101,rider_pickup_presence,58.3835939,26.7302068,638.63,2083.2,460.0
101,trip_completion,58.3879336,26.6954392,1048.0,2083.2,460.0
101,rider_dropoff_presence,58.3879336,26.6954392,1051.58,2083.2,460.0
102,driver_arrival,58.3878319,26.7102284,594.0,2561.7,440.0
102,rider_pickup_presence,58.3878319,26.7102284,620.24,2561.7,440.0
102,trip_completion,58.376474,26.7484619,1034.0,2561.7,440.0
102,rider_dropoff_presence,58.376474,26.7484619,1094.64,2561.7,440.0
103,driver_arrival,58.375622,26.7661065,595.0,4478.9,1044.0
103,rider_pickup_presence,58.375622,26.7661065,598.18,4478.9,1044.0
103,trip_completion,58.3713747,26.6897209,1639.0,4478.9,1044.0
103,rider_dropoff_presence,58.3713747,26.6897209,1662.86,4478.9,1044.0
104,driver_arrival,58.384668,26.6975829,598.0,4160.5,624.0
104,rider_pickup_presence,58.384668,26.6975829,675.99,4160.5,624.0
104,trip_completion,58.3775066,26.7676326,1222.0,4160.5,624.0
104,rider_dropoff_presence,58.3775066,26.7676326,1287.39,4160.5,624.0
105,driver_arrival,58.3789684,26.7432522,604.0,2781.8,656.0
105,rider_pickup_presence,58.3789684,26.7432522,630.45,2781.8,656.0
105,trip_completion,58.3773458,26.6956384,1260.0,2781.8,656.0
105,rider_dropoff_presence,58.3773458,26.6956384,1330.71,2781.8,656.0
106,driver_arrival,58.3738329,26.7070534,608.0,1922.8,274.0
106,rider_pickup_presence,58.3738329,26.7070534,705.13,1922.8,274.0
106,trip_completion,58.3622628,26.7315564,882.0,1922.8,274.0
106,rider_dropoff_presence,58.3622628,26.7315564,882.78,1922.8,274.0
107,driver_arrival,58.3878831,26.7098465,611.0,2628.5,380.0
107,rider_pickup_presence,58.3878831,26.7098465,707.7,2628.5,380.0
107,trip_completion,58.3759088,26.7487242,991.0,2628.5,380.0
107,rider_dropoff_presence,58.3759088,26.7487242,1074.78,2628.5,380.0
108,driver_arrival,58.3784721,26.7455013,611.0,1782.2,290.0
108,rider_pickup_presence,58.3784721,26.7455013,651.83,1782.2,290.0
108,trip_completion,58.3870234,26.7196436,901.0,1782.2,290.0
108,rider_dropoff_presence,58.3870234,26.7196436,919.66,1782.2,290.0
109,driver_arrival,58.3637154,26.7068973,617.0,864.9,82.0
109,rider_pickup_presence,58.3637154,26.7068973,731.87,864.9,82.0
109,trip_completion,58.3674467,26.6938852,699.0,864.9,82.0
109,rider_dropoff_presence,58.3674467,26.6938852,739.39,864.9,82.0
11,driver_arrival,58.3829489,26.7189652,77.0,3465.3,765.0
11,rider_pickup_presence,58.3829489,26.7189652,88.13,3465.3,765.0
11,trip_completion,58.3703106,26.7732933,842.0,3465.3,765.0
11,rider_dropoff_presence,58.3703106,26.7732933,853.61,3465.3,765.0
110,driver_arrival,58.387053,26.7240498,630.0,3181.7,609.0
110,rider_pickup_presence,58.387053,26.7240498,731.7,3181.7,609.0
110,trip_completion,58.3734329,26.7720474,1239.0,3181.7,609.0
110,rider_dropoff_presence,58.3734329,26.7720474,1311.45,3181.7,609.0
111,driver_arrival,58.3671585,26.7423342,638.0,2908.5,534.0
111,rider_pickup_presence,58.3671585,26.7423342,734.86,2908.5,534.0
111,trip_completion,58.3885368,26.7135891,1172.0,2908.5,534.0
111,rider_dropoff_presence,58.3885368,26.7135891,1259.57,2908.5,534.0
112,driver_arrival,58.3779663,26.7289977,646.0,1623.6,194.0
112,rider_pickup_presence,58.3779663,26.7289977,710.35,1623.6,194.0
112,trip_completion,58.3772636,26.7568145,840.0,1623.6,194.0
112,rider_dropoff_presence,58.3772636,26.7568145,956.77,1623.6,194.0
113,driver_arrival,58.3750199,26.7152358,646.0,1919.0,406.0
113,rider_pickup_presence,58.3750199,26.7152358,691.42,1919.0,406.0
113,trip_completion,58.3792564,26.7471434,1052.0,1919.0,406.0
113,rider_dropoff_presence,58.3792564,26.7471434,1118.24,1919.0,406.0
114,driver_arrival,58.3815638,26.7379115,652.0,3691.6,847.0
114,rider_pickup_presence,58.3815638,26.7379115,751.53,3691.6,847.0
114,trip_completion,58.3666794,26.6813185,1499.0,3691.6,847.0
114,rider_dropoff_presence,58.3666794,26.6813185,1573.22,3691.6,847.0
115,driver_arrival,58.3816649,26.6847818,668.0,3469.3,420.0
115,rider_pickup_presence,58.3816649,26.6847818,771.4,3469.3,420.0
115,trip_completion,58.3600288,26.7276461,1088.0,3469.3,420.0
115,rider_dropoff_presence,58.3600288,26.7276461,1157.28,3469.3,420.0
116,driver_arrival,58.3846514,26.7264006,677.0,504.9,94.0
116,rider_pickup_presence,58.3846514,26.7264006,761.55,504.9,94.0
116,trip_completion,58.3867769,26.7340549,771.0,504.9,94.0
116,rider_dropoff_presence,58.3867769,26.7340549,776.5,504.9,94.0
117,driver_arrival,58.372446,26.6847104,677.0,1858.7,253.0
117,rider_pickup_presence,58.372446,26.6847104,704.35,1858.7,253.0
117,trip_completion,58.37717,26.7152892,930.0,1858.7,253.0
117,rider_dropoff_presence,58.37717,26.7152892,964.73,1858.7,253.0
118,driver_arrival,58.3859774,26.7291279,678.0,2452.8,274.0
118,rider_pickup_presence,58.3859774,26.7291279,687.58,2452.8,274.0
118,trip_completion,58.3646311,26.739735,952.0,2452.8,274.0
118,rider_dropoff_presence,58.3646311,26.739735,979.93,2452.8,274.0
119,driver_arrival,58.3696361,26.7388521,684.0,1757.0,610.0
119,rider_pickup_presence,58.3696361,26.7388521,696.12,1757.0,610.0
119,trip_completion,58.3762946,26.7115256,1294.0,1757.0,610.0
119,rider_dropoff_presence,58.3762946,26.7115256,1327.36,1757.0,610.0
12,driver_arrival,58.3728956,26.708891,87.0,1280.7,382.0
12,rider_pickup_presence,58.3728956,26.708891,163.28,1280.7,382.0
12,trip_completion,58.3778135,26.7287539,469.0,1280.7,382.0
12,rider_dropoff_presence,58.3778135,26.7287539,512.78,1280.7,382.0
120,driver_arrival,58.3801316,26.7533982,694.0,1007.7,150.0
120,rider_pickup_presence,58.3801316,26.7533982,738.42,1007.7,150.0
120,trip_completion,58.3836723,26.7374851,844.0,1007.7,150.0
120,rider_dropoff_presence,58.3836723,26.7374851,869.14,1007.7,150.0
121,driver_arrival,58.3622708,26.7345613,706.0,1763.9,194.0
121,rider_pickup_presence,58.3622708,26.7345613,738.04,1763.9,194.0
121,trip_completion,58.3770567,26.7455192,900.0,1763.9,194.0
121,rider_dropoff_presence,58.3770567,26.7455192,1012.4,1763.9,194.0
122,driver_arrival,58.3763522,26.7486902,707.0,222.0,61.0
122,rider_pickup_presence,58.3763522,26.7486902,784.76,222.0,61.0
122,trip_completion,58.3781275,26.7504329,768.0,222.0,61.0
122,rider_dropoff_presence,58.3781275,26.7504329,841.1,222.0,61.0
123,driver_arrival,58.374574,26.7689425,716.0,3419.3,717.0
123,rider_pickup_presence,58.374574,26.7689425,736.54,3419.3,717.0
123,trip_completion,58.3814954,26.7117991,1433.0,3419.3,717.0
123,rider_dropoff_presence,58.3814954,26.7117991,1520.5,3419.3,717.0
124,driver_arrival,58.3836213,26.7202059,720.0,1664.1,323.0
124,rider_pickup_presence,58.3836213,26.7202059,739.61,1664.1,323.0
124,trip_completion,58.3831897,26.7487423,1043.0,1664.1,323.0
124,rider_dropoff_presence,58.3831897,26.7487423,1088.53,1664.1,323.0
125,driver_arrival,58.3747063,26.7154534,722.0,3211.6,731.0
125,rider_pickup_presence,58.3747063,26.7154534,840.74,3211.6,731.0
125,trip_completion,58.3742436,26.7705279,1453.0,3211.6,731.0
125,rider_dropoff_presence,58.3742436,26.7705279,1529.8,3211.6,731.0
126,driver_arrival,58.3701238,26.7776284,724.0,2379.4,473.0
126,rider_pickup_presence,58.3701238,26.7776284,790.83,2379.4,473.0
126,trip_completion,58.3792321,26.7407018,1197.0,2379.4,473.0
126,rider_dropoff_presence,58.3792321,26.7407018,1279.15,2379.4,473.0
127,driver_arrival,58.3830171,26.7178937,737.0,1775.3,746.0
127,rider_pickup_presence,58.3830171,26.7178937,838.14,1775.3,746.0
127,trip_completion,58.3672822,26.7230555,1483.0,1775.3,746.0
127,rider_dropoff_presence,58.3672822,26.7230555,1576.12,1775.3,746.0
128,driver_arrival,58.3653284,26.7105296,739.0,1234.4,234.0
128,rider_pickup_presence,58.3653284,26.7105296,766.49,1234.4,234.0
128,trip_completion,58.3715476,26.7280631,973.0,1234.4,234.0
128,rider_dropoff_presence,58.3715476,26.7280631,976.85,1234.4,234.0
129,driver_arrival,58.3766281,26.7187567,743.0,358.2,451.0
129,rider_pickup_presence,58.3766281,26.7187567,780.85,358.2,451.0
129,trip_completion,58.3742576,26.7229158,1194.0,358.2,451.0
129,rider_dropoff_presence,58.3742576,26.7229158,1226.13,358.2,451.0
13,driver_arrival,58.3889312,26.7053674,97.0,1575.6,321.0
13,rider_pickup_presence,58.3889312,26.7053674,122.32,1575.6,321.0
13,trip_completion,58.3825316,26.7294851,418.0,1575.6,321.0
13,rider_dropoff_presence,58.3825316,26.7294851,531.15,1575.6,321.0
130,driver_arrival,58.3722235,26.7736225,745.0,5366.4,1482.0
130,rider_pickup_presence,58.3722235,26.7736225,850.16,5366.4,1482.0
130,trip_completion,58.3711135,26.6816166,2227.0,5366.4,1482.0
130,rider_dropoff_presence,58.3711135,26.6816166,2264.76,5366.4,1482.0
131,driver_arrival,58.3791658,26.7228499,749.0,380.2,110.0
131,rider_pickup_presence,58.3791658,26.7228499,827.65,380.2,110.0
131,trip_completion,58.377996,26.7289784,859.0,380.2,110.0
131,rider_dropoff_presence,58.377996,26.7289784,906.48,380.2,110.0
132,driver_arrival,58.3817023,26.738061,751.0,1029.4,188.0
132,rider_pickup_presence,58.3817023,26.738061,860.75,1029.4,188.0
132,trip_completion,58.3835924,26.7553483,939.0,1029.4,188.0
132,rider_dropoff_presence,58.3835924,26.7553483,994.06,1029.4,188.0
133,driver_arrival,58.3653711,26.681493,752.0,3198.2,432.0
133,rider_pickup_presence,58.3653711,26.681493,783.79,3198.2,432.0
133,trip_completion,58.3683275,26.7360412,1184.0,3198.2,432.0
133,rider_dropoff_presence,58.3683275,26.7360412,1213.6,3198.2,432.0
134,driver_arrival,58.3866564,26.717839,753.0,3936.5,734.0
134,rider_pickup_presence,58.3866564,26.717839,820.36,3936.5,734.0
134,trip_completion,58.3724727,26.7797063,1487.0,3936.5,734.0
134,rider_dropoff_presence,58.3724727,26.7797063,1518.53,3936.5,734.0
135,driver_arrival,58.383257,26.7374981,766.0,1032.4,242.0
135,rider_pickup_presence,58.383257,26.7374981,836.15,1032.4,242.0
135,trip_completion,58.3759718,26.7484776,1008.0,1032.4,242.0
135,rider_dropoff_presence,58.3759718,26.7484776,1115.74,1032.4,242.0
136,driver_arrival,58.3622353,26.7088441,771.0,1347.5,146.0
136,rider_pickup_presence,58.3622353,26.7088441,818.93,1347.5,146.0
136,trip_completion,58.3735938,26.7007886,917.0,1347.5,146.0
136,rider_dropoff_presence,58.3735938,26.7007886,943.32,1347.5,146.0
137,driver_arrival,58.3638705,26.7260701,784.0,1717.2,280.0
137,rider_pickup_presence,58.3638705,26.7260701,903.7,1717.2,280.0
137,trip_completion,58.3691546,26.6984025,1064.0,1717.2,280.0
137,rider_dropoff_presence,58.3691546,26.6984025,1125.14,1717.2,280.0
138,driver_arrival,58.3749764,26.6971361,786.0,3119.3,638.0
138,rider_pickup_presence,58.3749764,26.6971361,796.91,3119.3,638.0
138,trip_completion,58.3789978,26.7500854,1424.0,3119.3,638.0
138,rider_dropoff_presence,58.3789978,26.7500854,1429.65,3119.3,638.0
139,driver_arrival,58.3834617,26.7050497,788.0,2746.5,546.0
139,rider_pickup_presence,58.3834617,26.7050497,801.16,2746.5,546.0
139,trip_completion,58.3834231,26.7521663,1334.0,2746.5,546.0
139,rider_dropoff_presence,58.3834231,26.7521663,1409.29,2746.5,546.0
14,driver_arrival,58.3876207,26.7099322,105.0,2935.2,498.0
14,rider_pickup_presence,58.3876207,26.7099322,200.05,2935.2,498.0
14,trip_completion,58.3670113,26.7413909,603.0,2935.2,498.0
14,rider_dropoff_presence,58.3670113,26.7413909,653.66,2935.2,498.0
141,driver_arrival,58.3768093,26.6829733,796.0,2686.4,492.0
141,rider_pickup_presence,58.3768093,26.6829733,803.62,2686.4,492.0
141,trip_completion,58.3780188,26.7289933,1288.0,2686.4,492.0
141,rider_dropoff_presence,58.3780188,26.7289933,1333.79,2686.4,492.0
142,driver_arrival,58.3835202,26.7148766,803.0,1400.0,165.0
142,rider_pickup_presence,58.3835202,26.7148766,922.53,1400.0,165.0
142,trip_completion,58.3897084,26.6939585,968.0,1400.0,165.0
142,rider_dropoff_presence,58.3897084,26.6939585,1031.49,1400.0,165.0
143,driver_arrival,58.3879964,26.7330965,807.0,2381.2,738.0
143,rider_pickup_presence,58.3879964,26.7330965,923.53,2381.2,738.0
143,trip_completion,58.3704383,26.7097144,1545.0,2381.2,738.0
143,rider_dropoff_presence,58.3704383,26.7097144,1648.29,2381.2,738.0
144,driver_arrival,58.3813167,26.7663822,810.0,3323.1,694.0
144,rider_pickup_presence,58.3813167,26.7663822,811.38,3323.1,694.0
144,trip_completion,58.3883613,26.7109786,1504.0,3323.1,694.0
144,rider_dropoff_presence,58.3883613,26.7109786,1590.49,3323.1,694.0
145,driver_arrival,58.3893771,26.7012849,811.0,3225.1,651.0
145,rider_pickup_presence,58.3893771,26.7012849,892.81,3225.1,651.0
145,trip_completion,58.3693831,26.74136,1462.0,3225.1,651.0
145,rider_dropoff_presence,58.3693831,26.74136,1526.44,3225.1,651.0
146,driver_arrival,58.3752971,26.7050212,813.0,2034.3,612.0
146,rider_pickup_presence,58.3752971,26.7050212,845.02,2034.3,612.0
146,trip_completion,58.382224,26.7373175,1425.0,2034.3,612.0
146,rider_dropoff_presence,58.382224,26.7373175,1501.92,2034.3,612.0
147,driver_arrival,58.3830776,26.7485898,815.0,2661.3,558.0
147,rider_pickup_presence,58.3830776,26.7485898,828.39,2661.3,558.0
147,trip_completion,58.3768802,26.7044957,1373.0,2661.3,558.0
147,rider_dropoff_presence,58.3768802,26.7044957,1425.17,2661.3,558.0
148,driver_arrival,58.377668,26.778598,825.0,4060.4,655.0
148,rider_pickup_presence,58.377668,26.778598,879.45,4060.4,655.0
148,trip_completion,58.3851024,26.7104053,1480.0,4060.4,655.0
148,rider_dropoff_presence,58.3851024,26.7104053,1594.46,4060.4,655.0
149,driver_arrival,58.3781813,26.6830724,832.0,3082.9,500.0
149,rider_pickup_presence,58.3781813,26.6830724,937.1,3082.9,500.0
149,trip_completion,58.361494,26.7252916,1332.0,3082.9,500.0
149,rider_dropoff_presence,58.361494,26.7252916,1363.61,3082.9,500.0
150,driver_arrival,58.3765295,26.6957816,836.0,1365.0,257.0
150,rider_pickup_presence,58.3765295,26.6957816,896.07,1365.0,257.0
150,trip_completion,58.3684905,26.7134727,1093.0,1365.0,257.0
150,rider_dropoff_presence,58.3684905,26.7134727,1114.44,1365.0,257.0
151,driver_arrival,58.3867378,26.7202141,839.0,2679.5,737.0
151,rider_pickup_presence,58.3867378,26.7202141,948.52,2679.5,737.0
151,trip_completion,58.3638693,26.7347004,1576.0,2679.5,737.0
151,rider_dropoff_presence,58.3638693,26.7347004,1680.46,2679.5,737.0
152,driver_arrival,58.3798032,26.7128753,841.0,1953.7,231.0
152,rider_pickup_presence,58.3798032,26.7128753,876.81,1953.7,231.0
152,trip_completion,58.3850749,26.6809044,1072.0,1953.7,231.0
152,rider_dropoff_presence,58.3850749,26.6809044,1148.67,1953.7,231.0
153,driver_arrival,58.371495,26.7753492,844.0,1931.6,667.0
153,rider_pickup_presence,58.371495,26.7753492,917.08,1931.6,667.0
153,trip_completion,58.3843518,26.7530678,1511.0,1931.6,667.0
153,rider_dropoff_presence,58.3843518,26.7530678,1529.34,1931.6,667.0
154,driver_arrival,58.3789178,26.7634918,847.0,2319.1,336.0
154,rider_pickup_presence,58.3789178,26.7634918,938.5,2319.1,336.0
154,trip_completion,58.3706178,26.7270023,1183.0,2319.1,336.0
154,rider_dropoff_presence,58.3706178,26.7270023,1247.73,2319.1,336.0
155,driver_arrival,58.3714862,26.7749229,848.0,2972.8,763.0
155,rider_pickup_presence,58.3714862,26.7749229,941.44,2972.8,763.0
155,trip_completion,58.3675186,26.7245098,1611.0,2972.8,763.0
155,rider_dropoff_presence,58.3675186,26.7245098,1674.64,2972.8,763.0
156,driver_arrival,58.3884014,26.7254079,851.0,2593.3,287.0
156,rider_pickup_presence,58.3884014,26.7254079,851.07,2593.3,287.0
156,trip_completion,58.3712404,26.7555321,1138.0,2593.3,287.0
156,rider_dropoff_presence,58.3712404,26.7555321,1176.9,2593.3,287.0
157,driver_arrival,58.3790971,26.7586755,852.0,1249.7,235.0
157,rider_pickup_presence,58.3790971,26.7586755,854.34,1249.7,235.0
157,trip_completion,58.3854067,26.7409357,1087.0,1249.7,235.0
157,rider_dropoff_presence,58.3854067,26.7409357,1198.49,1249.7,235.0
158,driver_arrival,58.3720232,26.7510199,871.0,3012.0,542.0
158,rider_pickup_presence,58.3720232,26.7510199,976.45,3012.0,542.0
158,trip_completion,58.3745919,26.699596,1413.0,3012.0,542.0
158,rider_dropoff_presence,58.3745919,26.699596,1512.8,3012.0,542.0
159,driver_arrival,58.3751322,26.7306924,877.0,1836.9,311.0
159,rider_pickup_presence,58.3751322,26.7306924,913.9,1836.9,311.0
159,trip_completion,58.3873553,26.7094957,1188.0,1836.9,311.0
159,rider_dropoff_presence,58.3873553,26.7094957,1194.95,1836.9,311.0
16,driver_arrival,58.3641092,26.6875396,113.0,1029.6,121.0
16,rider_pickup_presence,58.3641092,26.6875396,218.36,1029.6,121.0
16,trip_completion,58.3731956,26.6909354,234.0,1029.6,121.0
16,rider_dropoff_presence,58.3731956,26.6909354,347.63,1029.6,121.0
160,driver_arrival,58.3691329,26.7107808,888.0,3317.5,1060.0
160,rider_pickup_presence,58.3691329,26.7107808,898.28,3317.5,1060.0
160,trip_completion,58.3759349,26.7661773,1948.0,3317.5,1060.0
160,rider_dropoff_presence,58.3759349,26.7661773,2006.32,3317.5,1060.0
161,driver_arrival,58.3819206,26.7395883,907.0,1673.8,197.0
161,rider_pickup_presence,58.3819206,26.7395883,915.31,1673.8,197.0
161,trip_completion,58.3798211,26.7680196,1104.0,1673.8,197.0
161,rider_dropoff_presence,58.3798211,26.7680196,1195.27,1673.8,197.0
162,driver_arrival,58.372262,26.7311944,908.0,2334.9,870.0
162,rider_pickup_presence,58.372262,26.7311944,999.9,2334.9,870.0
162,trip_completion,58.3885176,26.7058415,1778.0,2334.9,870.0
162,rider_dropoff_presence,58.3885176,26.7058415,1793.41,2334.9,870.0
163,driver_arrival,58.3716311,26.6830066,924.0,1263.8,183.0
163,rider_pickup_presence,58.3716311,26.6830066,981.03,1263.8,183.0
163,trip_completion,58.3623736,26.6955785,1107.0,1263.8,183.0
163,rider_dropoff_presence,58.3623736,26.6955785,1172.98,1263.8,183.0
164,driver_arrival,58.3767734,26.7614635,924.0,816.3,472.0
164,rider_pickup_presence,58.3767734,26.7614635,955.81,816.3,472.0
164,trip_completion,58.3701209,26.7673819,1396.0,816.3,472.0
164,rider_dropoff_presence,58.3701209,26.7673819,1500.69,816.3,472.0
165,driver_arrival,58.3862013,26.6984541,934.0,503.1,220.0
165,rider_pickup_presence,58.3862013,26.6984541,984.78,503.1,220.0
165,trip_completion,58.3827186,26.6929434,1154.0,503.1,220.0
165,rider_dropoff_presence,58.3827186,26.6929434,1179.42,503.1,220.0
166,driver_arrival,58.3764541,26.7615478,943.0,4244.6,531.0
166,rider_pickup_presence,58.3764541,26.7615478,1007.72,4244.6,531.0
166,trip_completion,58.3771061,26.6887558,1474.0,4244.6,531.0
166,rider_dropoff_presence,58.3771061,26.6887558,1561.59,4244.6,531.0
167,driver_arrival,58.3729007,26.7796838,944.0,3012.3,482.0
167,rider_pickup_presence,58.3729007,26.7796838,968.14,3012.3,482.0
167,trip_completion,58.3715407,26.7280901,1426.0,3012.3,482.0
167,rider_dropoff_presence,58.3715407,26.7280901,1463.41,3012.3,482.0
168,driver_arrival,58.3734189,26.7252631,946.0,2077.5,872.0
168,rider_pickup_presence,58.3734189,26.7252631,1065.42,2077.5,872.0
168,trip_completion,58.3702555,26.6901492,1818.0,2077.5,872.0
168,rider_dropoff_presence,58.3702555,26.6901492,1895.99,2077.5,872.0
169,driver_arrival,58.3725399,26.7094433,950.0,989.6,164.0
169,rider_pickup_presence,58.3725399,26.7094433,1002.57,989.6,164.0
169,trip_completion,58.3814394,26.7094115,1114.0,989.6,164.0
169,rider_dropoff_presence,58.3814394,26.7094115,1176.11,989.6,164.0
17,driver_arrival,58.3719757,26.7651368,115.0,1833.6,482.0
17,rider_pickup_presence,58.3719757,26.7651368,129.52,1833.6,482.0
17,trip_completion,58.3815156,26.7394854,597.0,1833.6,482.0
17,rider_dropoff_presence,58.3815156,26.7394854,623.96,1833.6,482.0
170,driver_arrival,58.3787917,26.7491094,964.0,1435.8,236.0
170,rider_pickup_presence,58.3787917,26.7491094,1004.57,1435.8,236.0
170,trip_completion,58.3842945,26.726829,1200.0,1435.8,236.0
170,rider_dropoff_presence,58.3842945,26.726829,1270.6,1435.8,236.0
171,driver_arrival,58.369841,26.7674296,992.0,969.9,118.0
171,rider_pickup_presence,58.369841,26.7674296,1019.61,969.9,118.0
171,trip_completion,58.3613396,26.7711515,1110.0,969.9,118.0
171,rider_dropoff_presence,58.3613396,26.7711515,1136.43,969.9,118.0
172,driver_arrival,58.3638005,26.7209825,974.0,2504.6,344.0
172,rider_pickup_presence,58.3638005,26.7209825,982.52,2504.6,344.0
172,trip_completion,58.3816127,26.6946921,1318.0,2504.6,344.0
172,rider_dropoff_presence,58.3816127,26.6946921,1393.73,2504.6,344.0
173,driver_arrival,58.3850942,26.7165886,980.0,2158.5,361.0
173,rider_pickup_presence,58.3850942,26.7165886,1007.47,2158.5,361.0
173,trip_completion,58.3657844,26.7127944,1341.0,2158.5,361.0
173,rider_dropoff_presence,58.3657844,26.7127944,1449.65,2158.5,361.0
174,driver_arrival,58.3743537,26.7702516,980.0,1598.8,402.0
174,rider_pickup_presence,58.3743537,26.7702516,1083.16,1598.8,402.0
174,trip_completion,58.3792469,26.7444661,1382.0,1598.8,402.0
174,rider_dropoff_presence,58.3792469,26.7444661,1390.5,1598.8,402.0
175,driver_arrival,58.3722957,26.7704179,986.0,4741.6,1194.0
175,rider_pickup_presence,58.3722957,26.7704179,1014.56,4741.6,1194.0
175,trip_completion,58.3708353,26.6891501,2180.0,4741.6,1194.0
175,rider_dropoff_presence,58.3708353,26.6891501,2260.28,4741.6,1194.0
176,driver_arrival,58.36048,26.7768279,990.0,819.8,78.0
176,rider_pickup_presence,58.36048,26.7768279,1015.71,819.8,78.0
176,trip_completion,58.3663203,26.7682502,1068.0,819.8,78.0
176,rider_dropoff_presence,58.3663203,26.7682502,1083.88,819.8,78.0
177,driver_arrival,58.3763182,26.7072202,1000.0,1135.6,279.0
177,rider_pickup_presence,58.3763182,26.7072202,1112.26,1135.6,279.0
177,trip_completion,58.3695998,26.7218877,1279.0,1135.6,279.0
177,rider_dropoff_presence,58.3695998,26.7218877,1347.53,1135.6,279.0
178,driver_arrival,58.3810586,26.7241671,1005.0,1471.9,487.0
178,rider_pickup_presence,58.3810586,26.7241671,1061.72,1471.9,487.0
178,trip_completion,58.3695689,26.7116323,1492.0,1471.9,487.0
178,rider_dropoff_presence,58.3695689,26.7116323,1586.15,1471.9,487.0
179,driver_arrival,58.3792711,26.7268667,1013.0,2387.1,607.0
179,rider_pickup_presence,58.3792711,26.7268667,1109.9,2387.1,607.0
179,trip_completion,58.3594845,26.7109862,1620.0,2387.1,607.0
179,rider_dropoff_presence,58.3594845,26.7109862,1642.85,2387.1,607.0
18,driver_arrival,58.3712637,26.7671605,122.0,3981.1,855.0
18,rider_pickup_presence,58.3712637,26.7671605,133.63,3981.1,855.0
18,trip_completion,58.373574,26.6990275,977.0,3981.1,855.0
18,rider_dropoff_presence,58.373574,26.6990275,1028.73,3981.1,855.0
180,driver_arrival,58.3710366,26.7551285,1013.0,3194.8,444.0
180,rider_pickup_presence,58.3710366,26.7551285,1063.83,3194.8,444.0
180,trip_completion,58.3876592,26.7104314,1457.0,3194.8,444.0
180,rider_dropoff_presence,58.3876592,26.7104314,1513.04,3194.8,444.0
181,driver_arrival,58.3737618,26.7485428,1022.0,1676.8,249.0
181,rider_pickup_presence,58.3737618,26.7485428,1109.49,1676.8,249.0
181,trip_completion,58.3672424,26.7226145,1271.0,1676.8,249.0
181,rider_dropoff_presence,58.3672424,26.7226145,1351.8,1676.8,249.0
182,driver_arrival,58.374653,26.7614164,1022.0,3683.7,833.0
182,rider_pickup_presence,58.374653,26.7614164,1140.1,3683.7,833.0
182,trip_completion,58.3760283,26.6982916,1855.0,3683.7,833.0
182,rider_dropoff_presence,58.3760283,26.6982916,1866.81,3683.7,833.0
183,driver_arrival,58.359946,26.7213796,1028.0,3216.1,392.0
183,rider_pickup_presence,58.359946,26.7213796,1076.31,3216.1,392.0
183,trip_completion,58.3695256,26.7734095,1420.0,3216.1,392.0
183,rider_dropoff_presence,58.3695256,26.7734095,1460.72,3216.1,392.0
184,driver_arrival,58.3767959,26.7628163,1028.0,2477.9,440.0
184,rider_pickup_presence,58.3767959,26.7628163,1131.4,2477.9,440.0
184,trip_completion,58.3824646,26.7217104,1468.0,2477.9,440.0
184,rider_dropoff_presence,58.3824646,26.7217104,1497.84,2477.9,440.0
185,driver_arrival,58.374607,26.7619702,1036.0,1680.5,252.0
185,rider_pickup_presence,58.374607,26.7619702,1058.83,1680.5,252.0
185,trip_completion,58.3822564,26.7371108,1288.0,1680.5,252.0
185,rider_dropoff_presence,58.3822564,26.7371108,1341.83,1680.5,252.0
186,driver_arrival,58.3604874,26.6886965,1037.0,673.8,128.0
186,rider_pickup_presence,58.3604874,26.6886965,1087.63,673.8,128.0
186,trip_completion,58.3663069,26.6854784,1165.0,673.8,128.0
186,rider_dropoff_presence,58.3663069,26.6854784,1198.43,673.8,128.0
187,driver_arrival,58.3700083,26.7249874,1042.0,2495.9,321.0
187,rider_pickup_presence,58.3700083,26.7249874,1071.98,2495.9,321.0
187,trip_completion,58.3856246,26.6942368,1363.0,2495.9,321.0
187,rider_dropoff_presence,58.3856246,26.6942368,1473.79,2495.9,321.0
188,driver_arrival,58.3684203,26.7359659,1053.0,2818.9,457.0
188,rider_pickup_presence,58.3684203,26.7359659,1106.18,2818.9,457.0
188,trip_completion,58.3888694,26.7073883,1510.0,2818.9,457.0
188,rider_dropoff_presence,58.3888694,26.7073883,1613.36,2818.9,457.0
189,driver_arrival,58.377658,26.7436708,1067.0,550.9,169.0
189,rider_pickup_presence,58.377658,26.7436708,1133.04,550.9,169.0
189,trip_completion,58.3747763,26.7513558,1236.0,550.9,169.0
189,rider_dropoff_presence,58.3747763,26.7513558,1242.07,550.9,169.0
19,driver_arrival,58.3874652,26.7345572,128.0,1667.4,301.0
19,rider_pickup_presence,58.3874652,26.7345572,247.91,1667.4,301.0
19,trip_completion,58.3725344,26.731899,429.0,1667.4,301.0
19,rider_dropoff_presence,58.3725344,26.731899,529.32,1667.4,301.0
190,driver_arrival,58.3843328,26.722983,1071.0,2263.0,601.0
190,rider_pickup_presence,58.3843328,26.722983,1187.28,2263.0,601.0
190,trip_completion,58.3683706,26.6989057,1672.0,2263.0,601.0
190,rider_dropoff_presence,58.3683706,26.6989057,1783.16,2263.0,601.0
191,driver_arrival,58.3726717,26.7641586,1075.0,3650.2,983.0
191,rider_pickup_presence,58.3726717,26.7641586,1176.84,3650.2,983.0
191,trip_completion,58.3618603,26.7050607,2058.0,3650.2,983.0
191,rider_dropoff_presence,58.3618603,26.7050607,2077.96,3650.2,983.0
192,driver_arrival,58.3832697,26.7407426,1076.0,1056.9,300.0
192,rider_pickup_presence,58.3832697,26.7407426,1134.28,1056.9,300.0
192,trip_completion,58.3812543,26.7230247,1376.0,1056.9,300.0
192,rider_dropoff_presence,58.3812543,26.7230247,1401.65,1056.9,300.0
193,driver_arrival,58.3613473,26.6966767,1079.0,1481.9,291.0
193,rider_pickup_presence,58.3613473,26.6966767,1127.12,1481.9,291.0
193,trip_completion,58.3687496,26.7178055,1370.0,1481.9,291.0
193,rider_dropoff_presence,58.3687496,26.7178055,1377.04,1481.9,291.0
194,driver_arrival,58.3773586,26.7227881,1079.0,2436.0,317.0
194,rider_pickup_presence,58.3773586,26.7227881,1124.48,2436.0,317.0
194,trip_completion,58.3781576,26.6810332,1396.0,2436.0,317.0
194,rider_dropoff_presence,58.3781576,26.6810332,1514.24,2436.0,317.0
195,driver_arrival,58.3760963,26.693401,1080.0,1336.4,286.0
195,rider_pickup_presence,58.3760963,26.693401,1111.82,1336.4,286.0
195,trip_completion,58.3703016,26.7134797,1366.0,1336.4,286.0
195,rider_dropoff_presence,58.3703016,26.7134797,1460.09,1336.4,286.0
196,driver_arrival,58.3621938,26.6955228,1081.0,1068.0,123.0
196,rider_pickup_presence,58.3621938,26.6955228,1135.6,1068.0,123.0
196,trip_completion,58.3702082,26.6854312,1204.0,1068.0,123.0
196,rider_dropoff_presence,58.3702082,26.6854312,1254.76,1068.0,123.0
197,driver_arrival,58.3724055,26.7789524,1081.0,2600.6,765.0
197,rider_pickup_presence,58.3724055,26.7789524,1195.88,2600.6,765.0
197,trip_completion,58.3809476,26.7374298,1846.0,2600.6,765.0
197,rider_dropoff_presence,58.3809476,26.7374298,1965.45,2600.6,765.0
198,driver_arrival,58.3752013,26.6910711,1083.0,3653.0,759.0
198,rider_pickup_presence,58.3752013,26.6910711,1149.69,3653.0,759.0
198,trip_completion,58.3737219,26.7536581,1842.0,3653.0,759.0
198,rider_dropoff_presence,58.3737219,26.7536581,1928.21,3653.0,759.0
199,driver_arrival,58.3787356,26.7492914,1095.0,3394.9,1053.0
199,rider_pickup_presence,58.3787356,26.7492914,1113.58,3394.9,1053.0
199,trip_completion,58.3766112,26.6912018,2148.0,3394.9,1053.0
199,rider_dropoff_presence,58.3766112,26.6912018,2183.6,3394.9,1053.0
2,driver_arrival,58.3870489,26.7121163,18.0,395.8,63.0
2,rider_pickup_presence,58.3870489,26.7121163,134.25,395.8,63.0
2,trip_completion,58.3884908,26.7059079,81.0,395.8,63.0
2,rider_dropoff_presence,58.3884908,26.7059079,150.5,395.8,63.0
20,driver_arrival,58.3823545,26.7380342,137.0,2480.4,318.0
20,rider_pickup_presence,58.3823545,26.7380342,202.06,2480.4,318.0
20,trip_completion,58.3603861,26.7306564,455.0,2480.4,318.0
20,rider_dropoff_presence,58.3603861,26.7306564,544.76,2480.4,318.0
200,driver_arrival,58.3827818,26.7614975,1115.0,1310.8,647.0
200,rider_pickup_presence,58.3827818,26.7614975,1121.86,1310.8,647.0
200,trip_completion,58.3713421,26.7669224,1762.0,1310.8,647.0
200,rider_dropoff_presence,58.3713421,26.7669224,1832.1,1310.8,647.0
201,driver_arrival,58.3603859,26.7408105,1120.0,2445.1,347.0
201,rider_pickup_presence,58.3603859,26.7408105,1180.34,2445.1,347.0
201,trip_completion,58.3823039,26.7374379,1467.0,2445.1,347.0
201,rider_dropoff_presence,58.3823039,26.7374379,1569.33,2445.1,347.0
202,driver_arrival,58.3791529,26.7634143,1126.0,2052.0,400.0
202,rider_pickup_presence,58.3791529,26.7634143,1144.89,2052.0,400.0
202,trip_completion,58.3687895,26.7342954,1526.0,2052.0,400.0
202,rider_dropoff_presence,58.3687895,26.7342954,1641.29,2052.0,400.0
203,driver_arrival,58.3791323,26.6998918,1128.0,2572.6,290.0
203,rider_pickup_presence,58.3791323,26.6998918,1137.61,2572.6,290.0
203,trip_completion,58.3659859,26.7361975,1418.0,2572.6,290.0
203,rider_dropoff_presence,58.3659859,26.7361975,1440.3,2572.6,290.0
204,driver_arrival,58.3734663,26.7722571,1129.0,3884.1,1024.0
204,rider_pickup_presence,58.3734663,26.7722571,1200.4,3884.1,1024.0
204,trip_completion,58.3785877,26.7063589,2153.0,3884.1,1024.0
204,rider_dropoff_presence,58.3785877,26.7063589,2234.03,3884.1,1024.0
205,driver_arrival,58.3629067,26.7255402,1132.0,2987.3,784.0
205,rider_pickup_presence,58.3629067,26.7255402,1160.22,2987.3,784.0
205,trip_completion,58.3887445,26.7115057,1916.0,2987.3,784.0
205,rider_dropoff_presence,58.3887445,26.7115057,1930.39,2987.3,784.0
206,driver_arrival,58.3894487,26.7100626,1134.0,1827.1,332.0
206,rider_pickup_presence,58.3894487,26.7100626,1240.83,1827.1,332.0
206,trip_completion,58.3766722,26.7297715,1466.0,1827.1,332.0
206,rider_dropoff_presence,58.3766722,26.7297715,1495.55,1827.1,332.0
207,driver_arrival,58.3832697,26.7407426,1137.0,2725.3,902.0
207,rider_pickup_presence,58.3832697,26.7407426,1208.34,2725.3,902.0
207,trip_completion,58.3753399,26.6965094,2039.0,2725.3,902.0
207,rider_dropoff_presence,58.3753399,26.6965094,2113.33,2725.3,902.0
208,driver_arrival,58.3768169,26.7358136,1152.0,2649.2,905.0
208,rider_pickup_presence,58.3768169,26.7358136,1202.31,2649.2,905.0
208,trip_completion,58.360962,26.7019061,2057.0,2649.2,905.0
208,rider_dropoff_presence,58.360962,26.7019061,2127.04,2649.2,905.0
209,driver_arrival,58.3720313,26.7388887,1156.0,1592.5,542.0
209,rider_pickup_presence,58.3720313,26.7388887,1218.73,1592.5,542.0
209,trip_completion,58.3836335,26.754904,1698.0,1592.5,542.0
209,rider_dropoff_presence,58.3836335,26.754904,1810.16,1592.5,542.0
21,driver_arrival,58.3719001,26.6969631,142.0,849.0,132.0
21,rider_pickup_presence,58.3719001,26.6969631,166.51,849.0,132.0
21,trip_completion,58.3690671,26.7104826,274.0,849.0,132.0
21,rider_dropoff_presence,58.3690671,26.7104826,359.94,849.0,132.0
210,driver_arrival,58.3816302,26.7383183,1171.0,2634.5,268.0
210,rider_pickup_presence,58.3816302,26.7383183,1199.64,2634.5,268.0
210,trip_completion,58.3734891,26.780755,1439.0,2634.5,268.0
210,rider_dropoff_presence,58.3734891,26.780755,1486.49,2634.5,268.0
211,driver_arrival,58.3634268,26.7287766,1182.0,3807.4,378.0
211,rider_pickup_presence,58.3634268,26.7287766,1262.6,3807.4,378.0
211,trip_completion,58.3862698,26.6801308,1560.0,3807.4,378.0
211,rider_dropoff_presence,58.3862698,26.6801308,1596.0,3807.4,378.0
212,driver_arrival,58.3817019,26.7217066,1187.0,2229.5,325.0
212,rider_pickup_presence,58.3817019,26.7217066,1224.94,2229.5,325.0
212,trip_completion,58.3802883,26.7598559,1512.0,2229.5,325.0
212,rider_dropoff_presence,58.3802883,26.7598559,1602.22,2229.5,325.0
213,driver_arrival,58.3591089,26.7308404,1208.0,1463.0,407.0
213,rider_pickup_presence,58.3591089,26.7308404,1216.71,1463.0,407.0
213,trip_completion,58.3633444,26.7070927,1615.0,1463.0,407.0
213,rider_dropoff_presence,58.3633444,26.7070927,1669.99,1463.0,407.0
214,driver_arrival,58.3854092,26.757294,1212.0,1585.1,319.0
214,rider_pickup_presence,58.3854092,26.757294,1331.81,1585.1,319.0
214,trip_completion,58.3763529,26.7782926,1531.0,1585.1,319.0
214,rider_dropoff_presence,58.3763529,26.7782926,1650.53,1585.1,319.0
215,driver_arrival,58.387388,26.7189621,1213.0,1900.3,563.0
215,rider_pickup_presence,58.387388,26.7189621,1221.79,1900.3,563.0
215,trip_completion,58.3703516,26.7215263,1776.0,1900.3,563.0
215,rider_dropoff_presence,58.3703516,26.7215263,1801.58,1900.3,563.0
216,driver_arrival,58.3736828,26.7104051,1220.0,1442.8,324.0
216,rider_pickup_presence,58.3736828,26.7104051,1251.82,1442.8,324.0
216,trip_completion,58.3637782,26.726387,1544.0,1442.8,324.0
216,rider_dropoff_presence,58.3637782,26.726387,1655.99,1442.8,324.0
217,driver_arrival,58.3724762,26.7587583,1232.0,544.8,212.0
217,rider_pickup_presence,58.3724762,26.7587583,1337.7,544.8,212.0
217,trip_completion,58.3768362,26.7630216,1444.0,544.8,212.0
217,rider_dropoff_presence,58.3768362,26.7630216,1549.51,544.8,212.0
218,driver_arrival,58.3682729,26.7341776,1241.0,2316.1,197.0
218,rider_pickup_presence,58.3682729,26.7341776,1285.34,2316.1,197.0
218,trip_completion,58.382565,26.7630737,1438.0,2316.1,197.0
218,rider_dropoff_presence,58.382565,26.7630737,1456.93,2316.1,197.0
219,driver_arrival,58.3778796,26.7098223,1245.0,2182.9,355.0
219,rider_pickup_presence,58.3778796,26.7098223,1345.05,2182.9,355.0
219,trip_completion,58.3815856,26.7465932,1600.0,2182.9,355.0
219,rider_dropoff_presence,58.3815856,26.7465932,1684.42,2182.9,355.0
22,driver_arrival,58.3778223,26.7289682,150.0,862.7,316.0
22,rider_pickup_presence,58.3778223,26.7289682,223.4,862.7,316.0
22,trip_completion,58.3700662,26.7293338,466.0,862.7,316.0
22,rider_dropoff_presence,58.3700662,26.7293338,584.47,862.7,316.0
220,driver_arrival,58.3633514,26.7255121,1254.0,1311.8,202.0
220,rider_pickup_presence,58.3633514,26.7255121,1332.48,1311.8,202.0
220,trip_completion,58.3682486,26.7459746,1456.0,1311.8,202.0
220,rider_dropoff_presence,58.3682486,26.7459746,1456.94,1311.8,202.0
221,driver_arrival,58.3759797,26.6923798,1258.0,2228.6,346.0
221,rider_pickup_presence,58.3759797,26.6923798,1356.05,2228.6,346.0
221,trip_completion,58.3603356,26.7162688,1604.0,2228.6,346.0
221,rider_dropoff_presence,58.3603356,26.7162688,1639.93,2228.6,346.0
222,driver_arrival,58.3808461,26.7093713,1259.0,3698.5,728.0
222,rider_pickup_presence,58.3808461,26.7093713,1338.61,3698.5,728.0
222,trip_completion,58.369536,26.7690237,1987.0,3698.5,728.0
222,rider_dropoff_presence,58.369536,26.7690237,2099.67,3698.5,728.0
223,driver_arrival,58.3761477,26.7509241,1274.0,1365.4,281.0
223,rider_pickup_presence,58.3761477,26.7509241,1290.11,1365.4,281.0
223,trip_completion,58.3658967,26.7380335,1555.0,1365.4,281.0
223,rider_dropoff_presence,58.3658967,26.7380335,1568.85,1365.4,281.0
224,driver_arrival,58.3800186,26.7510973,1276.0,1718.6,375.0
224,rider_pickup_presence,58.3800186,26.7510973,1288.84,1718.6,375.0
224,trip_completion,58.3682043,26.7701015,1651.0,1718.6,375.0
224,rider_dropoff_presence,58.3682043,26.7701015,1717.39,1718.6,375.0
225,driver_arrival,58.3745105,26.6886103,1283.0,1568.3,184.0
225,rider_pickup_presence,58.3745105,26.6886103,1315.68,1568.3,184.0
225,trip_completion,58.3839626,26.7085765,1467.0,1568.3,184.0
225,rider_dropoff_presence,58.3839626,26.7085765,1539.58,1568.3,184.0
226,driver_arrival,58.3696362,26.7231061,1290.0,1709.6,423.0
226,rider_pickup_presence,58.3696362,26.7231061,1376.11,1709.6,423.0
226,trip_completion,58.3821173,26.7402278,1713.0,1709.6,423.0
226,rider_dropoff_presence,58.3821173,26.7402278,1737.43,1709.6,423.0
227,driver_arrival,58.3828915,26.746895,1292.0,2317.3,424.0
227,rider_pickup_presence,58.3828915,26.746895,1368.11,2317.3,424.0
227,trip_completion,58.3684054,26.7183221,1716.0,2317.3,424.0
227,rider_dropoff_presence,58.3684054,26.7183221,1747.68,2317.3,424.0
228,driver_arrival,58.3816302,26.7383183,1315.0,985.4,163.0
228,rider_pickup_presence,58.3816302,26.7383183,1373.62,985.4,163.0
228,trip_completion,58.3730373,26.7341831,1478.0,985.4,163.0
228,rider_dropoff_presence,58.3730373,26.7341831,1586.64,985.4,163.0
229,driver_arrival,58.3887265,26.73112,1317.0,1002.3,258.0
229,rider_pickup_presence,58.3887265,26.73112,1418.53,1002.3,258.0
229,trip_completion,58.3816011,26.7205892,1575.0,1002.3,258.0
229,rider_dropoff_presence,58.3816011,26.7205892,1586.08,1002.3,258.0
23,driver_arrival,58.3863607,26.7295795,160.0,785.0,161.0
23,rider_pickup_presence,58.3863607,26.7295795,210.83,785.0,161.0
23,trip_completion,58.3881148,26.7165339,321.0,785.0,161.0
23,rider_dropoff_presence,58.3881148,26.7165339,354.2,785.0,161.0
230,driver_arrival,58.3749592,26.7480404,1319.0,1822.6,218.0
230,rider_pickup_presence,58.3749592,26.7480404,1319.43,1822.6,218.0
230,trip_completion,58.3897705,26.7346478,1537.0,1822.6,218.0
230,rider_dropoff_presence,58.3897705,26.7346478,1629.53,1822.6,218.0
231,driver_arrival,58.3866051,26.7151651,1338.0,2637.3,453.0
231,rider_pickup_presence,58.3866051,26.7151651,1414.45,2637.3,453.0
231,trip_completion,58.3882384,26.7603052,1791.0,2637.3,453.0
231,rider_dropoff_presence,58.3882384,26.7603052,1822.43,2637.3,453.0
232,driver_arrival,58.3757487,26.7207527,1382.0,3406.0,884.0
232,rider_pickup_presence,58.3757487,26.7207527,1470.95,3406.0,884.0
232,trip_completion,58.3714992,26.7786008,2266.0,3406.0,884.0
232,rider_dropoff_presence,58.3714992,26.7786008,2332.2,3406.0,884.0
233,driver_arrival,58.3815741,26.6981534,1390.0,1887.5,307.0
233,rider_pickup_presence,58.3815741,26.6981534,1441.32,1887.5,307.0
233,trip_completion,58.3711947,26.7237707,1697.0,1887.5,307.0
233,rider_dropoff_presence,58.3711947,26.7237707,1698.16,1887.5,307.0
234,driver_arrival,58.3788187,26.7431796,1394.0,1301.4,225.0
234,rider_pickup_presence,58.3788187,26.7431796,1403.03,1301.4,225.0
234,trip_completion,58.3671249,26.7422804,1619.0,1301.4,225.0
234,rider_dropoff_presence,58.3671249,26.7422804,1724.97,1301.4,225.0
235,driver_arrival,58.3595503,26.7109833,1402.0,372.8,69.0
235,rider_pickup_presence,58.3595503,26.7109833,1510.47,372.8,69.0
235,trip_completion,58.3599929,26.7173178,1471.0,372.8,69.0
235,rider_dropoff_presence,58.3599929,26.7173178,1536.47,372.8,69.0
236,driver_arrival,58.3629952,26.7393659,1408.0,2721.5,215.0
236,rider_pickup_presence,58.3629952,26.7393659,1508.15,2721.5,215.0
236,trip_completion,58.3855631,26.7574303,1623.0,2721.5,215.0
236,rider_dropoff_presence,58.3855631,26.7574303,1692.9,2721.5,215.0
237,driver_arrival,58.3794721,26.717397,1414.0,2206.9,461.0
237,rider_pickup_presence,58.3794721,26.717397,1431.77,2206.9,461.0
237,trip_completion,58.3617206,26.7004703,1875.0,2206.9,461.0
237,rider_dropoff_presence,58.3617206,26.7004703,1890.29,2206.9,461.0
238,driver_arrival,58.3790385,26.7088269,1423.0,1680.1,269.0
238,rider_pickup_presence,58.3790385,26.7088269,1459.99,1680.1,269.0
238,trip_completion,58.3738511,26.7358919,1692.0,1680.1,269.0
238,rider_dropoff_presence,58.3738511,26.7358919,1799.88,1680.1,269.0
239,driver_arrival,58.3890794,26.7094854,1424.0,1726.4,296.0
239,rider_pickup_presence,58.3890794,26.7094854,1519.53,1726.4,296.0
239,trip_completion,58.3776627,26.7295565,1720.0,1726.4,296.0
239,rider_dropoff_presence,58.3776627,26.7295565,1823.28,1726.4,296.0
24,driver_arrival,58.373473,26.7341439,168.0,1800.0,278.0
24,rider_pickup_presence,58.373473,26.7341439,275.87,1800.0,278.0
24,trip_completion,58.3835893,26.7582472,446.0,1800.0,278.0
24,rider_dropoff_presence,58.3835893,26.7582472,471.21,1800.0,278.0
240,driver_arrival,58.3655153,26.7654039,1427.0,1692.5,258.0
240,rider_pickup_presence,58.3655153,26.7654039,1456.94,1692.5,258.0
240,trip_completion,58.3781142,26.7491176,1685.0,1692.5,258.0
240,rider_dropoff_presence,58.3781142,26.7491176,1697.34,1692.5,258.0
241,driver_arrival,58.3882534,26.7089716,1432.0,4382.1,813.0
241,rider_pickup_presence,58.3882534,26.7089716,1525.61,4382.1,813.0
241,trip_completion,58.3643392,26.7687122,2245.0,4382.1,813.0
241,rider_dropoff_presence,58.3643392,26.7687122,2351.1,4382.1,813.0
242,driver_arrival,58.389245,26.7121061,1432.0,3327.0,464.0
242,rider_pickup_presence,58.389245,26.7121061,1480.77,3327.0,464.0
242,trip_completion,58.3640476,26.6813333,1896.0,3327.0,464.0
242,rider_dropoff_presence,58.3640476,26.6813333,1970.48,3327.0,464.0
243,driver_arrival,58.3766694,26.7166978,1436.0,1240.3,156.0
243,rider_pickup_presence,58.3766694,26.7166978,1454.55,1240.3,156.0
243,trip_completion,58.3780184,26.6955795,1592.0,1240.3,156.0
243,rider_dropoff_presence,58.3780184,26.6955795,1703.59,1240.3,156.0
244,driver_arrival,58.3830787,26.7336157,1437.0,1034.8,218.0
244,rider_pickup_presence,58.3830787,26.7336157,1540.75,1034.8,218.0
244,trip_completion,58.3755033,26.7233063,1655.0,1034.8,218.0
244,rider_dropoff_presence,58.3755033,26.7233063,1772.14,1034.8,218.0
245,driver_arrival,58.3766149,26.6826237,1445.0,1883.4,293.0
245,rider_pickup_presence,58.3766149,26.6826237,1542.29,1883.4,293.0
245,trip_completion,58.3729775,26.7141727,1738.0,1883.4,293.0
245,rider_dropoff_presence,58.3729775,26.7141727,1843.77,1883.4,293.0
246,driver_arrival,58.3681039,26.7463515,1446.0,3864.9,545.0
246,rider_pickup_presence,58.3681039,26.7463515,1448.97,3864.9,545.0
246,trip_completion,58.3766527,26.6821063,1991.0,3864.9,545.0
246,rider_dropoff_presence,58.3766527,26.6821063,2079.39,3864.9,545.0
247,driver_arrival,58.3621394,26.7356836,1453.0,3456.8,388.0
247,rider_pickup_presence,58.3621394,26.7356836,1492.86,3456.8,388.0
247,trip_completion,58.3769893,26.6836065,1841.0,3456.8,388.0
247,rider_dropoff_presence,58.3769893,26.6836065,1952.7,3456.8,388.0
248,driver_arrival,58.3695583,26.7226357,1467.0,783.2,253.0
248,rider_pickup_presence,58.3695583,26.7226357,1563.27,783.2,253.0
248,trip_completion,58.3705167,26.7093299,1720.0,783.2,253.0
248,rider_dropoff_presence,58.3705167,26.7093299,1823.69,783.2,253.0
249,driver_arrival,58.3726028,26.6922583,1473.0,2123.7,312.0
249,rider_pickup_presence,58.3726028,26.6922583,1570.29,2123.7,312.0
249,trip_completion,58.3878153,26.714285,1785.0,2123.7,312.0
249,rider_dropoff_presence,58.3878153,26.714285,1817.02,2123.7,312.0
25,driver_arrival,58.376588,26.7618783,183.0,3310.5,803.0
25,rider_pickup_presence,58.376588,26.7618783,277.48,3310.5,803.0
25,trip_completion,58.3777468,26.7051398,986.0,3310.5,803.0
25,rider_dropoff_presence,58.3777468,26.7051398,998.97,3310.5,803.0
250,driver_arrival,58.369505,26.7681289,1481.0,2498.9,586.0
250,rider_pickup_presence,58.369505,26.7681289,1585.66,2498.9,586.0
250,trip_completion,58.3694294,26.7252772,2067.0,2498.9,586.0
250,rider_dropoff_presence,58.3694294,26.7252772,2170.03,2498.9,586.0
251,driver_arrival,58.3756653,26.7615246,1482.0,1149.5,492.0
251,rider_pickup_presence,58.3756653,26.7615246,1508.69,1149.5,492.0
251,trip_completion,58.3674589,26.773514,1974.0,1149.5,492.0
251,rider_dropoff_presence,58.3674589,26.773514,2071.99,1149.5,492.0
252,driver_arrival,58.3745704,26.7614806,1485.0,495.6,645.0
252,rider_pickup_presence,58.3745704,26.7614806,1540.24,495.6,645.0
252,trip_completion,58.3744291,26.7699769,2130.0,495.6,645.0
252,rider_dropoff_presence,58.3744291,26.7699769,2166.62,495.6,645.0
253,driver_arrival,58.3831347,26.7458054,1489.0,2146.6,187.0
253,rider_pickup_presence,58.3831347,26.7458054,1584.44,2146.6,187.0
253,trip_completion,58.3645284,26.7359884,1676.0,2146.6,187.0
253,rider_dropoff_presence,58.3645284,26.7359884,1703.31,2146.6,187.0
254,driver_arrival,58.3870533,26.7090759,1497.0,1345.3,365.0
254,rider_pickup_presence,58.3870533,26.7090759,1499.84,1345.3,365.0
254,trip_completion,58.377186,26.695721,1862.0,1345.3,365.0
254,rider_dropoff_presence,58.377186,26.695721,1885.18,1345.3,365.0
255,driver_arrival,58.3736573,26.7673066,1497.0,2244.1,612.0
255,rider_pickup_presence,58.3736573,26.7673066,1536.39,2244.1,612.0
255,trip_completion,58.3851252,26.7356317,2109.0,2244.1,612.0
255,rider_dropoff_presence,58.3851252,26.7356317,2212.72,2244.1,612.0
256,driver_arrival,58.3858317,26.7001052,1502.0,2218.1,365.0
256,rider_pickup_presence,58.3858317,26.7001052,1618.03,2218.1,365.0
256,trip_completion,58.371902,26.7273394,1867.0,2218.1,365.0
256,rider_dropoff_presence,58.371902,26.7273394,1900.49,2218.1,365.0
257,driver_arrival,58.3752871,26.6945173,1503.0,2209.8,704.0
257,rider_pickup_presence,58.3752871,26.6945173,1579.98,2209.8,704.0
257,trip_completion,58.3723896,26.7320114,2207.0,2209.8,704.0
257,rider_dropoff_presence,58.3723896,26.7320114,2254.96,2209.8,704.0
258,driver_arrival,58.3846735,26.7382455,1504.0,495.7,79.0
258,rider_pickup_presence,58.3846735,26.7382455,1621.74,495.7,79.0
258,trip_completion,58.3814577,26.7441342,1583.0,495.7,79.0
258,rider_dropoff_presence,58.3814577,26.7441342,1647.35,495.7,79.0
259,driver_arrival,58.3692016,26.7147194,1508.0,1741.0,864.0
259,rider_pickup_presence,58.3692016,26.7147194,1620.71,1741.0,864.0
259,trip_completion,58.3848366,26.7131344,2372.0,1741.0,864.0
259,rider_dropoff_presence,58.3848366,26.7131344,2385.84,1741.0,864.0
26,driver_arrival,58.382449,26.717009,185.0,2575.2,480.0
26,rider_pickup_presence,58.382449,26.717009,301.45,2575.2,480.0
26,trip_completion,58.3627577,26.7402544,665.0,2575.2,480.0
26,rider_dropoff_presence,58.3627577,26.7402544,686.43,2575.2,480.0
260,driver_arrival,58.3882703,26.7141209,1519.0,1202.9,266.0
260,rider_pickup_presence,58.3882703,26.7141209,1634.5,1202.9,266.0
260,trip_completion,58.3820307,26.7309796,1785.0,1202.9,266.0
260,rider_dropoff_presence,58.3820307,26.7309796,1816.86,1202.9,266.0
261,driver_arrival,58.38958,26.738555,1534.0,3725.4,882.0
261,rider_pickup_presence,58.38958,26.738555,1547.01,3725.4,882.0
261,trip_completion,58.3590681,26.7121651,2416.0,3725.4,882.0
261,rider_dropoff_presence,58.3590681,26.7121651,2468.15,3725.4,882.0
262,driver_arrival,58.3768138,26.6838768,1537.0,2453.1,410.0
262,rider_pickup_presence,58.3768138,26.6838768,1624.43,2453.1,410.0
262,trip_completion,58.3713245,26.7246246,1947.0,2453.1,410.0
262,rider_dropoff_presence,58.3713245,26.7246246,1984.64,2453.1,410.0
263,driver_arrival,58.3718537,26.7139468,1544.0,842.7,128.0
263,rider_pickup_presence,58.3718537,26.7139468,1616.75,842.7,128.0
263,trip_completion,58.3707504,26.6996487,1672.0,842.7,128.0
263,rider_dropoff_presence,58.3707504,26.6996487,1733.37,842.7,128.0
264,driver_arrival,58.3756072,26.6959195,1546.0,2071.0,332.0
264,rider_pickup_presence,58.3756072,26.6959195,1592.22,2071.0,332.0
264,trip_completion,58.3585073,26.709993,1878.0,2071.0,332.0
264,rider_dropoff_presence,58.3585073,26.709993,1947.19,2071.0,332.0
265,driver_arrival,58.3810505,26.7041328,1549.0,1226.1,215.0
265,rider_pickup_presence,58.3810505,26.7041328,1579.57,1226.1,215.0
265,trip_completion,58.3736715,26.7197598,1764.0,1226.1,215.0
265,rider_dropoff_presence,58.3736715,26.7197598,1849.05,1226.1,215.0
266,driver_arrival,58.3684038,26.7086766,1561.0,1492.0,686.0
266,rider_pickup_presence,58.3684038,26.7086766,1561.2,1492.0,686.0
266,trip_completion,58.3713487,26.7336384,2247.0,1492.0,686.0
266,rider_dropoff_presence,58.3713487,26.7336384,2358.07,1492.0,686.0
267,driver_arrival,58.3680184,26.7182501,1561.0,2628.0,781.0
267,rider_pickup_presence,58.3680184,26.7182501,1625.61,2628.0,781.0
267,trip_completion,58.3745449,26.7615664,2342.0,2628.0,781.0
267,rider_dropoff_presence,58.3745449,26.7615664,2428.33,2628.0,781.0
268,driver_arrival,58.38532,26.726486,1568.0,1139.3,281.0
268,rider_pickup_presence,58.38532,26.726486,1657.03,1139.3,281.0
268,trip_completion,58.3751083,26.7280882,1849.0,1139.3,281.0
268,rider_dropoff_presence,58.3751083,26.7280882,1929.48,1139.3,281.0
269,driver_arrival,58.3782826,26.7772879,1574.0,3303.3,331.0
269,rider_pickup_presence,58.3782826,26.7772879,1617.71,3303.3,331.0
269,trip_completion,58.3696041,26.7231069,1905.0,3303.3,331.0
269,rider_dropoff_presence,58.3696041,26.7231069,1913.4,3303.3,331.0
27,driver_arrival,58.3811453,26.756157,190.0,373.7,142.0
27,rider_pickup_presence,58.3811453,26.756157,269.71,373.7,142.0
27,trip_completion,58.3814609,26.7497755,332.0,373.7,142.0
27,rider_dropoff_presence,58.3814609,26.7497755,371.62,373.7,142.0
270,driver_arrival,58.3710912,26.6891348,1575.0,2496.6,580.0
270,rider_pickup_presence,58.3710912,26.6891348,1612.67,2496.6,580.0
270,trip_completion,58.3727318,26.7318353,2155.0,2496.6,580.0
270,rider_dropoff_presence,58.3727318,26.7318353,2256.76,2496.6,580.0
271,driver_arrival,58.3791845,26.7525704,1576.0,1557.5,438.0
271,rider_pickup_presence,58.3791845,26.7525704,1662.37,1557.5,438.0
271,trip_completion,58.3702275,26.7731076,2014.0,1557.5,438.0
271,rider_dropoff_presence,58.3702275,26.7731076,2050.04,1557.5,438.0
272,driver_arrival,58.3763423,26.7452727,1594.0,1532.7,516.0
272,rider_pickup_presence,58.3763423,26.7452727,1631.11,1532.7,516.0
272,trip_completion,58.3735563,26.7710178,2110.0,1532.7,516.0
272,rider_dropoff_presence,58.3735563,26.7710178,2159.01,1532.7,516.0
273,driver_arrival,58.3681662,26.7253026,1616.0,1581.4,351.0
273,rider_pickup_presence,58.3681662,26.7253026,1664.29,1581.4,351.0
273,trip_completion,58.3609979,26.7018844,1967.0,1581.4,351.0
273,rider_dropoff_presence,58.3609979,26.7018844,2002.48,1581.4,351.0
274,driver_arrival,58.381603,26.7501314,1618.0,1810.8,216.0
274,rider_pickup_presence,58.381603,26.7501314,1633.27,1810.8,216.0
274,trip_completion,58.366859,26.7369442,1834.0,1810.8,216.0
274,rider_dropoff_presence,58.366859,26.7369442,1884.45,1810.8,216.0
275,driver_arrival,58.359493,26.7076227,1618.0,2204.1,412.0
275,rider_pickup_presence,58.359493,26.7076227,1730.84,2204.1,412.0
275,trip_completion,58.3681454,26.7416234,2030.0,2204.1,412.0
275,rider_dropoff_presence,58.3681454,26.7416234,2111.28,2204.1,412.0
276,driver_arrival,58.3729563,26.6929055,1626.0,3355.8,596.0
276,rider_pickup_presence,58.3729563,26.6929055,1734.34,3355.8,596.0
276,trip_completion,58.376168,26.7501326,2222.0,3355.8,596.0
276,rider_dropoff_presence,58.376168,26.7501326,2295.86,3355.8,596.0
277,driver_arrival,58.3709074,26.6890254,1633.0,1873.5,198.0
277,rider_pickup_presence,58.3709074,26.6890254,1669.11,1873.5,198.0
277,trip_completion,58.3854098,26.7053837,1831.0,1873.5,198.0
277,rider_dropoff_presence,58.3854098,26.7053837,1896.75,1873.5,198.0
278,driver_arrival,58.3878305,26.7075393,1637.0,930.8,319.0
278,rider_pickup_presence,58.3878305,26.7075393,1637.05,930.8,319.0
278,trip_completion,58.3830088,26.6944861,1956.0,930.8,319.0
278,rider_dropoff_presence,58.3830088,26.6944861,1990.43,930.8,319.0
279,driver_arrival,58.3745637,26.7080407,1638.0,1020.9,116.0
279,rider_pickup_presence,58.3745637,26.7080407,1689.59,1020.9,116.0
279,trip_completion,58.3814986,26.6965661,1754.0,1020.9,116.0
279,rider_dropoff_presence,58.3814986,26.6965661,1823.6,1020.9,116.0
28,driver_arrival,58.3806877,26.7245047,193.0,2905.2,402.0
28,rider_pickup_presence,58.3806877,26.7245047,271.56,2905.2,402.0
28,trip_completion,58.3953961,26.6833091,595.0,2905.2,402.0
28,rider_dropoff_presence,58.3953961,26.6833091,650.8,2905.2,402.0
280,driver_arrival,58.389857,26.7172334,1639.0,3251.9,877.0
280,rider_pickup_presence,58.389857,26.7172334,1692.06,3251.9,877.0
280,trip_completion,58.3610379,26.7077543,2516.0,3251.9,877.0
280,rider_dropoff_presence,58.3610379,26.7077543,2541.64,3251.9,877.0
281,driver_arrival,58.3755767,26.7045748,1645.0,2536.3,566.0
281,rider_pickup_presence,58.3755767,26.7045748,1701.78,2536.3,566.0
281,trip_completion,58.3735061,26.7478946,2211.0,2536.3,566.0
281,rider_dropoff_presence,58.3735061,26.7478946,2319.14,2536.3,566.0
282,driver_arrival,58.3874115,26.7352687,1659.0,3230.8,831.0
282,rider_pickup_presence,58.3874115,26.7352687,1754.52,3230.8,831.0
282,trip_completion,58.364016,26.7024102,2490.0,3230.8,831.0
282,rider_dropoff_presence,58.364016,26.7024102,2510.36,3230.8,831.0
283,driver_arrival,58.3825357,26.6976129,1662.0,560.9,53.0
283,rider_pickup_presence,58.3825357,26.6976129,1672.18,560.9,53.0
283,trip_completion,58.3778335,26.7010935,1715.0,560.9,53.0
283,rider_dropoff_presence,58.3778335,26.7010935,1776.85,560.9,53.0
284,driver_arrival,58.3621843,26.7343021,1666.0,2955.6,529.0
284,rider_pickup_presence,58.3621843,26.7343021,1741.95,2955.6,529.0
284,trip_completion,58.3741218,26.7795853,2195.0,2955.6,529.0
284,rider_dropoff_presence,58.3741218,26.7795853,2235.22,2955.6,529.0
285,driver_arrival,58.3642639,26.697956,1674.0,321.8,92.0
285,rider_pickup_presence,58.3642639,26.697956,1772.21,321.8,92.0
285,trip_completion,58.3637525,26.7033862,1766.0,321.8,92.0
285,rider_dropoff_presence,58.3637525,26.7033862,1856.14,321.8,92.0
286,driver_arrival,58.3761928,26.693114,1677.0,1709.4,198.0
286,rider_pickup_presence,58.3761928,26.693114,1757.74,1709.4,198.0
286,trip_completion,58.3773022,26.7223563,1875.0,1709.4,198.0
286,rider_dropoff_presence,58.3773022,26.7223563,1901.96,1709.4,198.0
287,driver_arrival,58.3722171,26.7002126,1682.0,1473.5,215.0
287,rider_pickup_presence,58.3722171,26.7002126,1705.9,1473.5,215.0
287,trip_completion,58.3847574,26.6920468,1897.0,1473.5,215.0
287,rider_dropoff_presence,58.3847574,26.6920468,1899.93,1473.5,215.0
288,driver_arrival,58.3733276,26.773413,1684.0,5107.6,1085.0
288,rider_pickup_presence,58.3733276,26.773413,1713.38,5107.6,1085.0
288,trip_completion,58.3638491,26.6877144,2769.0,5107.6,1085.0
288,rider_dropoff_presence,58.3638491,26.6877144,2826.02,5107.6,1085.0
289,driver_arrival,58.3683037,26.7313193,1687.0,2969.8,325.0
289,rider_pickup_presence,58.3683037,26.7313193,1788.97,2969.8,325.0
289,trip_completion,58.3941706,26.744006,2012.0,2969.8,325.0
289,rider_dropoff_presence,58.3941706,26.744006,2020.74,2969.8,325.0
29,driver_arrival,58.3628273,26.7253311,199.0,1176.5,281.0
29,rider_pickup_presence,58.3628273,26.7253311,248.73,1176.5,281.0
29,trip_completion,58.3699781,26.7104626,480.0,1176.5,281.0
29,rider_dropoff_presence,58.3699781,26.7104626,555.57,1176.5,281.0
290,driver_arrival,58.3771249,26.7584929,1695.0,1846.3,198.0
290,rider_pickup_presence,58.3771249,26.7584929,1718.33,1846.3,198.0
290,trip_completion,58.3686715,26.731239,1893.0,1846.3,198.0
290,rider_dropoff_presence,58.3686715,26.731239,1976.56,1846.3,198.0
291,driver_arrival,58.388618,26.7255288,1695.0,2521.1,654.0
291,rider_pickup_presence,58.388618,26.7255288,1754.33,2521.1,654.0
291,trip_completion,58.3684335,26.7058341,2349.0,2521.1,654.0
291,rider_dropoff_presence,58.3684335,26.7058341,2378.28,2521.1,654.0
292,driver_arrival,58.3641099,26.6823883,1701.0,1251.0,144.0
292,rider_pickup_presence,58.3641099,26.6823883,1779.73,1251.0,144.0
292,trip_completion,58.3620919,26.7034885,1845.0,1251.0,144.0
292,rider_dropoff_presence,58.3620919,26.7034885,1845.67,1251.0,144.0
293,driver_arrival,58.3734423,26.7647592,1702.0,1379.2,529.0
293,rider_pickup_presence,58.3734423,26.7647592,1792.12,1379.2,529.0
293,trip_completion,58.3795022,26.7441189,2231.0,1379.2,529.0
293,rider_dropoff_presence,58.3795022,26.7441189,2323.41,1379.2,529.0
294,driver_arrival,58.3774191,26.7053537,1703.0,1518.7,235.0
294,rider_pickup_presence,58.3774191,26.7053537,1715.79,1518.7,235.0
294,trip_completion,58.387214,26.7235109,1938.0,1518.7,235.0
294,rider_dropoff_presence,58.387214,26.7235109,1989.02,1518.7,235.0
295,driver_arrival,58.3831644,26.7645929,1711.0,1894.9,421.0
295,rider_pickup_presence,58.3831644,26.7645929,1732.11,1894.9,421.0
295,trip_completion,58.3779845,26.7336257,2132.0,1894.9,421.0
295,rider_dropoff_presence,58.3779845,26.7336257,2246.96,1894.9,421.0
296,driver_arrival,58.3716112,26.7284322,1718.0,2602.7,785.0
296,rider_pickup_presence,58.3716112,26.7284322,1780.15,2602.7,785.0
296,trip_completion,58.3761412,26.6846385,2503.0,2602.7,785.0
296,rider_dropoff_presence,58.3761412,26.6846385,2509.03,2602.7,785.0
297,driver_arrival,58.3849073,26.7511246,1722.0,456.1,151.0
297,rider_pickup_presence,58.3849073,26.7511246,1751.9,456.1,151.0
297,trip_completion,58.3822823,26.7571361,1873.0,456.1,151.0
297,rider_dropoff_presence,58.3822823,26.7571361,1974.8,456.1,151.0
298,driver_arrival,58.3683256,26.6988758,1724.0,1024.8,172.0
298,rider_pickup_presence,58.3683256,26.6988758,1778.78,1024.8,172.0
298,trip_completion,58.3766137,26.6911904,1896.0,1024.8,172.0
298,rider_dropoff_presence,58.3766137,26.6911904,1992.17,1024.8,172.0
299,driver_arrival,58.3873794,26.7136508,1728.0,492.8,152.0
299,rider_pickup_presence,58.3873794,26.7136508,1808.11,492.8,152.0
299,trip_completion,58.389087,26.7214532,1880.0,492.8,152.0
299,rider_dropoff_presence,58.389087,26.7214532,1998.55,492.8,152.0
3,driver_arrival,58.3869876,26.6965665,19.0,3253.7,306.0
3,rider_pickup_presence,58.3869876,26.6965665,90.45,3253.7,306.0
3,trip_completion,58.3616585,26.7245067,325.0,3253.7,306.0
3,rider_dropoff_presence,58.3616585,26.7245067,439.0,3253.7,306.0
30,driver_arrival,58.3841573,26.7080671,204.0,397.4,176.0
30,rider_pickup_presence,58.3841573,26.7080671,310.97,397.4,176.0
30,trip_completion,58.3872289,26.7115541,380.0,397.4,176.0
30,rider_dropoff_presence,58.3872289,26.7115541,453.52,397.4,176.0
300,driver_arrival,58.3665782,26.7213117,1733.0,2711.5,534.0
300,rider_pickup_presence,58.3665782,26.7213117,1819.31,2711.5,534.0
300,trip_completion,58.3899697,26.7344514,2267.0,2711.5,534.0
300,rider_dropoff_presence,58.3899697,26.7344514,2327.57,2711.5,534.0
301,driver_arrival,58.3795879,26.7394155,1748.0,1782.7,416.0
301,rider_pickup_presence,58.3795879,26.7394155,1847.67,1782.7,416.0
301,trip_completion,58.3790134,26.7088571,2164.0,1782.7,416.0
301,rider_dropoff_presence,58.3790134,26.7088571,2229.74,1782.7,416.0
302,driver_arrival,58.3832379,26.733355,1752.0,2576.4,505.0
302,rider_pickup_presence,58.3832379,26.733355,1859.66,2576.4,505.0
302,trip_completion,58.3699661,26.7695762,2257.0,2576.4,505.0
302,rider_dropoff_presence,58.3699661,26.7695762,2346.24,2576.4,505.0
303,driver_arrival,58.3694982,26.7340513,1756.0,2216.0,583.0
303,rider_pickup_presence,58.3694982,26.7340513,1812.96,2216.0,583.0
303,trip_completion,58.3741052,26.7710257,2339.0,2216.0,583.0
303,rider_dropoff_presence,58.3741052,26.7710257,2370.1,2216.0,583.0
304,driver_arrival,58.3834609,26.7194794,1756.0,3494.0,516.0
304,rider_pickup_presence,58.3834609,26.7194794,1785.67,3494.0,516.0
304,trip_completion,58.369461,26.7731312,2272.0,3494.0,516.0
304,rider_dropoff_presence,58.369461,26.7731312,2348.52,3494.0,516.0
305,driver_arrival,58.3595594,26.7112568,1761.0,3659.9,969.0
305,rider_pickup_presence,58.3595594,26.7112568,1852.9,3659.9,969.0
305,trip_completion,58.3775155,26.7638549,2730.0,3659.9,969.0
305,rider_dropoff_presence,58.3775155,26.7638549,2792.56,3659.9,969.0
306,driver_arrival,58.3783151,26.7493866,1768.0,2459.9,411.0
306,rider_pickup_presence,58.3783151,26.7493866,1843.21,2459.9,411.0
306,trip_completion,58.3880222,26.7114663,2179.0,2459.9,411.0
306,rider_dropoff_presence,58.3880222,26.7114663,2211.95,2459.9,411.0
307,driver_arrival,58.3824835,26.7235767,1779.0,1327.3,792.0
307,rider_pickup_presence,58.3824835,26.7235767,1788.3,1327.3,792.0
307,trip_completion,58.3750568,26.7057524,2571.0,1327.3,792.0
307,rider_dropoff_presence,58.3750568,26.7057524,2605.29,1327.3,792.0
308,driver_arrival,58.3807649,26.7367391,1785.0,1074.0,152.0
308,rider_pickup_presence,58.3807649,26.7367391,1817.61,1074.0,152.0
308,trip_completion,58.3712698,26.7401171,1937.0,1074.0,152.0
308,rider_dropoff_presence,58.3712698,26.7401171,1975.37,1074.0,152.0
309,driver_arrival,58.3745912,26.7662939,1786.0,3390.7,812.0
309,rider_pickup_presence,58.3745912,26.7662939,1850.82,3390.7,812.0
309,trip_completion,58.3808412,26.709371,2598.0,3390.7,812.0
309,rider_dropoff_presence,58.3808412,26.709371,2614.6,3390.7,812.0
31,driver_arrival,58.3719934,26.723228,216.0,2886.9,618.0
31,rider_pickup_presence,58.3719934,26.723228,243.75,2886.9,618.0
31,trip_completion,58.3693858,26.7724846,834.0,2886.9,618.0
31,rider_dropoff_presence,58.3693858,26.7724846,917.27,2886.9,618.0
310,driver_arrival,58.3792765,26.7563128,1786.0,432.8,77.0
310,rider_pickup_presence,58.3792765,26.7563128,1870.77,432.8,77.0
310,trip_completion,58.3822759,26.7610442,1863.0,432.8,77.0
310,rider_dropoff_presence,58.3822759,26.7610442,1870.71,432.8,77.0
311,driver_arrival,58.3712009,26.7682668,1797.0,3894.6,815.0
311,rider_pickup_presence,58.3712009,26.7682668,1845.91,3894.6,815.0
311,trip_completion,58.3895205,26.7113269,2612.0,3894.6,815.0
311,rider_dropoff_presence,58.3895205,26.7113269,2677.11,3894.6,815.0
312,driver_arrival,58.3790971,26.7586755,1802.0,3772.7,533.0
312,rider_pickup_presence,58.3790971,26.7586755,1851.89,3772.7,533.0
312,trip_completion,58.3605861,26.7044561,2335.0,3772.7,533.0
312,rider_dropoff_presence,58.3605861,26.7044561,2359.82,3772.7,533.0
313,driver_arrival,58.3864608,26.7029923,1808.0,4428.5,639.0
313,rider_pickup_presence,58.3864608,26.7029923,1858.42,4428.5,639.0
313,trip_completion,58.3787307,26.7775161,2447.0,4428.5,639.0
313,rider_dropoff_presence,58.3787307,26.7775161,2555.58,4428.5,639.0
314,driver_arrival,58.3603609,26.7313781,1816.0,2629.8,332.0
314,rider_pickup_presence,58.3603609,26.7313781,1886.09,2629.8,332.0
314,trip_completion,58.3735518,26.6939494,2148.0,2629.8,332.0
314,rider_dropoff_presence,58.3735518,26.6939494,2231.46,2629.8,332.0
315,driver_arrival,58.384668,26.6975829,1816.0,562.0,69.0
315,rider_pickup_presence,58.384668,26.6975829,1918.81,562.0,69.0
315,trip_completion,58.3829336,26.7066382,1885.0,562.0,69.0
315,rider_dropoff_presence,58.3829336,26.7066382,1976.87,562.0,69.0
316,driver_arrival,58.3681662,26.7253026,1820.0,914.6,86.0
316,rider_pickup_presence,58.3681662,26.7253026,1865.65,914.6,86.0
316,trip_completion,58.3646232,26.7394558,1906.0,914.6,86.0
316,rider_dropoff_presence,58.3646232,26.7394558,1906.71,914.6,86.0
317,driver_arrival,58.3826219,26.7342474,1823.0,3198.0,817.0
317,rider_pickup_presence,58.3826219,26.7342474,1865.21,3198.0,817.0
317,trip_completion,58.3623836,26.6952804,2640.0,3198.0,817.0
317,rider_dropoff_presence,58.3623836,26.6952804,2730.42,3198.0,817.0
318,driver_arrival,58.3778815,26.748713,1825.0,3185.7,374.0
318,rider_pickup_presence,58.3778815,26.748713,1927.41,3185.7,374.0
318,trip_completion,58.3820259,26.6946431,2199.0,3185.7,374.0
318,rider_dropoff_presence,58.3820259,26.6946431,2313.41,3185.7,374.0
319,driver_arrival,58.3868532,26.7126241,1825.0,1851.1,832.0
319,rider_pickup_presence,58.3868532,26.7126241,1875.28,1851.1,832.0
319,trip_completion,58.3709007,26.7216996,2657.0,1851.1,832.0
319,rider_dropoff_presence,58.3709007,26.7216996,2746.7,1851.1,832.0
32,driver_arrival,58.3892254,26.7197216,219.0,785.3,305.0
32,rider_pickup_presence,58.3892254,26.7197216,284.54,785.3,305.0
32,trip_completion,58.3882667,26.7063717,524.0,785.3,305.0
32,rider_dropoff_presence,58.3882667,26.7063717,596.39,785.3,305.0
320,driver_arrival,58.3866971,26.7152519,1843.0,1839.1,294.0
320,rider_pickup_presence,58.3866971,26.7152519,1869.46,1839.1,294.0
320,trip_completion,58.3754081,26.6921955,2137.0,1839.1,294.0
320,rider_dropoff_presence,58.3754081,26.6921955,2163.33,1839.1,294.0
321,driver_arrival,58.3642733,26.7363853,1846.0,3112.9,630.0
321,rider_pickup_presence,58.3642733,26.7363853,1898.3,3112.9,630.0
321,trip_completion,58.3687716,26.683703,2476.0,3112.9,630.0
321,rider_dropoff_presence,58.3687716,26.683703,2479.48,3112.9,630.0
322,driver_arrival,58.3613419,26.7360596,1856.0,2275.3,367.0
322,rider_pickup_presence,58.3613419,26.7360596,1896.34,2275.3,367.0
322,trip_completion,58.3768115,26.7105198,2223.0,2275.3,367.0
322,rider_dropoff_presence,58.3768115,26.7105198,2304.5,2275.3,367.0
323,driver_arrival,58.3660067,26.6857998,1864.0,2504.1,550.0
323,rider_pickup_presence,58.3660067,26.6857998,1912.52,2504.1,550.0
323,trip_completion,58.3691414,26.7283202,2414.0,2504.1,550.0
323,rider_dropoff_presence,58.3691414,26.7283202,2433.81,2504.1,550.0
324,driver_arrival,58.3670058,26.7418353,1868.0,1912.6,886.0
324,rider_pickup_presence,58.3670058,26.7418353,1924.09,1912.6,886.0
324,trip_completion,58.3735095,26.772198,2754.0,1912.6,886.0
324,rider_dropoff_presence,58.3735095,26.772198,2769.32,1912.6,886.0
325,driver_arrival,58.3821772,26.7669711,1872.0,834.2,279.0
325,rider_pickup_presence,58.3821772,26.7669711,1946.67,834.2,279.0
325,trip_completion,58.3747783,26.7646064,2151.0,834.2,279.0
325,rider_dropoff_presence,58.3747783,26.7646064,2154.24,834.2,279.0
326,driver_arrival,58.3884654,26.6947941,1896.0,1940.7,177.0
326,rider_pickup_presence,58.3884654,26.6947941,1943.28,1940.7,177.0
326,trip_completion,58.3737069,26.7125654,2073.0,1940.7,177.0
326,rider_dropoff_presence,58.3737069,26.7125654,2140.73,1940.7,177.0
327,driver_arrival,58.3728028,26.6967492,1907.0,3297.0,709.0
327,rider_pickup_presence,58.3728028,26.6967492,1910.25,3297.0,709.0
327,trip_completion,58.3732715,26.7532856,2616.0,3297.0,709.0
327,rider_dropoff_presence,58.3732715,26.7532856,2693.13,3297.0,709.0
328,driver_arrival,58.3711799,26.7683178,1907.0,284.3,237.0
328,rider_pickup_presence,58.3711799,26.7683178,1923.28,284.3,237.0
328,trip_completion,58.3686928,26.7694465,2144.0,284.3,237.0
328,rider_dropoff_presence,58.3686928,26.7694465,2199.4,284.3,237.0
329,driver_arrival,58.3753718,26.6815095,1910.0,5446.9,1359.0
329,rider_pickup_presence,58.3753718,26.6815095,1916.03,5446.9,1359.0
329,trip_completion,58.3755881,26.7749294,3269.0,5446.9,1359.0
329,rider_dropoff_presence,58.3755881,26.7749294,3314.49,5446.9,1359.0
33,driver_arrival,58.3818809,26.7238004,220.0,2065.3,404.0
33,rider_pickup_presence,58.3818809,26.7238004,245.4,2065.3,404.0
33,trip_completion,58.3728748,26.6928183,624.0,2065.3,404.0
33,rider_dropoff_presence,58.3728748,26.6928183,663.22,2065.3,404.0
330,driver_arrival,58.3666261,26.7213535,1911.0,2228.8,245.0
330,rider_pickup_presence,58.3666261,26.7213535,2002.35,2228.8,245.0
330,trip_completion,58.3837651,26.7015324,2156.0,2228.8,245.0
330,rider_dropoff_presence,58.3837651,26.7015324,2201.5,2228.8,245.0
331,driver_arrival,58.3687746,26.6833698,1911.0,1155.1,172.0
331,rider_pickup_presence,58.3687746,26.6833698,2001.24,1155.1,172.0
331,trip_completion,58.3757717,26.6980116,2083.0,1155.1,172.0
331,rider_dropoff_presence,58.3757717,26.6980116,2182.83,1155.1,172.0
332,driver_arrival,58.3876243,26.7105224,1914.0,1776.2,378.0
332,rider_pickup_presence,58.3876243,26.7105224,1944.27,1776.2,378.0
332,trip_completion,58.3776767,26.7343618,2292.0,1776.2,378.0
332,rider_dropoff_presence,58.3776767,26.7343618,2301.83,1776.2,378.0
333,driver_arrival,58.376398,26.7060344,1925.0,1726.4,316.0
333,rider_pickup_presence,58.376398,26.7060344,1927.33,1726.4,316.0
333,trip_completion,58.3609021,26.7041909,2241.0,1726.4,316.0
333,rider_dropoff_presence,58.3609021,26.7041909,2305.73,1726.4,316.0
334,driver_arrival,58.3823094,26.732113,1928.0,517.6,68.0
334,rider_pickup_presence,58.3823094,26.732113,2047.99,517.6,68.0
334,trip_completion,58.3779627,26.7289334,1996.0,517.6,68.0
334,rider_dropoff_presence,58.3779627,26.7289334,2038.0,517.6,68.0
335,driver_arrival,58.3703666,26.7257945,1928.0,1774.0,607.0
335,rider_pickup_presence,58.3703666,26.7257945,2006.02,1774.0,607.0
335,trip_completion,58.3843834,26.7403252,2535.0,1774.0,607.0
335,rider_dropoff_presence,58.3843834,26.7403252,2628.75,1774.0,607.0
336,driver_arrival,58.3713559,26.7672599,1930.0,1832.3,466.0
336,rider_pickup_presence,58.3713559,26.7672599,2008.21,1832.3,466.0
336,trip_completion,58.3827942,26.7446382,2396.0,1832.3,466.0
336,rider_dropoff_presence,58.3827942,26.7446382,2486.51,1832.3,466.0
337,driver_arrival,58.3831085,26.7466125,1936.0,3836.6,1113.0
337,rider_pickup_presence,58.3831085,26.7466125,2049.95,3836.6,1113.0
337,trip_completion,58.3756975,26.6823384,3049.0,3836.6,1113.0
337,rider_dropoff_presence,58.3756975,26.6823384,3072.92,3836.6,1113.0
338,driver_arrival,58.3794685,26.7126238,1943.0,1235.8,205.0
338,rider_pickup_presence,58.3794685,26.7126238,1945.45,1235.8,205.0
338,trip_completion,58.3699891,26.701559,2148.0,1235.8,205.0
338,rider_dropoff_presence,58.3699891,26.701559,2166.29,1235.8,205.0
339,driver_arrival,58.3882418,26.7324115,1945.0,2613.0,249.0
339,rider_pickup_presence,58.3882418,26.7324115,1960.15,2613.0,249.0
339,trip_completion,58.3647707,26.7345977,2194.0,2613.0,249.0
339,rider_dropoff_presence,58.3647707,26.7345977,2274.34,2613.0,249.0
34,driver_arrival,58.3760253,26.7086511,225.0,1636.8,290.0
34,rider_pickup_presence,58.3760253,26.7086511,292.68,1636.8,290.0
34,trip_completion,58.3860451,26.7292194,515.0,1636.8,290.0
34,rider_dropoff_presence,58.3860451,26.7292194,541.16,1636.8,290.0
340,driver_arrival,58.3677736,26.7465702,1946.0,2915.3,443.0
340,rider_pickup_presence,58.3677736,26.7465702,2029.94,2915.3,443.0
340,trip_completion,58.3842995,26.7077535,2389.0,2915.3,443.0
340,rider_dropoff_presence,58.3842995,26.7077535,2481.03,2915.3,443.0
341,driver_arrival,58.3798784,26.7672187,1946.0,3874.9,595.0
341,rider_pickup_presence,58.3798784,26.7672187,1966.13,3874.9,595.0
341,trip_completion,58.3607662,26.7116552,2541.0,3874.9,595.0
341,rider_dropoff_presence,58.3607662,26.7116552,2613.87,3874.9,595.0
342,driver_arrival,58.3728712,26.7796818,1956.0,4026.7,1042.0
342,rider_pickup_presence,58.3728712,26.7796818,2045.75,4026.7,1042.0
342,trip_completion,58.3813002,26.712513,2998.0,4026.7,1042.0
342,rider_dropoff_presence,58.3813002,26.712513,3011.74,4026.7,1042.0
343,driver_arrival,58.3717999,26.7726742,1957.0,4331.1,1178.0
343,rider_pickup_presence,58.3717999,26.7726742,2055.32,4331.1,1178.0
343,trip_completion,58.3861743,26.7036276,3135.0,4331.1,1178.0
343,rider_dropoff_presence,58.3861743,26.7036276,3250.77,4331.1,1178.0
344,driver_arrival,58.3700621,26.7015706,1966.0,4566.1,1022.0
344,rider_pickup_presence,58.3700621,26.7015706,1978.97,4566.1,1022.0
344,trip_completion,58.3729,26.7796892,2988.0,4566.1,1022.0
344,rider_dropoff_presence,58.3729,26.7796892,2991.08,4566.1,1022.0
345,driver_arrival,58.3797762,26.7591419,1967.0,3536.0,550.0
345,rider_pickup_presence,58.3797762,26.7591419,2004.43,3536.0,550.0
345,trip_completion,58.3682871,26.702595,2517.0,3536.0,550.0
345,rider_dropoff_presence,58.3682871,26.702595,2598.28,3536.0,550.0
346,driver_arrival,58.3792915,26.695391,1989.0,1140.2,225.0
346,rider_pickup_presence,58.3792915,26.695391,2103.98,1140.2,225.0
346,trip_completion,58.3895002,26.693547,2214.0,1140.2,225.0
346,rider_dropoff_presence,58.3895002,26.693547,2261.6,1140.2,225.0
347,driver_arrival,58.372097,26.72653,1995.0,1827.0,935.0
347,rider_pickup_presence,58.372097,26.72653,2080.8,1827.0,935.0
347,trip_completion,58.3755713,26.6959049,2930.0,1827.0,935.0
347,rider_dropoff_presence,58.3755713,26.6959049,2939.12,1827.0,935.0
348,driver_arrival,58.3790258,26.7736844,1999.0,1513.3,221.0
348,rider_pickup_presence,58.3790258,26.7736844,2081.87,1513.3,221.0
348,trip_completion,58.3783809,26.7477564,2220.0,1513.3,221.0
348,rider_dropoff_presence,58.3783809,26.7477564,2295.27,1513.3,221.0
349,driver_arrival,58.3805466,26.7304252,2007.0,1924.9,399.0
349,rider_pickup_presence,58.3805466,26.7304252,2019.23,1924.9,399.0
349,trip_completion,58.3761228,26.698505,2406.0,1924.9,399.0
349,rider_dropoff_presence,58.3761228,26.698505,2498.7,1924.9,399.0
35,driver_arrival,58.3834815,26.7128855,227.0,1942.7,545.0
35,rider_pickup_presence,58.3834815,26.7128855,329.04,1942.7,545.0
35,trip_completion,58.3682047,26.7290504,772.0,1942.7,545.0
35,rider_dropoff_presence,58.3682047,26.7290504,844.05,1942.7,545.0
350,driver_arrival,58.3840652,26.7083537,2022.0,2368.5,422.0
350,rider_pickup_presence,58.3840652,26.7083537,2036.53,2368.5,422.0
350,trip_completion,58.3942239,26.7440727,2444.0,2368.5,422.0
350,rider_dropoff_presence,58.3942239,26.7440727,2562.06,2368.5,422.0
351,driver_arrival,58.3764848,26.7551104,2025.0,507.9,175.0
351,rider_pickup_presence,58.3764848,26.7551104,2118.92,507.9,175.0
351,trip_completion,58.380962,26.7533812,2200.0,507.9,175.0
351,rider_dropoff_presence,58.380962,26.7533812,2241.66,507.9,175.0
352,driver_arrival,58.3808519,26.7549836,2035.0,4479.5,568.0
352,rider_pickup_presence,58.3808519,26.7549836,2086.41,4479.5,568.0
352,trip_completion,58.3953968,26.6833111,2603.0,4479.5,568.0
352,rider_dropoff_presence,58.3953968,26.6833111,2647.47,4479.5,568.0
353,driver_arrival,58.3613543,26.7307614,2042.0,1419.0,174.0
353,rider_pickup_presence,58.3613543,26.7307614,2102.72,1419.0,174.0
353,trip_completion,58.3701035,26.7130491,2216.0,1419.0,174.0
353,rider_dropoff_presence,58.3701035,26.7130491,2256.95,1419.0,174.0
354,driver_arrival,58.3736133,26.7482032,2046.0,631.1,148.0
354,rider_pickup_presence,58.3736133,26.7482032,2147.95,631.1,148.0
354,trip_completion,58.3725758,26.7588439,2194.0,631.1,148.0
354,rider_dropoff_presence,58.3725758,26.7588439,2292.68,631.1,148.0
355,driver_arrival,58.3854761,26.7317936,2053.0,1726.7,243.0
355,rider_pickup_presence,58.3854761,26.7317936,2065.66,1726.7,243.0
355,trip_completion,58.3821967,26.7607477,2296.0,1726.7,243.0
355,rider_dropoff_presence,58.3821967,26.7607477,2411.29,1726.7,243.0
356,driver_arrival,58.369802,26.7412834,2057.0,1477.0,268.0
356,rider_pickup_presence,58.369802,26.7412834,2133.27,1477.0,268.0
356,trip_completion,58.3795389,26.7240535,2325.0,1477.0,268.0
356,rider_dropoff_presence,58.3795389,26.7240535,2424.44,1477.0,268.0
357,driver_arrival,58.3889924,26.738016,2058.0,1883.3,365.0
357,rider_pickup_presence,58.3889924,26.738016,2142.88,1883.3,365.0
357,trip_completion,58.3871817,26.7058888,2423.0,1883.3,365.0
357,rider_dropoff_presence,58.3871817,26.7058888,2475.26,1883.3,365.0
358,driver_arrival,58.3757552,26.7546897,2061.0,1730.2,223.0
358,rider_pickup_presence,58.3757552,26.7546897,2149.06,1730.2,223.0
358,trip_completion,58.3846338,26.730316,2284.0,1730.2,223.0
358,rider_dropoff_presence,58.3846338,26.730316,2399.86,1730.2,223.0
359,driver_arrival,58.3772937,26.6837375,2063.0,4883.9,1046.0
359,rider_pickup_presence,58.3772937,26.6837375,2095.41,4883.9,1046.0
359,trip_completion,58.382264,26.7669742,3109.0,4883.9,1046.0
359,rider_dropoff_presence,58.382264,26.7669742,3205.98,4883.9,1046.0
36,driver_arrival,58.3733138,26.7749526,235.0,4011.0,883.0
36,rider_pickup_presence,58.3733138,26.7749526,299.58,4011.0,883.0
36,trip_completion,58.3852069,26.7099988,1118.0,4011.0,883.0
36,rider_dropoff_presence,58.3852069,26.7099988,1176.02,4011.0,883.0
360,driver_arrival,58.3790406,26.7590925,2067.0,3015.1,336.0
360,rider_pickup_presence,58.3790406,26.7590925,2119.27,3015.1,336.0
360,trip_completion,58.3730927,26.7086388,2403.0,3015.1,336.0
360,rider_dropoff_presence,58.3730927,26.7086388,2490.72,3015.1,336.0
361,driver_arrival,58.3633075,26.7102978,2070.0,1951.5,743.0
361,rider_pickup_presence,58.3633075,26.7102978,2102.21,1951.5,743.0
361,trip_completion,58.3778453,26.7290457,2813.0,1951.5,743.0
361,rider_dropoff_presence,58.3778453,26.7290457,2915.21,1951.5,743.0
362,driver_arrival,58.370821,26.6948009,2074.0,3690.5,584.0
362,rider_pickup_presence,58.370821,26.6948009,2173.69,3690.5,584.0
362,trip_completion,58.3791983,26.7560463,2658.0,3690.5,584.0
362,rider_dropoff_presence,58.3791983,26.7560463,2668.4,3690.5,584.0
363,driver_arrival,58.3720565,26.68744,2078.0,2963.9,898.0
363,rider_pickup_presence,58.3720565,26.68744,2183.8,2963.9,898.0
363,trip_completion,58.3827462,26.7340103,2976.0,2963.9,898.0
363,rider_dropoff_presence,58.3827462,26.7340103,3005.26,2963.9,898.0
364,driver_arrival,58.3827791,26.7415625,2085.0,910.9,165.0
364,rider_pickup_presence,58.3827791,26.7415625,2140.77,910.9,165.0
364,trip_completion,58.3779572,26.7289308,2250.0,910.9,165.0
364,rider_dropoff_presence,58.3779572,26.7289308,2323.24,910.9,165.0
365,driver_arrival,58.377242,26.7010272,2089.0,2969.1,413.0
365,rider_pickup_presence,58.377242,26.7010272,2134.48,2969.1,413.0
365,trip_completion,58.3648184,26.7460977,2502.0,2969.1,413.0
365,rider_dropoff_presence,58.3648184,26.7460977,2505.44,2969.1,413.0
366,driver_arrival,58.3881569,26.7602758,2098.0,1594.7,390.0
366,rider_pickup_presence,58.3881569,26.7602758,2200.11,1594.7,390.0
366,trip_completion,58.3746195,26.769305,2488.0,1594.7,390.0
366,rider_dropoff_presence,58.3746195,26.769305,2509.82,1594.7,390.0
367,driver_arrival,58.3634455,26.7255682,2100.0,964.9,389.0
367,rider_pickup_presence,58.3634455,26.7255682,2125.45,964.9,389.0
367,trip_completion,58.3671541,26.7106111,2489.0,964.9,389.0
367,rider_dropoff_presence,58.3671541,26.7106111,2584.74,964.9,389.0
368,driver_arrival,58.370128,26.7129052,2100.0,1855.2,497.0
368,rider_pickup_presence,58.370128,26.7129052,2140.84,1855.2,497.0
368,trip_completion,58.380617,26.7376499,2597.0,1855.2,497.0
368,rider_dropoff_presence,58.380617,26.7376499,2702.64,1855.2,497.0
369,driver_arrival,58.362862,26.7395291,2115.0,1680.7,197.0
369,rider_pickup_presence,58.362862,26.7395291,2199.14,1680.7,197.0
369,trip_completion,58.3777234,26.7342681,2312.0,1680.7,197.0
369,rider_dropoff_presence,58.3777234,26.7342681,2345.15,1680.7,197.0
37,driver_arrival,58.3755092,26.7651203,235.0,863.3,422.0
37,rider_pickup_presence,58.3755092,26.7651203,236.22,863.3,422.0
37,trip_completion,58.3681745,26.7699725,657.0,863.3,422.0
37,rider_dropoff_presence,58.3681745,26.7699725,770.77,863.3,422.0
370,driver_arrival,58.377242,26.7010272,2119.0,448.1,64.0
370,rider_pickup_presence,58.377242,26.7010272,2129.27,448.1,64.0
370,trip_completion,58.3740753,26.6962748,2183.0,448.1,64.0
370,rider_dropoff_presence,58.3740753,26.6962748,2269.41,448.1,64.0
371,driver_arrival,58.3834911,26.719479,2124.0,1774.4,234.0
371,rider_pickup_presence,58.3834911,26.719479,2182.63,1774.4,234.0
371,trip_completion,58.3834831,26.6890389,2358.0,1774.4,234.0
371,rider_dropoff_presence,58.3834831,26.6890389,2448.98,1774.4,234.0
372,driver_arrival,58.3687591,26.7290328,2129.0,2465.3,347.0
372,rider_pickup_presence,58.3687591,26.7290328,2211.87,2465.3,347.0
372,trip_completion,58.3906705,26.7354855,2476.0,2465.3,347.0
372,rider_dropoff_presence,58.3906705,26.7354855,2553.51,2465.3,347.0
373,driver_arrival,58.3604859,26.7295483,2136.0,2854.4,883.0
373,rider_pickup_presence,58.3604859,26.7295483,2194.9,2854.4,883.0
373,trip_completion,58.3730417,26.7722379,3019.0,2854.4,883.0
373,rider_dropoff_presence,58.3730417,26.7722379,3114.15,2854.4,883.0
374,driver_arrival,58.3677878,26.7263789,2147.0,2616.2,615.0
374,rider_pickup_presence,58.3677878,26.7263789,2158.17,2616.2,615.0
374,trip_completion,58.3722041,26.7704447,2762.0,2616.2,615.0
374,rider_dropoff_presence,58.3722041,26.7704447,2788.59,2616.2,615.0
375,driver_arrival,58.3784118,26.7625091,2149.0,3394.6,849.0
375,rider_pickup_presence,58.3784118,26.7625091,2232.01,3394.6,849.0
375,trip_completion,58.3852375,26.7057509,2998.0,3394.6,849.0
375,rider_dropoff_presence,58.3852375,26.7057509,3034.74,3394.6,849.0
376,driver_arrival,58.3886576,26.6946326,2150.0,4838.8,1092.0
376,rider_pickup_presence,58.3886576,26.6946326,2219.79,4838.8,1092.0
376,trip_completion,58.3731109,26.7721584,3242.0,4838.8,1092.0
376,rider_dropoff_presence,58.3731109,26.7721584,3298.79,4838.8,1092.0
377,driver_arrival,58.3742183,26.7802427,2156.0,3009.5,394.0
377,rider_pickup_presence,58.3742183,26.7802427,2219.71,3009.5,394.0
377,trip_completion,58.3779086,26.729108,2550.0,3009.5,394.0
377,rider_dropoff_presence,58.3779086,26.729108,2601.06,3009.5,394.0
378,driver_arrival,58.3763724,26.7291575,2166.0,2521.8,872.0
378,rider_pickup_presence,58.3763724,26.7291575,2255.51,2521.8,872.0
378,trip_completion,58.3628068,26.6945013,3038.0,2521.8,872.0
378,rider_dropoff_presence,58.3628068,26.6945013,3077.69,2521.8,872.0
379,driver_arrival,58.3715631,26.7176602,2174.0,2897.8,814.0
379,rider_pickup_presence,58.3715631,26.7176602,2258.34,2897.8,814.0
379,trip_completion,58.3714202,26.7673549,2988.0,2897.8,814.0
379,rider_dropoff_presence,58.3714202,26.7673549,3020.51,2897.8,814.0
38,driver_arrival,58.3809336,26.7493563,236.0,1727.1,207.0
38,rider_pickup_presence,58.3809336,26.7493563,266.17,1727.1,207.0
38,trip_completion,58.3768535,26.7779406,443.0,1727.1,207.0
38,rider_dropoff_presence,58.3768535,26.7779406,457.48,1727.1,207.0
380,driver_arrival,58.38208,26.7590197,2183.0,2611.9,745.0
380,rider_pickup_presence,58.38208,26.7590197,2206.11,2611.9,745.0
380,trip_completion,58.3768661,26.7153345,2928.0,2611.9,745.0
380,rider_dropoff_presence,58.3768661,26.7153345,2942.35,2611.9,745.0
381,driver_arrival,58.38683,26.7087669,2189.0,2241.5,542.0
381,rider_pickup_presence,58.38683,26.7087669,2253.3,2241.5,542.0
381,trip_completion,58.3672275,26.6998012,2731.0,2241.5,542.0
381,rider_dropoff_presence,58.3672275,26.6998012,2822.46,2241.5,542.0
382,driver_arrival,58.3783266,26.6829078,2191.0,1986.6,245.0
382,rider_pickup_presence,58.3783266,26.6829078,2213.22,1986.6,245.0
382,trip_completion,58.382107,26.716213,2436.0,1986.6,245.0
382,rider_dropoff_presence,58.382107,26.716213,2461.97,1986.6,245.0
383,driver_arrival,58.3759605,26.7499637,2200.0,739.3,108.0
383,rider_pickup_presence,58.3759605,26.7499637,2258.1,739.3,108.0
383,trip_completion,58.3768196,26.7625384,2308.0,739.3,108.0
383,rider_dropoff_presence,58.3768196,26.7625384,2394.95,739.3,108.0
384,driver_arrival,58.3717814,26.716959,2202.0,2163.1,476.0
384,rider_pickup_presence,58.3717814,26.716959,2319.19,2163.1,476.0
384,trip_completion,58.3811289,26.7494963,2678.0,2163.1,476.0
384,rider_dropoff_presence,58.3811289,26.7494963,2740.96,2163.1,476.0
385,driver_arrival,58.3815611,26.7501749,2228.0,2239.6,183.0
385,rider_pickup_presence,58.3815611,26.7501749,2261.96,2239.6,183.0
385,trip_completion,58.3658724,26.7260892,2411.0,2239.6,183.0
385,rider_dropoff_presence,58.3658724,26.7260892,2423.06,2239.6,183.0
386,driver_arrival,58.3722447,26.7747681,2229.0,3683.1,916.0
386,rider_pickup_presence,58.3722447,26.7747681,2252.29,3683.1,916.0
386,trip_completion,58.387517,26.7187075,3145.0,3683.1,916.0
386,rider_dropoff_presence,58.387517,26.7187075,3172.3,3683.1,916.0
387,driver_arrival,58.3828035,26.7447421,2229.0,3474.9,858.0
387,rider_pickup_presence,58.3828035,26.7447421,2250.53,3474.9,858.0
387,trip_completion,58.3707314,26.6897684,3087.0,3474.9,858.0
387,rider_dropoff_presence,58.3707314,26.6897684,3088.7,3474.9,858.0
388,driver_arrival,58.3807308,26.7536568,2238.0,4288.5,551.0
388,rider_pickup_presence,58.3807308,26.7536568,2302.1,4288.5,551.0
388,trip_completion,58.3676566,26.6844611,2789.0,4288.5,551.0
388,rider_dropoff_presence,58.3676566,26.6844611,2821.92,4288.5,551.0
389,driver_arrival,58.3746023,26.7130963,2250.0,988.0,133.0
389,rider_pickup_presence,58.3746023,26.7130963,2366.92,988.0,133.0
389,trip_completion,58.3751808,26.6961878,2383.0,988.0,133.0
389,rider_dropoff_presence,58.3751808,26.6961878,2449.4,988.0,133.0
39,driver_arrival,58.3750535,26.7695437,237.0,4603.8,705.0
39,rider_pickup_presence,58.3750535,26.7695437,320.69,4603.8,705.0
39,trip_completion,58.3733081,26.6906566,942.0,4603.8,705.0
39,rider_dropoff_presence,58.3733081,26.6906566,957.15,4603.8,705.0
390,driver_arrival,58.3734114,26.7526823,2252.0,1857.3,729.0
390,rider_pickup_presence,58.3734114,26.7526823,2356.22,1857.3,729.0
390,trip_completion,58.3726355,26.7208641,2981.0,1857.3,729.0
390,rider_dropoff_presence,58.3726355,26.7208641,3039.91,1857.3,729.0
391,driver_arrival,58.3745994,26.6875623,2261.0,2703.6,769.0
391,rider_pickup_presence,58.3745994,26.6875623,2365.73,2703.6,769.0
391,trip_completion,58.3784558,26.7333473,3030.0,2703.6,769.0
391,rider_dropoff_presence,58.3784558,26.7333473,3098.89,2703.6,769.0
392,driver_arrival,58.3839622,26.7079038,2262.0,708.5,87.0
392,rider_pickup_presence,58.3839622,26.7079038,2318.33,708.5,87.0
392,trip_completion,58.379153,26.69993,2349.0,708.5,87.0
392,rider_dropoff_presence,58.379153,26.69993,2401.86,708.5,87.0
393,driver_arrival,58.3731664,26.7721393,2266.0,4706.0,1134.0
393,rider_pickup_presence,58.3731664,26.7721393,2288.12,4706.0,1134.0
393,trip_completion,58.3830292,26.6936419,3400.0,4706.0,1134.0
393,rider_dropoff_presence,58.3830292,26.6936419,3406.17,4706.0,1134.0
394,driver_arrival,58.3676792,26.7699663,2268.0,4046.1,762.0
394,rider_pickup_presence,58.3676792,26.7699663,2380.93,4046.1,762.0
394,trip_completion,58.3841752,26.7081115,3030.0,4046.1,762.0
394,rider_dropoff_presence,58.3841752,26.7081115,3087.33,4046.1,762.0
395,driver_arrival,58.3644165,26.7211508,2270.0,2093.4,251.0
395,rider_pickup_presence,58.3644165,26.7211508,2368.65,2093.4,251.0
395,trip_completion,58.3757891,26.7497593,2521.0,2093.4,251.0
395,rider_dropoff_presence,58.3757891,26.7497593,2569.08,2093.4,251.0
396,driver_arrival,58.3786791,26.7775472,2271.0,2847.6,298.0
396,rider_pickup_presence,58.3786791,26.7775472,2279.89,2847.6,298.0
396,trip_completion,58.374508,26.7293577,2569.0,2847.6,298.0
396,rider_dropoff_presence,58.374508,26.7293577,2644.53,2847.6,298.0
397,driver_arrival,58.3722957,26.7704179,2280.0,5106.1,1162.0
397,rider_pickup_presence,58.3722957,26.7704179,2286.43,5106.1,1162.0
397,trip_completion,58.377897,26.6834979,3442.0,5106.1,1162.0
397,rider_dropoff_presence,58.377897,26.6834979,3459.9,5106.1,1162.0
398,driver_arrival,58.3759806,26.7514046,2285.0,3276.6,475.0
398,rider_pickup_presence,58.3759806,26.7514046,2352.54,3276.6,475.0
398,trip_completion,58.3754322,26.6952165,2760.0,3276.6,475.0
398,rider_dropoff_presence,58.3754322,26.6952165,2796.46,3276.6,475.0
399,driver_arrival,58.3783737,26.7588717,2288.0,3866.9,696.0
399,rider_pickup_presence,58.3783737,26.7588717,2407.27,3866.9,696.0
399,trip_completion,58.3869272,26.6945744,2984.0,3866.9,696.0
399,rider_dropoff_presence,58.3869272,26.6945744,2998.21,3866.9,696.0
4,driver_arrival,58.3708996,26.7791255,20.0,5210.1,750.0
4,rider_pickup_presence,58.3708996,26.7791255,111.73,5210.1,750.0
4,trip_completion,58.3863967,26.6947878,770.0,5210.1,750.0
4,rider_dropoff_presence,58.3863967,26.6947878,842.76,5210.1,750.0
400,driver_arrival,58.3744581,26.7569312,2290.0,2086.5,358.0
400,rider_pickup_presence,58.3744581,26.7569312,2384.89,2086.5,358.0
400,trip_completion,58.3889476,26.7341896,2648.0,2086.5,358.0
400,rider_dropoff_presence,58.3889476,26.7341896,2675.08,2086.5,358.0
401,driver_arrival,58.3612948,26.7106507,2290.0,2315.6,399.0
401,rider_pickup_presence,58.3612948,26.7106507,2352.71,2315.6,399.0
401,trip_completion,58.382067,26.7078253,2689.0,2315.6,399.0
401,rider_dropoff_presence,58.382067,26.7078253,2743.06,2315.6,399.0
402,driver_arrival,58.3779405,26.7289482,2292.0,1570.5,232.0
402,rider_pickup_presence,58.3779405,26.7289482,2345.13,1570.5,232.0
402,trip_completion,58.389051,26.7123129,2524.0,1570.5,232.0
402,rider_dropoff_presence,58.389051,26.7123129,2627.22,1570.5,232.0
403,driver_arrival,58.3668845,26.738687,2295.0,687.2,103.0
403,rider_pickup_presence,58.3668845,26.738687,2413.8,687.2,103.0
403,trip_completion,58.3623776,26.7306242,2398.0,687.2,103.0
403,rider_dropoff_presence,58.3623776,26.7306242,2434.65,687.2,103.0
404,driver_arrival,58.3795902,26.7607326,2314.0,4353.9,510.0
404,rider_pickup_presence,58.3795902,26.7607326,2388.52,4353.9,510.0
404,trip_completion,58.3720946,26.6874381,2824.0,4353.9,510.0
404,rider_dropoff_presence,58.3720946,26.6874381,2897.16,4353.9,510.0
405,driver_arrival,58.3762735,26.7176921,2315.0,1134.7,149.0
405,rider_pickup_presence,58.3762735,26.7176921,2403.81,1134.7,149.0
405,trip_completion,58.3677146,26.7070956,2464.0,1134.7,149.0
405,rider_dropoff_presence,58.3677146,26.7070956,2577.71,1134.7,149.0
406,driver_arrival,58.3831807,26.7216076,2323.0,2286.5,946.0
406,rider_pickup_presence,58.3831807,26.7216076,2347.93,2286.5,946.0
406,trip_completion,58.3635662,26.7098366,3269.0,2286.5,946.0
406,rider_dropoff_presence,58.3635662,26.7098366,3294.32,2286.5,946.0
407,driver_arrival,58.373328,26.7370322,2324.0,3258.7,863.0
407,rider_pickup_presence,58.373328,26.7370322,2403.25,3258.7,863.0
407,trip_completion,58.3763383,26.6814379,3187.0,3258.7,863.0
407,rider_dropoff_presence,58.3763383,26.6814379,3205.85,3258.7,863.0
408,driver_arrival,58.3778835,26.6834432,2336.0,1854.4,195.0
408,rider_pickup_presence,58.3778835,26.6834432,2356.86,1854.4,195.0
408,trip_completion,58.3887796,26.7075261,2531.0,1854.4,195.0
408,rider_dropoff_presence,58.3887796,26.7075261,2540.01,1854.4,195.0
409,driver_arrival,58.3737019,26.7536504,2337.0,2148.6,331.0
409,rider_pickup_presence,58.3737019,26.7536504,2337.32,2148.6,331.0
409,trip_completion,58.3864082,26.725884,2668.0,2148.6,331.0
409,rider_dropoff_presence,58.3864082,26.725884,2722.06,2148.6,331.0
41,driver_arrival,58.3792872,26.740606,251.0,1454.9,336.0
41,rider_pickup_presence,58.3792872,26.740606,322.26,1454.9,336.0
41,trip_completion,58.3821055,26.7162355,587.0,1454.9,336.0
41,rider_dropoff_presence,58.3821055,26.7162355,621.95,1454.9,336.0
410,driver_arrival,58.3605396,26.6977986,2341.0,2621.5,291.0
410,rider_pickup_presence,58.3605396,26.6977986,2368.78,2621.5,291.0
410,trip_completion,58.3831703,26.7103999,2632.0,2621.5,291.0
410,rider_dropoff_presence,58.3831703,26.7103999,2716.83,2621.5,291.0
411,driver_arrival,58.3857148,26.7112704,2345.0,2165.3,705.0
411,rider_pickup_presence,58.3857148,26.7112704,2429.36,2165.3,705.0
411,trip_completion,58.3672901,26.7232897,3050.0,2165.3,705.0
411,rider_dropoff_presence,58.3672901,26.7232897,3104.48,2165.3,705.0
412,driver_arrival,58.3623974,26.7089118,2351.0,606.6,198.0
412,rider_pickup_presence,58.3623974,26.7089118,2433.49,606.6,198.0
412,trip_completion,58.365892,26.7009261,2549.0,606.6,198.0
412,rider_dropoff_presence,58.365892,26.7009261,2659.87,606.6,198.0
413,driver_arrival,58.3667868,26.7327403,2357.0,3205.8,571.0
413,rider_pickup_presence,58.3667868,26.7327403,2451.54,3205.8,571.0
413,trip_completion,58.3772241,26.6814923,2928.0,3205.8,571.0
413,rider_dropoff_presence,58.3772241,26.6814923,3003.01,3205.8,571.0
414,driver_arrival,58.3634762,26.7717239,2361.0,430.2,86.0
414,rider_pickup_presence,58.3634762,26.7717239,2440.34,430.2,86.0
414,trip_completion,58.3672156,26.7698286,2447.0,430.2,86.0
414,rider_dropoff_presence,58.3672156,26.7698286,2559.04,430.2,86.0
415,driver_arrival,58.3764133,26.7127147,2366.0,740.3,165.0
415,rider_pickup_presence,58.3764133,26.7127147,2417.02,740.3,165.0
415,trip_completion,58.3818865,26.7199452,2531.0,740.3,165.0
415,rider_dropoff_presence,58.3818865,26.7199452,2596.35,740.3,165.0
416,driver_arrival,58.377909,26.7290437,2368.0,2094.2,563.0
416,rider_pickup_presence,58.377909,26.7290437,2445.72,2094.2,563.0
416,trip_completion,58.37414,26.7642362,2931.0,2094.2,563.0
416,rider_dropoff_presence,58.37414,26.7642362,3040.01,2094.2,563.0
417,driver_arrival,58.3870711,26.7155329,2375.0,2488.0,492.0
417,rider_pickup_presence,58.3870711,26.7155329,2474.2,2488.0,492.0
417,trip_completion,58.3864238,26.7582008,2867.0,2488.0,492.0
417,rider_dropoff_presence,58.3864238,26.7582008,2875.57,2488.0,492.0
418,driver_arrival,58.3833341,26.7215305,2393.0,2324.4,428.0
418,rider_pickup_presence,58.3833341,26.7215305,2412.91,2324.4,428.0
418,trip_completion,58.3707214,26.6897377,2821.0,2324.4,428.0
418,rider_dropoff_presence,58.3707214,26.6897377,2857.91,2324.4,428.0
419,driver_arrival,58.3764804,26.7647455,2400.0,3458.9,700.0
419,rider_pickup_presence,58.3764804,26.7647455,2489.87,3458.9,700.0
419,trip_completion,58.3868626,26.7088128,3100.0,3458.9,700.0
419,rider_dropoff_presence,58.3868626,26.7088128,3168.3,3458.9,700.0
42,driver_arrival,58.3826812,26.7062644,254.0,1838.1,240.0
42,rider_pickup_presence,58.3826812,26.7062644,288.63,1838.1,240.0
42,trip_completion,58.3674909,26.6938286,494.0,1838.1,240.0
42,rider_dropoff_presence,58.3674909,26.6938286,508.92,1838.1,240.0
420,driver_arrival,58.3796205,26.7400265,2402.0,946.2,225.0
420,rider_pickup_presence,58.3796205,26.7400265,2484.64,946.2,225.0
420,trip_completion,58.3716046,26.7345795,2627.0,946.2,225.0
420,rider_dropoff_presence,58.3716046,26.7345795,2710.97,946.2,225.0
421,driver_arrival,58.3779425,26.7288818,2410.0,962.0,133.0
421,rider_pickup_presence,58.3779425,26.7288818,2523.12,962.0,133.0
421,trip_completion,58.3850258,26.7194081,2543.0,962.0,133.0
421,rider_dropoff_presence,58.3850258,26.7194081,2603.06,962.0,133.0
422,driver_arrival,58.3681857,26.7303751,2413.0,2876.2,602.0
422,rider_pickup_presence,58.3681857,26.7303751,2472.26,2876.2,602.0
422,trip_completion,58.3730522,26.7788172,3015.0,2876.2,602.0
422,rider_dropoff_presence,58.3730522,26.7788172,3024.65,2876.2,602.0
423,driver_arrival,58.3757357,26.7210753,2413.0,384.0,127.0
423,rider_pickup_presence,58.3757357,26.7210753,2417.78,384.0,127.0
423,trip_completion,58.3773112,26.7152147,2540.0,384.0,127.0
423,rider_dropoff_presence,58.3773112,26.7152147,2591.84,384.0,127.0
425,driver_arrival,58.3867075,26.7340056,2430.0,1092.7,252.0
425,rider_pickup_presence,58.3867075,26.7340056,2468.68,1092.7,252.0
425,trip_completion,58.3857093,26.7153555,2682.0,1092.7,252.0
425,rider_dropoff_presence,58.3857093,26.7153555,2712.04,1092.7,252.0
426,driver_arrival,58.3739377,26.6963004,2445.0,2568.5,439.0
426,rider_pickup_presence,58.3739377,26.6963004,2455.96,2568.5,439.0
426,trip_completion,58.3643006,26.7363291,2884.0,2568.5,439.0
426,rider_dropoff_presence,58.3643006,26.7363291,2999.43,2568.5,439.0
427,driver_arrival,58.3839035,26.7121753,2447.0,1713.5,420.0
427,rider_pickup_presence,58.3839035,26.7121753,2547.32,1713.5,420.0
427,trip_completion,58.3722885,26.7314902,2867.0,1713.5,420.0
427,rider_dropoff_presence,58.3722885,26.7314902,2936.02,1713.5,420.0
428,driver_arrival,58.3720155,26.7217121,2449.0,3631.5,725.0
428,rider_pickup_presence,58.3720155,26.7217121,2563.09,3631.5,725.0
428,trip_completion,58.3759262,26.7835456,3174.0,3631.5,725.0
428,rider_dropoff_presence,58.3759262,26.7835456,3293.95,3631.5,725.0
429,driver_arrival,58.3860081,26.7211796,2449.0,1602.5,349.0
429,rider_pickup_presence,58.3860081,26.7211796,2529.67,1602.5,349.0
429,trip_completion,58.3738749,26.7360144,2798.0,1602.5,349.0
429,rider_dropoff_presence,58.3738749,26.7360144,2830.34,1602.5,349.0
43,driver_arrival,58.378458,26.7046318,254.0,2290.9,306.0
43,rider_pickup_presence,58.378458,26.7046318,258.83,2290.9,306.0
43,trip_completion,58.3597741,26.7211872,560.0,2290.9,306.0
43,rider_dropoff_presence,58.3597741,26.7211872,650.75,2290.9,306.0
430,driver_arrival,58.3638077,26.7068405,2453.0,2661.7,422.0
430,rider_pickup_presence,58.3638077,26.7068405,2509.46,2661.7,422.0
430,trip_completion,58.3876719,26.7103982,2875.0,2661.7,422.0
430,rider_dropoff_presence,58.3876719,26.7103982,2953.18,2661.7,422.0
431,driver_arrival,58.3867075,26.7340056,2457.0,1563.0,481.0
431,rider_pickup_presence,58.3867075,26.7340056,2566.93,1563.0,481.0
431,trip_completion,58.3794723,26.7110175,2938.0,1563.0,481.0
431,rider_dropoff_presence,58.3794723,26.7110175,2959.78,1563.0,481.0
432,driver_arrival,58.3714633,26.7255312,2461.0,1698.1,562.0
432,rider_pickup_presence,58.3714633,26.7255312,2531.24,1698.1,562.0
432,trip_completion,58.3838313,26.7084472,3023.0,1698.1,562.0
432,rider_dropoff_presence,58.3838313,26.7084472,3099.17,1698.1,562.0
433,driver_arrival,58.3620941,26.7376692,2463.0,2905.9,487.0
433,rider_pickup_presence,58.3620941,26.7376692,2522.01,2905.9,487.0
433,trip_completion,58.3881023,26.7328009,2950.0,2905.9,487.0
433,rider_dropoff_presence,58.3881023,26.7328009,2960.95,2905.9,487.0
434,driver_arrival,58.3618198,26.7007641,2468.0,3077.6,1017.0
434,rider_pickup_presence,58.3618198,26.7007641,2509.76,3077.6,1017.0
434,trip_completion,58.3839835,26.7323782,3485.0,3077.6,1017.0
434,rider_dropoff_presence,58.3839835,26.7323782,3525.0,3077.6,1017.0
435,driver_arrival,58.3655845,26.7042564,2478.0,2480.8,527.0
435,rider_pickup_presence,58.3655845,26.7042564,2558.42,2480.8,527.0
435,trip_completion,58.3844359,26.7270132,3005.0,2480.8,527.0
435,rider_dropoff_presence,58.3844359,26.7270132,3107.93,2480.8,527.0
436,driver_arrival,58.3726252,26.7682279,2497.0,2543.9,444.0
436,rider_pickup_presence,58.3726252,26.7682279,2536.58,2543.9,444.0
436,trip_completion,58.3887825,26.7373339,2941.0,2543.9,444.0
436,rider_dropoff_presence,58.3887825,26.7373339,3024.24,2543.9,444.0
437,driver_arrival,58.3694559,26.7144593,2498.0,2325.5,609.0
437,rider_pickup_presence,58.3694559,26.7144593,2532.59,2325.5,609.0
437,trip_completion,58.3718169,26.7540836,3107.0,2325.5,609.0
437,rider_dropoff_presence,58.3718169,26.7540836,3220.42,2325.5,609.0
438,driver_arrival,58.3742248,26.7228409,2553.0,1357.3,359.0
438,rider_pickup_presence,58.3742248,26.7228409,2650.63,1357.3,359.0
438,trip_completion,58.3787529,26.7012218,2912.0,1357.3,359.0
438,rider_dropoff_presence,58.3787529,26.7012218,2978.01,1357.3,359.0
439,driver_arrival,58.3729983,26.7087955,2524.0,2916.2,615.0
439,rider_pickup_presence,58.3729983,26.7087955,2578.58,2916.2,615.0
439,trip_completion,58.3741481,26.7587615,3139.0,2916.2,615.0
439,rider_dropoff_presence,58.3741481,26.7587615,3176.74,2916.2,615.0
44,driver_arrival,58.3715167,26.7163235,262.0,2006.2,425.0
44,rider_pickup_presence,58.3715167,26.7163235,300.79,2006.2,425.0
44,trip_completion,58.3885481,26.7276803,687.0,2006.2,425.0
44,rider_dropoff_presence,58.3885481,26.7276803,803.42,2006.2,425.0
440,driver_arrival,58.3843698,26.7395778,2525.0,3017.3,652.0
440,rider_pickup_presence,58.3843698,26.7395778,2573.5,3017.3,652.0
440,trip_completion,58.3707688,26.6947943,3177.0,3017.3,652.0
440,rider_dropoff_presence,58.3707688,26.6947943,3238.75,3017.3,652.0
441,driver_arrival,58.3814138,26.7238904,2525.0,1877.4,443.0
441,rider_pickup_presence,58.3814138,26.7238904,2643.57,1877.4,443.0
441,trip_completion,58.3742445,26.7530453,2968.0,1877.4,443.0
441,rider_dropoff_presence,58.3742445,26.7530453,3046.92,1877.4,443.0
442,driver_arrival,58.3799343,26.7388375,2528.0,2021.6,686.0
442,rider_pickup_presence,58.3799343,26.7388375,2593.11,2021.6,686.0
442,trip_completion,58.3739217,26.7715607,3214.0,2021.6,686.0
442,rider_dropoff_presence,58.3739217,26.7715607,3263.59,2021.6,686.0
443,driver_arrival,58.3837124,26.7545823,2538.0,1991.6,136.0
443,rider_pickup_presence,58.3837124,26.7545823,2560.51,1991.6,136.0
443,trip_completion,58.3686572,26.7360773,2674.0,1991.6,136.0
443,rider_dropoff_presence,58.3686572,26.7360773,2717.41,1991.6,136.0
444,driver_arrival,58.366875,26.7377224,2543.0,1908.4,288.0
444,rider_pickup_presence,58.366875,26.7377224,2633.77,1908.4,288.0
444,trip_completion,58.3781342,26.7624244,2831.0,1908.4,288.0
444,rider_dropoff_presence,58.3781342,26.7624244,2906.05,1908.4,288.0
445,driver_arrival,58.3706689,26.7680081,2547.0,1753.8,398.0
445,rider_pickup_presence,58.3706689,26.7680081,2638.2,1753.8,398.0
445,trip_completion,58.3854155,26.7573363,2945.0,1753.8,398.0
445,rider_dropoff_presence,58.3854155,26.7573363,2969.43,1753.8,398.0
446,driver_arrival,58.3684205,26.7225433,2548.0,3036.1,741.0
446,rider_pickup_presence,58.3684205,26.7225433,2613.91,3036.1,741.0
446,trip_completion,58.373945,26.773532,3289.0,3036.1,741.0
446,rider_dropoff_presence,58.373945,26.773532,3400.32,3036.1,741.0
447,driver_arrival,58.3785072,26.7411547,2552.0,2649.3,640.0
447,rider_pickup_presence,58.3785072,26.7411547,2604.57,2649.3,640.0
447,trip_completion,58.3755452,26.6960665,3192.0,2649.3,640.0
447,rider_dropoff_presence,58.3755452,26.6960665,3275.79,2649.3,640.0
448,driver_arrival,58.3735177,26.7306183,2563.0,1097.7,191.0
448,rider_pickup_presence,58.3735177,26.7306183,2577.57,1097.7,191.0
448,trip_completion,58.3833847,26.7312311,2754.0,1097.7,191.0
448,rider_dropoff_presence,58.3833847,26.7312311,2870.78,1097.7,191.0
449,driver_arrival,58.3781697,26.7107884,2567.0,1653.0,207.0
449,rider_pickup_presence,58.3781697,26.7107884,2640.06,1653.0,207.0
449,trip_completion,58.3636484,26.7168554,2774.0,1653.0,207.0
449,rider_dropoff_presence,58.3636484,26.7168554,2802.72,1653.0,207.0
45,driver_arrival,58.3721412,26.7267953,265.0,2255.4,687.0
45,rider_pickup_presence,58.3721412,26.7267953,284.01,2255.4,687.0
45,trip_completion,58.3893073,26.7061883,952.0,2255.4,687.0
45,rider_dropoff_presence,58.3893073,26.7061883,1018.1,2255.4,687.0
450,driver_arrival,58.388944,26.727966,2567.0,1706.1,429.0
450,rider_pickup_presence,58.388944,26.727966,2633.27,1706.1,429.0
450,trip_completion,58.3785892,26.7063675,2996.0,1706.1,429.0
450,rider_dropoff_presence,58.3785892,26.7063675,3007.19,1706.1,429.0
451,driver_arrival,58.3753133,26.6963587,2576.0,873.5,151.0
451,rider_pickup_presence,58.3753133,26.6963587,2695.07,873.5,151.0
451,trip_completion,58.3762537,26.7112329,2727.0,873.5,151.0
451,rider_dropoff_presence,58.3762537,26.7112329,2836.55,873.5,151.0
452,driver_arrival,58.3735223,26.7747605,2580.0,2509.6,912.0
452,rider_pickup_presence,58.3735223,26.7747605,2635.37,2509.6,912.0
452,trip_completion,58.3621213,26.7376206,3492.0,2509.6,912.0
452,rider_dropoff_presence,58.3621213,26.7376206,3506.1,2509.6,912.0
453,driver_arrival,58.3900849,26.7175025,2588.0,3039.1,382.0
453,rider_pickup_presence,58.3900849,26.7175025,2687.86,3039.1,382.0
453,trip_completion,58.3753698,26.7614351,2970.0,3039.1,382.0
453,rider_dropoff_presence,58.3753698,26.7614351,3029.81,3039.1,382.0
454,driver_arrival,58.369802,26.7412834,2602.0,2489.9,527.0
454,rider_pickup_presence,58.369802,26.7412834,2687.99,2489.9,527.0
454,trip_completion,58.3876837,26.7155772,3129.0,2489.9,527.0
454,rider_dropoff_presence,58.3876837,26.7155772,3190.06,2489.9,527.0
455,driver_arrival,58.3794156,26.7561724,2602.0,869.3,499.0
455,rider_pickup_presence,58.3794156,26.7561724,2634.81,869.3,499.0
455,trip_completion,58.3731879,26.7471602,3101.0,869.3,499.0
455,rider_dropoff_presence,58.3731879,26.7471602,3201.17,869.3,499.0
456,driver_arrival,58.3900421,26.7227136,2606.0,869.1,415.0
456,rider_pickup_presence,58.3900421,26.7227136,2723.63,869.1,415.0
456,trip_completion,58.3823993,26.7195899,3021.0,869.1,415.0
456,rider_dropoff_presence,58.3823993,26.7195899,3050.25,869.1,415.0
457,driver_arrival,58.3731263,26.7653721,2609.0,2654.0,842.0
457,rider_pickup_presence,58.3731263,26.7653721,2675.15,2654.0,842.0
457,trip_completion,58.3752869,26.7200417,3451.0,2654.0,842.0
457,rider_dropoff_presence,58.3752869,26.7200417,3497.03,2654.0,842.0
458,driver_arrival,58.3649099,26.6925128,2614.0,5167.1,1508.0
458,rider_pickup_presence,58.3649099,26.6925128,2724.62,5167.1,1508.0
458,trip_completion,58.3728801,26.7798044,4122.0,5167.1,1508.0
458,rider_dropoff_presence,58.3728801,26.7798044,4182.99,5167.1,1508.0
459,driver_arrival,58.3823541,26.7168719,2623.0,2238.4,410.0
459,rider_pickup_presence,58.3823541,26.7168719,2728.52,2238.4,410.0
459,trip_completion,58.3831564,26.755241,3033.0,2238.4,410.0
459,rider_dropoff_presence,58.3831564,26.755241,3136.68,2238.4,410.0
46,driver_arrival,58.3782505,26.7516985,268.0,2992.0,368.0
46,rider_pickup_presence,58.3782505,26.7516985,301.15,2992.0,368.0
46,trip_completion,58.3684477,26.7039116,636.0,2992.0,368.0
46,rider_dropoff_presence,58.3684477,26.7039116,730.8,2992.0,368.0
460,driver_arrival,58.3693795,26.6877615,2625.0,3696.2,970.0
460,rider_pickup_presence,58.3693795,26.6877615,2674.79,3696.2,970.0
460,trip_completion,58.3779614,26.7490025,3595.0,3696.2,970.0
460,rider_dropoff_presence,58.3779614,26.7490025,3707.11,3696.2,970.0
461,driver_arrival,58.3843579,26.7229512,2631.0,2995.2,589.0
461,rider_pickup_presence,58.3843579,26.7229512,2691.93,2995.2,589.0
461,trip_completion,58.3742339,26.7705609,3220.0,2995.2,589.0
461,rider_dropoff_presence,58.3742339,26.7705609,3318.47,2995.2,589.0
462,driver_arrival,58.3650554,26.7103921,2634.0,925.5,390.0
462,rider_pickup_presence,58.3650554,26.7103921,2667.94,925.5,390.0
462,trip_completion,58.367302,26.725672,3024.0,925.5,390.0
462,rider_dropoff_presence,58.367302,26.725672,3059.83,925.5,390.0
463,driver_arrival,58.35993,26.7021979,2635.0,3345.5,760.0
463,rider_pickup_presence,58.35993,26.7021979,2705.43,3345.5,760.0
463,trip_completion,58.3877139,26.7242123,3395.0,3345.5,760.0
463,rider_dropoff_presence,58.3877139,26.7242123,3514.87,3345.5,760.0
464,driver_arrival,58.3649919,26.6883789,2650.0,3444.6,528.0
464,rider_pickup_presence,58.3649919,26.6883789,2708.76,3444.6,528.0
464,trip_completion,58.3683035,26.7471038,3178.0,3444.6,528.0
464,rider_dropoff_presence,58.3683035,26.7471038,3195.83,3444.6,528.0
465,driver_arrival,58.3601523,26.7250886,2651.0,3105.0,420.0
465,rider_pickup_presence,58.3601523,26.7250886,2715.63,3105.0,420.0
465,trip_completion,58.3780727,26.6842555,3071.0,3105.0,420.0
465,rider_dropoff_presence,58.3780727,26.6842555,3112.41,3105.0,420.0
466,driver_arrival,58.3709126,26.7550019,2657.0,4162.1,1029.0
466,rider_pickup_presence,58.3709126,26.7550019,2723.23,4162.1,1029.0
466,trip_completion,58.3710585,26.6836261,3686.0,4162.1,1029.0
466,rider_dropoff_presence,58.3710585,26.6836261,3751.21,4162.1,1029.0
467,driver_arrival,58.3749811,26.7306288,2658.0,1444.5,534.0
467,rider_pickup_presence,58.3749811,26.7306288,2712.64,1444.5,534.0
467,trip_completion,58.3752815,26.7553974,3192.0,1444.5,534.0
467,rider_dropoff_presence,58.3752815,26.7553974,3230.61,1444.5,534.0
468,driver_arrival,58.3855672,26.6942473,2659.0,3071.8,403.0
468,rider_pickup_presence,58.3855672,26.6942473,2681.64,3071.8,403.0
468,trip_completion,58.3685602,26.735766,3062.0,3071.8,403.0
468,rider_dropoff_presence,58.3685602,26.735766,3145.7,3071.8,403.0
469,driver_arrival,58.3674519,26.7242842,2662.0,2201.9,305.0
469,rider_pickup_presence,58.3674519,26.7242842,2730.62,2201.9,305.0
469,trip_completion,58.373738,26.7600917,2967.0,2201.9,305.0
469,rider_dropoff_presence,58.373738,26.7600917,2995.03,2201.9,305.0
47,driver_arrival,58.3783737,26.7588717,277.0,4488.7,688.0
47,rider_pickup_presence,58.3783737,26.7588717,370.07,4488.7,688.0
47,trip_completion,58.3766266,26.681953,965.0,4488.7,688.0
47,rider_dropoff_presence,58.3766266,26.681953,970.24,4488.7,688.0
470,driver_arrival,58.3647534,26.7301405,2666.0,1425.5,227.0
470,rider_pickup_presence,58.3647534,26.7301405,2755.36,1425.5,227.0
470,trip_completion,58.3722375,26.7102935,2893.0,1425.5,227.0
470,rider_dropoff_presence,58.3722375,26.7102935,2977.63,1425.5,227.0
471,driver_arrival,58.3664855,26.6853225,2673.0,3437.3,822.0
471,rider_pickup_presence,58.3664855,26.6853225,2770.37,3437.3,822.0
471,trip_completion,58.3842994,26.7335037,3495.0,3437.3,822.0
471,rider_dropoff_presence,58.3842994,26.7335037,3541.33,3437.3,822.0
472,driver_arrival,58.3716112,26.7284322,2682.0,2421.7,1130.0
472,rider_pickup_presence,58.3716112,26.7284322,2761.64,2421.7,1130.0
472,trip_completion,58.3893182,26.7042477,3812.0,2421.7,1130.0
472,rider_dropoff_presence,58.3893182,26.7042477,3910.49,2421.7,1130.0
473,driver_arrival,58.3627946,26.7210903,2690.0,3123.7,485.0
473,rider_pickup_presence,58.3627946,26.7210903,2807.7,3123.7,485.0
473,trip_completion,58.3773765,26.7668749,3175.0,3123.7,485.0
473,rider_dropoff_presence,58.3773765,26.7668749,3234.44,3123.7,485.0
474,driver_arrival,58.366015,26.7124016,2695.0,1141.1,157.0
474,rider_pickup_presence,58.366015,26.7124016,2699.44,1141.1,157.0
474,trip_completion,58.3762602,26.7112792,2852.0,1141.1,157.0
474,rider_dropoff_presence,58.3762602,26.7112792,2912.27,1141.1,157.0
475,driver_arrival,58.3716627,26.7662428,2697.0,3194.1,1135.0
475,rider_pickup_presence,58.3716627,26.7662428,2767.82,3194.1,1135.0
475,trip_completion,58.3764584,26.7122317,3832.0,3194.1,1135.0
475,rider_dropoff_presence,58.3764584,26.7122317,3936.36,3194.1,1135.0
476,driver_arrival,58.387691,26.7593408,2698.0,1727.7,223.0
476,rider_pickup_presence,58.387691,26.7593408,2802.9,1727.7,223.0
476,trip_completion,58.3721565,26.7599389,2921.0,1727.7,223.0
476,rider_dropoff_presence,58.3721565,26.7599389,2973.84,1727.7,223.0
478,driver_arrival,58.3728008,26.755863,2715.0,1410.5,489.0
478,rider_pickup_presence,58.3728008,26.755863,2778.11,1410.5,489.0
478,trip_completion,58.362951,26.7406221,3204.0,1410.5,489.0
478,rider_dropoff_presence,58.362951,26.7406221,3258.83,1410.5,489.0
479,driver_arrival,58.360195,26.7780824,2724.0,972.2,99.0
479,rider_pickup_presence,58.360195,26.7780824,2810.69,972.2,99.0
479,trip_completion,58.3656797,26.7651025,2823.0,972.2,99.0
479,rider_dropoff_presence,58.3656797,26.7651025,2872.2,972.2,99.0
48,driver_arrival,58.3749831,26.7135422,294.0,620.3,209.0
48,rider_pickup_presence,58.3749831,26.7135422,372.57,620.3,209.0
48,trip_completion,58.3798303,26.7188069,503.0,620.3,209.0
48,rider_dropoff_presence,58.3798303,26.7188069,521.52,620.3,209.0
480,driver_arrival,58.3761026,26.7038187,2737.0,816.8,124.0
480,rider_pickup_presence,58.3761026,26.7038187,2793.34,816.8,124.0
480,trip_completion,58.3830712,26.6993848,2861.0,816.8,124.0
480,rider_dropoff_presence,58.3830712,26.6993848,2977.3,816.8,124.0
481,driver_arrival,58.3722677,26.6967241,2746.0,1389.5,152.0
481,rider_pickup_presence,58.3722677,26.6967241,2786.63,1389.5,152.0
481,trip_completion,58.3601251,26.7023517,2898.0,1389.5,152.0
481,rider_dropoff_presence,58.3601251,26.7023517,2981.12,1389.5,152.0
482,driver_arrival,58.3634444,26.7100215,2752.0,3853.8,1316.0
482,rider_pickup_presence,58.3634444,26.7100215,2829.98,3853.8,1316.0
482,trip_completion,58.3768308,26.7709802,4068.0,3853.8,1316.0
482,rider_dropoff_presence,58.3768308,26.7709802,4170.21,3853.8,1316.0
483,driver_arrival,58.3797741,26.7075127,2767.0,2503.4,345.0
483,rider_pickup_presence,58.3797741,26.7075127,2869.28,2503.4,345.0
483,trip_completion,58.3756803,26.7497357,3112.0,2503.4,345.0
483,rider_dropoff_presence,58.3756803,26.7497357,3215.12,2503.4,345.0
484,driver_arrival,58.3738069,26.7107541,2783.0,1279.8,187.0
484,rider_pickup_presence,58.3738069,26.7107541,2828.6,1279.8,187.0
484,trip_completion,58.3818414,26.6950363,2970.0,1279.8,187.0
484,rider_dropoff_presence,58.3818414,26.6950363,3008.0,1279.8,187.0
485,driver_arrival,58.3745426,26.761507,2796.0,4815.5,813.0
485,rider_pickup_presence,58.3745426,26.761507,2882.25,4815.5,813.0
485,trip_completion,58.3655326,26.6807351,3609.0,4815.5,813.0
485,rider_dropoff_presence,58.3655326,26.6807351,3700.13,4815.5,813.0
486,driver_arrival,58.367277,26.7109206,2797.0,2313.7,538.0
486,rider_pickup_presence,58.367277,26.7109206,2901.69,2313.7,538.0
486,trip_completion,58.3818353,26.7392722,3335.0,2313.7,538.0
486,rider_dropoff_presence,58.3818353,26.7392722,3339.31,2313.7,538.0
487,driver_arrival,58.376504,26.7138133,2807.0,1205.3,239.0
487,rider_pickup_presence,58.376504,26.7138133,2815.21,1205.3,239.0
487,trip_completion,58.3872963,26.715733,3046.0,1205.3,239.0
487,rider_dropoff_presence,58.3872963,26.715733,3121.74,1205.3,239.0
488,driver_arrival,58.3667578,26.6939345,2810.0,4120.0,772.0
488,rider_pickup_presence,58.3667578,26.6939345,2920.51,4120.0,772.0
488,trip_completion,58.3788842,26.7606998,3582.0,4120.0,772.0
488,rider_dropoff_presence,58.3788842,26.7606998,3701.69,4120.0,772.0
489,driver_arrival,58.379705,26.7304555,2811.0,675.3,230.0
489,rider_pickup_presence,58.379705,26.7304555,2900.61,675.3,230.0
489,trip_completion,58.3843331,26.7229539,3041.0,675.3,230.0
489,rider_dropoff_presence,58.3843331,26.7229539,3093.08,675.3,230.0
49,driver_arrival,58.3761292,26.7064068,300.0,3982.6,613.0
49,rider_pickup_presence,58.3761292,26.7064068,311.81,3982.6,613.0
49,trip_completion,58.3759016,26.7747134,913.0,3982.6,613.0
49,rider_dropoff_presence,58.3759016,26.7747134,989.05,3982.6,613.0
490,driver_arrival,58.3648661,26.7260723,2813.0,769.0,89.0
490,rider_pickup_presence,58.3648661,26.7260723,2917.71,769.0,89.0
490,trip_completion,58.3713546,26.721508,2902.0,769.0,89.0
490,rider_dropoff_presence,58.3713546,26.721508,2955.24,769.0,89.0
491,driver_arrival,58.3788112,26.7613802,2822.0,845.6,162.0
491,rider_pickup_presence,58.3788112,26.7613802,2905.28,845.6,162.0
491,trip_completion,58.386222,26.758125,2984.0,845.6,162.0
491,rider_dropoff_presence,58.386222,26.758125,3092.41,845.6,162.0
492,driver_arrival,58.3789839,26.6795386,2825.0,867.5,81.0
492,rider_pickup_presence,58.3789839,26.6795386,2830.52,867.5,81.0
492,trip_completion,58.3833293,26.6918967,2906.0,867.5,81.0
492,rider_dropoff_presence,58.3833293,26.6918967,3001.54,867.5,81.0
493,driver_arrival,58.3745956,26.7566018,2827.0,428.2,104.0
493,rider_pickup_presence,58.3745956,26.7566018,2862.2,428.2,104.0
493,trip_completion,58.3720657,26.7510647,2931.0,428.2,104.0
493,rider_dropoff_presence,58.3720657,26.7510647,2975.98,428.2,104.0
494,driver_arrival,58.3845454,26.6979151,2835.0,1118.3,215.0
494,rider_pickup_presence,58.3845454,26.6979151,2852.47,1118.3,215.0
494,trip_completion,58.3847994,26.7170948,3050.0,1118.3,215.0
494,rider_dropoff_presence,58.3847994,26.7170948,3113.74,1118.3,215.0
495,driver_arrival,58.388944,26.727966,2855.0,2857.3,489.0
495,rider_pickup_presence,58.388944,26.727966,2922.91,2857.3,489.0
495,trip_completion,58.3781894,26.6834482,3344.0,2857.3,489.0
495,rider_dropoff_presence,58.3781894,26.6834482,3439.1,2857.3,489.0
496,driver_arrival,58.386953,26.7089377,2879.0,4217.7,796.0
496,rider_pickup_presence,58.386953,26.7089377,2899.4,4217.7,796.0
496,trip_completion,58.3695999,26.7732664,3675.0,4217.7,796.0
496,rider_dropoff_presence,58.3695999,26.7732664,3684.48,4217.7,796.0
497,driver_arrival,58.3696462,26.7117346,2880.0,1312.6,593.0
497,rider_pickup_presence,58.3696462,26.7117346,2984.5,1312.6,593.0
497,trip_completion,58.379533,26.724036,3473.0,1312.6,593.0
497,rider_dropoff_presence,58.379533,26.724036,3547.37,1312.6,593.0
498,driver_arrival,58.3872115,26.7266319,2894.0,752.9,164.0
498,rider_pickup_presence,58.3872115,26.7266319,2922.9,752.9,164.0
498,trip_completion,58.3863554,26.7138187,3058.0,752.9,164.0
498,rider_dropoff_presence,58.3863554,26.7138187,3167.54,752.9,164.0
499,driver_arrival,58.3659541,26.7400242,2908.0,3051.3,443.0
499,rider_pickup_presence,58.3659541,26.7400242,2925.17,3051.3,443.0
499,trip_completion,58.3881308,26.7091991,3351.0,3051.3,443.0
499,rider_dropoff_presence,58.3881308,26.7091991,3406.34,3051.3,443.0
5,driver_arrival,58.3845475,26.7481798,27.0,4171.6,1047.0
5,rider_pickup_presence,58.3845475,26.7481798,57.48,4171.6,1047.0
5,trip_completion,58.3724462,26.68045,1074.0,4171.6,1047.0
5,rider_dropoff_presence,58.3724462,26.68045,1104.64,4171.6,1047.0
50,driver_arrival,58.3836913,26.7213548,301.0,2608.1,951.0
50,rider_pickup_presence,58.3836913,26.7213548,302.13,2608.1,951.0
50,trip_completion,58.3607371,26.7121619,1252.0,2608.1,951.0
50,rider_dropoff_presence,58.3607371,26.7121619,1348.56,2608.1,951.0
500,driver_arrival,58.3813984,26.7246096,2912.0,3502.1,535.0
500,rider_pickup_presence,58.3813984,26.7246096,3020.15,3502.1,535.0
500,trip_completion,58.3695744,26.7802819,3447.0,3502.1,535.0
500,rider_dropoff_presence,58.3695744,26.7802819,3528.31,3502.1,535.0
501,driver_arrival,58.3601557,26.7410486,2913.0,3396.2,517.0
501,rider_pickup_presence,58.3601557,26.7410486,2931.96,3396.2,517.0
501,trip_completion,58.386955,26.7131086,3430.0,3396.2,517.0
501,rider_dropoff_presence,58.386955,26.7131086,3483.01,3396.2,517.0
502,driver_arrival,58.3740083,26.7223245,2935.0,1376.8,262.0
502,rider_pickup_presence,58.3740083,26.7223245,2976.47,1376.8,262.0
502,trip_completion,58.3847976,26.7107383,3197.0,1376.8,262.0
502,rider_dropoff_presence,58.3847976,26.7107383,3267.51,1376.8,262.0
503,driver_arrival,58.3681614,26.7285427,2936.0,1490.4,283.0
503,rider_pickup_presence,58.3681614,26.7285427,3012.67,1490.4,283.0
503,trip_completion,58.3711445,26.703626,3219.0,1490.4,283.0
503,rider_dropoff_presence,58.3711445,26.703626,3269.92,1490.4,283.0
504,driver_arrival,58.3871085,26.7118679,2939.0,2184.7,440.0
504,rider_pickup_presence,58.3871085,26.7118679,2969.01,2184.7,440.0
504,trip_completion,58.3687115,26.6987113,3379.0,2184.7,440.0
504,rider_dropoff_presence,58.3687115,26.6987113,3480.44,2184.7,440.0
505,driver_arrival,58.3737618,26.7485428,2940.0,1367.1,176.0
505,rider_pickup_presence,58.3737618,26.7485428,2963.91,1367.1,176.0
505,trip_completion,58.382178,26.7314494,3116.0,1367.1,176.0
505,rider_dropoff_presence,58.382178,26.7314494,3162.16,1367.1,176.0
506,driver_arrival,58.3677075,26.7120025,2942.0,2671.9,701.0
506,rider_pickup_presence,58.3677075,26.7120025,2999.98,2671.9,701.0
506,trip_completion,58.3751455,26.7555727,3643.0,2671.9,701.0
506,rider_dropoff_presence,58.3751455,26.7555727,3671.46,2671.9,701.0
507,driver_arrival,58.3724821,26.778746,2950.0,4452.6,1031.0
507,rider_pickup_presence,58.3724821,26.778746,3018.63,4452.6,1031.0
507,trip_completion,58.3811366,26.7041805,3981.0,4452.6,1031.0
507,rider_dropoff_presence,58.3811366,26.7041805,4049.98,4452.6,1031.0
508,driver_arrival,58.3677942,26.7685296,2961.0,2279.1,485.0
508,rider_pickup_presence,58.3677942,26.7685296,3080.12,2279.1,485.0
508,trip_completion,58.3809352,26.738532,3446.0,2279.1,485.0
508,rider_dropoff_presence,58.3809352,26.738532,3481.43,2279.1,485.0
509,driver_arrival,58.3774426,26.7209377,2966.0,813.7,91.0
509,rider_pickup_presence,58.3774426,26.7209377,3083.35,813.7,91.0
509,trip_completion,58.3755192,26.7074718,3057.0,813.7,91.0
509,rider_dropoff_presence,58.3755192,26.7074718,3135.99,813.7,91.0
51,driver_arrival,58.3781697,26.7107884,308.0,3135.7,618.0
51,rider_pickup_presence,58.3781697,26.7107884,340.94,3135.7,618.0
51,trip_completion,58.3754622,26.764323,926.0,3135.7,618.0
51,rider_dropoff_presence,58.3754622,26.764323,993.91,3135.7,618.0
510,driver_arrival,58.3542875,26.7655665,2983.0,3274.7,316.0
510,rider_pickup_presence,58.3542875,26.7655665,3065.3,3274.7,316.0
510,trip_completion,58.3783851,26.7332881,3299.0,3274.7,316.0
510,rider_dropoff_presence,58.3783851,26.7332881,3388.36,3274.7,316.0
511,driver_arrival,58.3685264,26.6988144,2986.0,319.2,126.0
511,rider_pickup_presence,58.3685264,26.6988144,2991.89,319.2,126.0
511,trip_completion,58.3675798,26.6936464,3112.0,319.2,126.0
511,rider_dropoff_presence,58.3675798,26.6936464,3184.77,319.2,126.0
512,driver_arrival,58.3793809,26.7724962,2990.0,1490.8,217.0
512,rider_pickup_presence,58.3793809,26.7724962,3049.61,1490.8,217.0
512,trip_completion,58.3720666,26.7510683,3207.0,1490.8,217.0
512,rider_dropoff_presence,58.3720666,26.7510683,3315.5,1490.8,217.0
513,driver_arrival,58.3734423,26.7647592,3010.0,1507.7,473.0
513,rider_pickup_presence,58.3734423,26.7647592,3044.34,1507.7,473.0
513,trip_completion,58.3811896,26.7435352,3483.0,1507.7,473.0
513,rider_dropoff_presence,58.3811896,26.7435352,3578.86,1507.7,473.0
514,driver_arrival,58.3597204,26.7112452,3012.0,3319.6,486.0
514,rider_pickup_presence,58.3597204,26.7112452,3084.85,3319.6,486.0
514,trip_completion,58.3816131,26.749949,3498.0,3319.6,486.0
514,rider_dropoff_presence,58.3816131,26.749949,3540.28,3319.6,486.0
515,driver_arrival,58.3747264,26.7515048,3016.0,1102.4,210.0
515,rider_pickup_presence,58.3747264,26.7515048,3092.39,1102.4,210.0
515,trip_completion,58.3839411,26.7584815,3226.0,1102.4,210.0
515,rider_dropoff_presence,58.3839411,26.7584815,3300.51,1102.4,210.0
516,driver_arrival,58.3648108,26.6921054,3020.0,2077.1,554.0
516,rider_pickup_presence,58.3648108,26.6921054,3101.33,2077.1,554.0
516,trip_completion,58.3741089,26.7229972,3574.0,2077.1,554.0
516,rider_dropoff_presence,58.3741089,26.7229972,3660.51,2077.1,554.0
517,driver_arrival,58.3837689,26.7323843,3020.0,452.2,99.0
517,rider_pickup_presence,58.3837689,26.7323843,3099.1,452.2,99.0
517,trip_completion,58.3843213,26.7400696,3119.0,452.2,99.0
517,rider_dropoff_presence,58.3843213,26.7400696,3219.6,452.2,99.0
518,driver_arrival,58.3773448,26.6834401,3029.0,1291.2,98.0
518,rider_pickup_presence,58.3773448,26.6834401,3104.39,1291.2,98.0
518,trip_completion,58.3868243,26.6962322,3127.0,1291.2,98.0
518,rider_dropoff_presence,58.3868243,26.6962322,3235.41,1291.2,98.0
519,driver_arrival,58.3614766,26.7325283,3034.0,755.4,114.0
519,rider_pickup_presence,58.3614766,26.7325283,3111.56,755.4,114.0
519,trip_completion,58.3681886,26.7345321,3148.0,755.4,114.0
519,rider_dropoff_presence,58.3681886,26.7345321,3185.07,755.4,114.0
52,driver_arrival,58.3825173,26.7237974,310.0,1706.7,287.0
52,rider_pickup_presence,58.3825173,26.7237974,362.9,1706.7,287.0
52,trip_completion,58.375721,26.6975491,597.0,1706.7,287.0
52,rider_dropoff_presence,58.375721,26.6975491,666.55,1706.7,287.0
520,driver_arrival,58.3667665,26.7383427,3039.0,2561.7,453.0
520,rider_pickup_presence,58.3667665,26.7383427,3126.88,2561.7,453.0
520,trip_completion,58.3862174,26.7147995,3492.0,2561.7,453.0
520,rider_dropoff_presence,58.3862174,26.7147995,3502.82,2561.7,453.0
521,driver_arrival,58.370986,26.7150301,3061.0,1085.0,147.0
521,rider_pickup_presence,58.370986,26.7150301,3096.41,1085.0,147.0
521,trip_completion,58.3768939,26.7002208,3208.0,1085.0,147.0
521,rider_dropoff_presence,58.3768939,26.7002208,3297.7,1085.0,147.0
522,driver_arrival,58.3600113,26.7170046,3053.0,1513.9,383.0
522,rider_pickup_presence,58.3600113,26.7170046,3074.08,1513.9,383.0
522,trip_completion,58.3735459,26.7198191,3436.0,1513.9,383.0
522,rider_dropoff_presence,58.3735459,26.7198191,3451.86,1513.9,383.0
523,driver_arrival,58.3728349,26.7134613,3053.0,3647.1,1177.0
523,rider_pickup_presence,58.3728349,26.7134613,3117.73,3647.1,1177.0
523,trip_completion,58.3730974,26.7760062,4230.0,3647.1,1177.0
523,rider_dropoff_presence,58.3730974,26.7760062,4346.58,3647.1,1177.0
524,driver_arrival,58.3822233,26.7319916,3053.0,616.2,116.0
524,rider_pickup_presence,58.3822233,26.7319916,3116.7,616.2,116.0
524,trip_completion,58.3809639,26.7422848,3169.0,616.2,116.0
524,rider_dropoff_presence,58.3809639,26.7422848,3278.62,616.2,116.0
525,driver_arrival,58.364801,26.7019522,3057.0,2959.9,792.0
525,rider_pickup_presence,58.364801,26.7019522,3156.66,2959.9,792.0
525,trip_completion,58.3809588,26.7422936,3849.0,2959.9,792.0
525,rider_dropoff_presence,58.3809588,26.7422936,3879.84,2959.9,792.0
526,driver_arrival,58.3795467,26.7418698,3063.0,2430.6,597.0
526,rider_pickup_presence,58.3795467,26.7418698,3161.96,2430.6,597.0
526,trip_completion,58.3652182,26.7103904,3660.0,2430.6,597.0
526,rider_dropoff_presence,58.3652182,26.7103904,3717.82,2430.6,597.0
527,driver_arrival,58.3699379,26.755908,3076.0,3376.8,534.0
527,rider_pickup_presence,58.3699379,26.755908,3172.78,3376.8,534.0
527,trip_completion,58.3703554,26.6980071,3610.0,3376.8,534.0
527,rider_dropoff_presence,58.3703554,26.6980071,3699.59,3376.8,534.0
528,driver_arrival,58.3734239,26.7609719,3080.0,1654.1,232.0
528,rider_pickup_presence,58.3734239,26.7609719,3120.65,1654.1,232.0
528,trip_completion,58.3739358,26.7326199,3312.0,1654.1,232.0
528,rider_dropoff_presence,58.3739358,26.7326199,3325.82,1654.1,232.0
529,driver_arrival,58.3751797,26.7052779,3080.0,1841.7,682.0
529,rider_pickup_presence,58.3751797,26.7052779,3195.55,1841.7,682.0
529,trip_completion,58.3839578,26.7320663,3762.0,1841.7,682.0
529,rider_dropoff_presence,58.3839578,26.7320663,3778.89,1841.7,682.0
53,driver_arrival,58.3749934,26.7151984,318.0,1429.4,549.0
53,rider_pickup_presence,58.3749934,26.7151984,433.98,1429.4,549.0
53,trip_completion,58.380588,26.7372718,867.0,1429.4,549.0
53,rider_dropoff_presence,58.380588,26.7372718,970.22,1429.4,549.0
530,driver_arrival,58.3825102,26.7380626,3085.0,3597.8,697.0
530,rider_pickup_presence,58.3825102,26.7380626,3171.91,3597.8,697.0
530,trip_completion,58.3636212,26.6879668,3782.0,3597.8,697.0
530,rider_dropoff_presence,58.3636212,26.6879668,3899.59,3597.8,697.0
531,driver_arrival,58.3791125,26.7443703,3106.0,836.9,181.0
531,rider_pickup_presence,58.3791125,26.7443703,3222.07,836.9,181.0
531,trip_completion,58.3785438,26.7586851,3287.0,836.9,181.0
531,rider_dropoff_presence,58.3785438,26.7586851,3383.55,836.9,181.0
532,driver_arrival,58.3720411,26.7509624,3128.0,4007.0,487.0
532,rider_pickup_presence,58.3720411,26.7509624,3171.89,4007.0,487.0
532,trip_completion,58.3817822,26.6847932,3615.0,4007.0,487.0
532,rider_dropoff_presence,58.3817822,26.6847932,3709.88,4007.0,487.0
533,driver_arrival,58.3769083,26.6840132,3132.0,265.9,119.0
533,rider_pickup_presence,58.3769083,26.6840132,3133.67,265.9,119.0
533,trip_completion,58.378698,26.6809896,3251.0,265.9,119.0
533,rider_dropoff_presence,58.378698,26.6809896,3315.39,265.9,119.0
534,driver_arrival,58.3722583,26.7563947,3135.0,877.5,354.0
534,rider_pickup_presence,58.3722583,26.7563947,3189.57,877.5,354.0
534,trip_completion,58.3741049,26.7710265,3489.0,877.5,354.0
534,rider_dropoff_presence,58.3741049,26.7710265,3569.74,877.5,354.0
535,driver_arrival,58.3724321,26.738549,3135.0,3151.0,733.0
535,rider_pickup_presence,58.3724321,26.738549,3215.68,3151.0,733.0
535,trip_completion,58.3580996,26.691942,3868.0,3151.0,733.0
535,rider_dropoff_presence,58.3580996,26.691942,3938.15,3151.0,733.0
536,driver_arrival,58.383754,26.6926795,3140.0,899.4,173.0
536,rider_pickup_presence,58.383754,26.6926795,3238.69,899.4,173.0
536,trip_completion,58.3783062,26.6812746,3313.0,899.4,173.0
536,rider_dropoff_presence,58.3783062,26.6812746,3425.84,899.4,173.0
537,driver_arrival,58.3864052,26.6948401,3155.0,5050.7,1033.0
537,rider_pickup_presence,58.3864052,26.6948401,3168.0,5050.7,1033.0
537,trip_completion,58.3732118,26.7777402,4188.0,5050.7,1033.0
537,rider_dropoff_presence,58.3732118,26.7777402,4216.06,5050.7,1033.0
538,driver_arrival,58.3704437,26.7733575,3168.0,4448.2,964.0
538,rider_pickup_presence,58.3704437,26.7733575,3171.0,4448.2,964.0
538,trip_completion,58.3796149,26.699098,4132.0,4448.2,964.0
538,rider_dropoff_presence,58.3796149,26.699098,4238.11,4448.2,964.0
539,driver_arrival,58.376398,26.7060344,3177.0,4260.5,872.0
539,rider_pickup_presence,58.376398,26.7060344,3244.37,4260.5,872.0
539,trip_completion,58.3715599,26.778519,4049.0,4260.5,872.0
539,rider_dropoff_presence,58.3715599,26.778519,4158.83,4260.5,872.0
54,driver_arrival,58.3708505,26.7040483,319.0,510.7,102.0
54,rider_pickup_presence,58.3708505,26.7040483,345.56,510.7,102.0
54,trip_completion,58.3698605,26.7126002,421.0,510.7,102.0
54,rider_dropoff_presence,58.3698605,26.7126002,428.59,510.7,102.0
540,driver_arrival,58.3872412,26.7192421,3196.0,1894.5,302.0
540,rider_pickup_presence,58.3872412,26.7192421,3294.86,1894.5,302.0
540,trip_completion,58.3742722,26.6981665,3498.0,1894.5,302.0
540,rider_dropoff_presence,58.3742722,26.6981665,3607.13,1894.5,302.0
541,driver_arrival,58.3828404,26.7062691,3196.0,3625.4,527.0
541,rider_pickup_presence,58.3828404,26.7062691,3232.26,3625.4,527.0
541,trip_completion,58.3796095,26.7681524,3723.0,3625.4,527.0
541,rider_dropoff_presence,58.3796095,26.7681524,3772.0,3625.4,527.0
542,driver_arrival,58.3857491,26.7322094,3198.0,1912.8,232.0
542,rider_pickup_presence,58.3857491,26.7322094,3214.77,1912.8,232.0
542,trip_completion,58.3730019,26.7542409,3430.0,1912.8,232.0
542,rider_dropoff_presence,58.3730019,26.7542409,3543.55,1912.8,232.0
543,driver_arrival,58.3802657,26.7093299,3202.0,1754.4,394.0
543,rider_pickup_presence,58.3802657,26.7093299,3238.52,1754.4,394.0
543,trip_completion,58.3894458,26.7338093,3596.0,1754.4,394.0
543,rider_dropoff_presence,58.3894458,26.7338093,3655.11,1754.4,394.0
544,driver_arrival,58.379539,26.7172684,3217.0,3547.6,798.0
544,rider_pickup_presence,58.379539,26.7172684,3228.66,3547.6,798.0
544,trip_completion,58.3672878,26.7734454,4015.0,3547.6,798.0
544,rider_dropoff_presence,58.3672878,26.7734454,4121.47,3547.6,798.0
545,driver_arrival,58.3728444,26.7205604,3224.0,532.3,90.0
545,rider_pickup_presence,58.3728444,26.7205604,3240.28,532.3,90.0
545,trip_completion,58.3694606,26.7270179,3314.0,532.3,90.0
545,rider_dropoff_presence,58.3694606,26.7270179,3368.44,532.3,90.0
546,driver_arrival,58.3672052,26.7698399,3224.0,2826.9,699.0
546,rider_pickup_presence,58.3672052,26.7698399,3304.46,2826.9,699.0
546,trip_completion,58.3658618,26.7214346,3923.0,2826.9,699.0
546,rider_dropoff_presence,58.3658618,26.7214346,4012.18,2826.9,699.0
547,driver_arrival,58.3646224,26.7363631,3232.0,1945.3,324.0
547,rider_pickup_presence,58.3646224,26.7363631,3345.52,1945.3,324.0
547,trip_completion,58.3762924,26.7115097,3556.0,1945.3,324.0
547,rider_dropoff_presence,58.3762924,26.7115097,3606.3,1945.3,324.0
548,driver_arrival,58.3678314,26.7686598,3254.0,4114.4,806.0
548,rider_pickup_presence,58.3678314,26.7686598,3343.07,4114.4,806.0
548,trip_completion,58.379651,26.7017943,4060.0,4114.4,806.0
548,rider_dropoff_presence,58.379651,26.7017943,4078.54,4114.4,806.0
549,driver_arrival,58.3749348,26.7508828,3254.0,1559.5,253.0
549,rider_pickup_presence,58.3749348,26.7508828,3303.79,1559.5,253.0
549,trip_completion,58.3881789,26.7596867,3507.0,1559.5,253.0
549,rider_dropoff_presence,58.3881789,26.7596867,3518.88,1559.5,253.0
55,driver_arrival,58.3828815,26.6877807,321.0,2666.3,382.0
55,rider_pickup_presence,58.3828815,26.6877807,379.72,2666.3,382.0
55,trip_completion,58.3707025,26.7271753,703.0,2666.3,382.0
55,rider_dropoff_presence,58.3707025,26.7271753,751.97,2666.3,382.0
550,driver_arrival,58.3796684,26.7508672,3258.0,3383.6,657.0
550,rider_pickup_presence,58.3796684,26.7508672,3372.18,3383.6,657.0
550,trip_completion,58.3875619,26.6948082,3915.0,3383.6,657.0
550,rider_dropoff_presence,58.3875619,26.6948082,3918.93,3383.6,657.0
551,driver_arrival,58.3743079,26.752856,3265.0,2671.9,583.0
551,rider_pickup_presence,58.3743079,26.752856,3309.46,2671.9,583.0
551,trip_completion,58.3652239,26.7104378,3848.0,2671.9,583.0
551,rider_dropoff_presence,58.3652239,26.7104378,3901.21,2671.9,583.0
552,driver_arrival,58.3715695,26.6826879,3279.0,1932.1,197.0
552,rider_pickup_presence,58.3715695,26.6826879,3393.07,1932.1,197.0
552,trip_completion,58.3874155,26.6962861,3476.0,1932.1,197.0
552,rider_dropoff_presence,58.3874155,26.6962861,3578.65,1932.1,197.0
553,driver_arrival,58.3869995,26.7066201,3286.0,1879.3,509.0
553,rider_pickup_presence,58.3869995,26.7066201,3297.92,1879.3,509.0
553,trip_completion,58.3720535,26.721671,3795.0,1879.3,509.0
553,rider_dropoff_presence,58.3720535,26.721671,3877.28,1879.3,509.0
554,driver_arrival,58.3816926,26.7020991,3286.0,1541.3,440.0
554,rider_pickup_presence,58.3816926,26.7020991,3351.34,1541.3,440.0
554,trip_completion,58.3763835,26.726521,3726.0,1541.3,440.0
554,rider_dropoff_presence,58.3763835,26.726521,3843.34,1541.3,440.0
555,driver_arrival,58.3694512,26.7332255,3286.0,1721.5,229.0
555,rider_pickup_presence,58.3694512,26.7332255,3329.04,1721.5,229.0
555,trip_completion,58.3849223,26.7343258,3515.0,1721.5,229.0
555,rider_dropoff_presence,58.3849223,26.7343258,3562.78,1721.5,229.0
556,driver_arrival,58.389087,26.7095637,3288.0,2508.9,449.0
556,rider_pickup_presence,58.389087,26.7095637,3310.78,2508.9,449.0
556,trip_completion,58.3815952,26.7501645,3737.0,2508.9,449.0
556,rider_dropoff_presence,58.3815952,26.7501645,3751.66,2508.9,449.0
557,driver_arrival,58.3766425,26.7231425,3291.0,717.9,206.0
557,rider_pickup_presence,58.3766425,26.7231425,3392.76,717.9,206.0
557,trip_completion,58.3703413,26.7258204,3497.0,717.9,206.0
557,rider_dropoff_presence,58.3703413,26.7258204,3551.57,717.9,206.0
558,driver_arrival,58.368636,26.7311917,3293.0,2324.3,615.0
558,rider_pickup_presence,58.368636,26.7311917,3372.53,2324.3,615.0
558,trip_completion,58.3724788,26.7703712,3908.0,2324.3,615.0
558,rider_dropoff_presence,58.3724788,26.7703712,3985.0,2324.3,615.0
559,driver_arrival,58.3793681,26.7104113,3297.0,936.8,137.0
559,rider_pickup_presence,58.3793681,26.7104113,3368.66,936.8,137.0
559,trip_completion,58.3756434,26.6959995,3434.0,936.8,137.0
559,rider_dropoff_presence,58.3756434,26.6959995,3436.56,936.8,137.0
56,driver_arrival,58.3621488,26.7743635,328.0,4035.5,960.0
56,rider_pickup_presence,58.3621488,26.7743635,422.42,4035.5,960.0
56,trip_completion,58.364935,26.7053781,1288.0,4035.5,960.0
56,rider_dropoff_presence,58.364935,26.7053781,1317.23,4035.5,960.0
560,driver_arrival,58.3667451,26.7606361,3301.0,4126.7,766.0
560,rider_pickup_presence,58.3667451,26.7606361,3316.11,4126.7,766.0
560,trip_completion,58.3702343,26.6901858,4067.0,4126.7,766.0
560,rider_dropoff_presence,58.3702343,26.6901858,4134.75,4126.7,766.0
561,driver_arrival,58.360739,26.7705995,3303.0,3622.3,786.0
561,rider_pickup_presence,58.360739,26.7705995,3311.23,3622.3,786.0
561,trip_completion,58.3802926,26.7209168,4089.0,3622.3,786.0
561,rider_dropoff_presence,58.3802926,26.7209168,4180.82,3622.3,786.0
562,driver_arrival,58.3637595,26.7263385,3306.0,2577.8,440.0
562,rider_pickup_presence,58.3637595,26.7263385,3330.86,2577.8,440.0
562,trip_completion,58.3869404,26.7268257,3746.0,2577.8,440.0
562,rider_dropoff_presence,58.3869404,26.7268257,3771.91,2577.8,440.0
563,driver_arrival,58.3760357,26.717431,3307.0,2072.1,249.0
563,rider_pickup_presence,58.3760357,26.717431,3411.36,2072.1,249.0
563,trip_completion,58.3752598,26.6819222,3556.0,2072.1,249.0
563,rider_dropoff_presence,58.3752598,26.6819222,3595.43,2072.1,249.0
564,driver_arrival,58.3655398,26.7045392,3308.0,2058.5,515.0
564,rider_pickup_presence,58.3655398,26.7045392,3325.71,2058.5,515.0
564,trip_completion,58.3839317,26.7085604,3823.0,2058.5,515.0
564,rider_dropoff_presence,58.3839317,26.7085604,3931.06,2058.5,515.0
565,driver_arrival,58.3822247,26.7080595,3311.0,798.8,191.0
565,rider_pickup_presence,58.3822247,26.7080595,3311.34,798.8,191.0
565,trip_completion,58.3794991,26.6953821,3502.0,798.8,191.0
565,rider_dropoff_presence,58.3794991,26.6953821,3605.01,798.8,191.0
566,driver_arrival,58.3674866,26.7064381,3349.0,1730.8,359.0
566,rider_pickup_presence,58.3674866,26.7064381,3366.36,1730.8,359.0
566,trip_completion,58.3817753,26.6946639,3708.0,1730.8,359.0
566,rider_dropoff_presence,58.3817753,26.6946639,3723.6,1730.8,359.0
567,driver_arrival,58.3696573,26.7782831,3350.0,1331.2,396.0
567,rider_pickup_presence,58.3696573,26.7782831,3380.08,1331.2,396.0
567,trip_completion,58.3735883,26.7567195,3746.0,1331.2,396.0
567,rider_dropoff_presence,58.3735883,26.7567195,3766.94,1331.2,396.0
568,driver_arrival,58.3729507,26.720244,3355.0,1969.0,370.0
568,rider_pickup_presence,58.3729507,26.720244,3434.33,1969.0,370.0
568,trip_completion,58.3624149,26.6931074,3725.0,1969.0,370.0
568,rider_dropoff_presence,58.3624149,26.6931074,3728.09,1969.0,370.0
569,driver_arrival,58.3825769,26.7136504,3361.0,2523.8,495.0
569,rider_pickup_presence,58.3825769,26.7136504,3362.78,2523.8,495.0
569,trip_completion,58.3847823,26.7567426,3856.0,2523.8,495.0
569,rider_dropoff_presence,58.3847823,26.7567426,3950.8,2523.8,495.0
57,driver_arrival,58.371,26.721675,331.0,1551.5,510.0
57,rider_pickup_presence,58.371,26.721675,359.55,1551.5,510.0
57,trip_completion,58.3847324,26.726386,841.0,1551.5,510.0
57,rider_dropoff_presence,58.3847324,26.726386,879.85,1551.5,510.0
570,driver_arrival,58.3666092,26.7036543,3362.0,318.5,77.0
570,rider_pickup_presence,58.3666092,26.7036543,3382.91,318.5,77.0
570,trip_completion,58.364163,26.7008147,3439.0,318.5,77.0
570,rider_dropoff_presence,58.364163,26.7008147,3445.29,318.5,77.0
571,driver_arrival,58.3885254,26.6884137,3365.0,2562.6,284.0
571,rider_pickup_presence,58.3885254,26.6884137,3454.01,2562.6,284.0
571,trip_completion,58.3741556,26.7227807,3649.0,2562.6,284.0
571,rider_dropoff_presence,58.3741556,26.7227807,3712.13,2562.6,284.0
572,driver_arrival,58.3881943,26.7066404,3370.0,4520.8,596.0
572,rider_pickup_presence,58.3881943,26.7066404,3459.48,4520.8,596.0
572,trip_completion,58.3747998,26.7798614,3966.0,4520.8,596.0
572,rider_dropoff_presence,58.3747998,26.7798614,4023.15,4520.8,596.0
573,driver_arrival,58.3733461,26.7720773,3374.0,4329.8,1012.0
573,rider_pickup_presence,58.3733461,26.7720773,3467.36,4329.8,1012.0
573,trip_completion,58.3867499,26.702345,4386.0,4329.8,1012.0
573,rider_dropoff_presence,58.3867499,26.702345,4447.59,4329.8,1012.0
574,driver_arrival,58.3747558,26.7667187,3382.0,2661.6,681.0
574,rider_pickup_presence,58.3747558,26.7667187,3395.09,2661.6,681.0
574,trip_completion,58.3604344,26.7301498,4063.0,2661.6,681.0
574,rider_dropoff_presence,58.3604344,26.7301498,4123.46,2661.6,681.0
575,driver_arrival,58.3710896,26.6887799,3384.0,4957.0,1191.0
575,rider_pickup_presence,58.3710896,26.6887799,3497.45,4957.0,1191.0
575,trip_completion,58.3674545,26.7734995,4575.0,4957.0,1191.0
575,rider_dropoff_presence,58.3674545,26.7734995,4580.2,4957.0,1191.0
576,driver_arrival,58.3784377,26.7411234,3389.0,869.0,122.0
576,rider_pickup_presence,58.3784377,26.7411234,3482.99,869.0,122.0
576,trip_completion,58.3807978,26.7553345,3511.0,869.0,122.0
576,rider_dropoff_presence,58.3807978,26.7553345,3615.04,869.0,122.0
577,driver_arrival,58.3765722,26.747847,3395.0,749.3,192.0
577,rider_pickup_presence,58.3765722,26.747847,3457.57,749.3,192.0
577,trip_completion,58.3796724,26.759258,3587.0,749.3,192.0
577,rider_dropoff_presence,58.3796724,26.759258,3641.97,749.3,192.0
578,driver_arrival,58.3833186,26.7561297,3409.0,3911.9,558.0
578,rider_pickup_presence,58.3833186,26.7561297,3524.68,3911.9,558.0
578,trip_completion,58.3726185,26.6922099,3967.0,3911.9,558.0
578,rider_dropoff_presence,58.3726185,26.6922099,3974.3,3911.9,558.0
579,driver_arrival,58.3711998,26.7657684,3426.0,846.9,615.0
579,rider_pickup_presence,58.3711998,26.7657684,3483.48,846.9,615.0
579,trip_completion,58.3727465,26.7799891,4041.0,846.9,615.0
579,rider_dropoff_presence,58.3727465,26.7799891,4089.19,846.9,615.0
58,driver_arrival,58.3727127,26.7092445,334.0,1108.3,245.0
58,rider_pickup_presence,58.3727127,26.7092445,416.33,1108.3,245.0
58,trip_completion,58.363223,26.7034317,579.0,1108.3,245.0
58,rider_dropoff_presence,58.363223,26.7034317,637.83,1108.3,245.0
581,driver_arrival,58.3715897,26.7701892,3440.0,4129.8,854.0
581,rider_pickup_presence,58.3715897,26.7701892,3549.16,4129.8,854.0
581,trip_completion,58.373426,26.6994508,4294.0,4129.8,854.0
581,rider_dropoff_presence,58.373426,26.6994508,4302.82,4129.8,854.0
582,driver_arrival,58.3791845,26.7525704,3441.0,1006.0,587.0
582,rider_pickup_presence,58.3791845,26.7525704,3450.69,1006.0,587.0
582,trip_completion,58.373587,26.7661259,4028.0,1006.0,587.0
582,rider_dropoff_presence,58.373587,26.7661259,4101.0,1006.0,587.0
583,driver_arrival,58.3734549,26.7772725,3448.0,821.6,300.0
583,rider_pickup_presence,58.3734549,26.7772725,3455.88,821.6,300.0
583,trip_completion,58.3808101,26.7786107,3748.0,821.6,300.0
583,rider_dropoff_presence,58.3808101,26.7786107,3781.0,821.6,300.0
584,driver_arrival,58.3785983,26.7157513,3459.0,726.5,461.0
584,rider_pickup_presence,58.3785983,26.7157513,3534.97,726.5,461.0
584,trip_completion,58.3738202,26.7242509,3920.0,726.5,461.0
584,rider_dropoff_presence,58.3738202,26.7242509,3985.8,726.5,461.0
585,driver_arrival,58.3683368,26.7685625,3468.0,1704.1,298.0
585,rider_pickup_presence,58.3683368,26.7685625,3507.02,1704.1,298.0
585,trip_completion,58.3782249,26.7462346,3766.0,1704.1,298.0
585,rider_dropoff_presence,58.3782249,26.7462346,3885.36,1704.1,298.0
586,driver_arrival,58.3869124,26.6945841,3492.0,4133.3,769.0
586,rider_pickup_presence,58.3869124,26.6945841,3555.67,4133.3,769.0
586,trip_completion,58.37792,26.7633825,4261.0,4133.3,769.0
586,rider_dropoff_presence,58.37792,26.7633825,4315.45,4133.3,769.0
587,driver_arrival,58.3622372,26.706452,3493.0,3012.6,294.0
587,rider_pickup_presence,58.3622372,26.706452,3565.65,3012.6,294.0
587,trip_completion,58.3886229,26.6947206,3787.0,3012.6,294.0
587,rider_dropoff_presence,58.3886229,26.6947206,3798.9,3012.6,294.0
588,driver_arrival,58.3732839,26.725382,3509.0,1564.2,955.0
588,rider_pickup_presence,58.3732839,26.725382,3593.21,1564.2,955.0
588,trip_completion,58.3601026,26.7160128,4464.0,1564.2,955.0
588,rider_dropoff_presence,58.3601026,26.7160128,4566.34,1564.2,955.0
589,driver_arrival,58.3783819,26.7774004,3524.0,4379.5,656.0
589,rider_pickup_presence,58.3783819,26.7774004,3602.11,4379.5,656.0
589,trip_completion,58.3597592,26.7112256,4180.0,4379.5,656.0
589,rider_dropoff_presence,58.3597592,26.7112256,4272.28,4379.5,656.0
59,driver_arrival,58.3835939,26.7302068,346.0,2361.8,268.0
59,rider_pickup_presence,58.3835939,26.7302068,432.5,2361.8,268.0
59,trip_completion,58.3629524,26.7397527,614.0,2361.8,268.0
59,rider_dropoff_presence,58.3629524,26.7397527,639.8,2361.8,268.0
590,driver_arrival,58.3723018,26.68045,3525.0,3227.8,676.0
590,rider_pickup_presence,58.3723018,26.68045,3579.19,3227.8,676.0
590,trip_completion,58.3806137,26.7334935,4201.0,3227.8,676.0
590,rider_dropoff_presence,58.3806137,26.7334935,4228.42,3227.8,676.0
591,driver_arrival,58.384931,26.7507912,3531.0,2955.0,342.0
591,rider_pickup_presence,58.384931,26.7507912,3571.67,2955.0,342.0
591,trip_completion,58.3605193,26.7307622,3873.0,2955.0,342.0
591,rider_dropoff_presence,58.3605193,26.7307622,3927.42,2955.0,342.0
592,driver_arrival,58.3861908,26.7215975,3536.0,844.9,248.0
592,rider_pickup_presence,58.3861908,26.7215975,3585.92,844.9,248.0
592,trip_completion,58.3839704,26.7077345,3784.0,844.9,248.0
592,rider_dropoff_presence,58.3839704,26.7077345,3795.41,844.9,248.0
593,driver_arrival,58.3823316,26.7225838,3549.0,626.0,191.0
593,rider_pickup_presence,58.3823316,26.7225838,3600.21,626.0,191.0
593,trip_completion,58.3773043,26.7274149,3740.0,626.0,191.0
593,rider_dropoff_presence,58.3773043,26.7274149,3819.81,626.0,191.0
594,driver_arrival,58.3855173,26.7410801,3558.0,1633.2,257.0
594,rider_pickup_presence,58.3855173,26.7410801,3602.92,1633.2,257.0
594,trip_completion,58.3754187,26.7614223,3815.0,1633.2,257.0
594,rider_dropoff_presence,58.3754187,26.7614223,3833.32,1633.2,257.0
595,driver_arrival,58.3818982,26.7136652,3562.0,1347.3,153.0
595,rider_pickup_presence,58.3818982,26.7136652,3672.76,1347.3,153.0
595,trip_completion,58.3843481,26.6910295,3715.0,1347.3,153.0
595,rider_dropoff_presence,58.3843481,26.6910295,3723.06,1347.3,153.0
596,driver_arrival,58.3750579,26.6889727,3567.0,3542.9,723.0
596,rider_pickup_presence,58.3750579,26.6889727,3666.81,3542.9,723.0
596,trip_completion,58.3757422,26.7497226,4290.0,3542.9,723.0
596,rider_dropoff_presence,58.3757422,26.7497226,4301.19,3542.9,723.0
597,driver_arrival,58.3862198,26.7119833,3569.0,2093.1,424.0
597,rider_pickup_presence,58.3862198,26.7119833,3580.59,2093.1,424.0
597,trip_completion,58.3675731,26.7070701,3993.0,2093.1,424.0
597,rider_dropoff_presence,58.3675731,26.7070701,4081.66,2093.1,424.0
598,driver_arrival,58.3733666,26.7724401,3580.0,2132.3,528.0
598,rider_pickup_presence,58.3733666,26.7724401,3677.41,2132.3,528.0
598,trip_completion,58.3763653,26.736319,4108.0,2132.3,528.0
598,rider_dropoff_presence,58.3763653,26.736319,4174.76,2132.3,528.0
599,driver_arrival,58.3698066,26.7278779,3598.0,2437.5,305.0
599,rider_pickup_presence,58.3698066,26.7278779,3668.38,2437.5,305.0
599,trip_completion,58.3800002,26.7648891,3903.0,2437.5,305.0
599,rider_dropoff_presence,58.3800002,26.7648891,3970.39,2437.5,305.0
6,driver_arrival,58.3741154,26.7753359,42.0,3264.7,651.0
6,rider_pickup_presence,58.3741154,26.7753359,81.56,3264.7,651.0
6,trip_completion,58.3663603,26.721339,693.0,3264.7,651.0
6,rider_dropoff_presence,58.3663603,26.721339,707.67,3264.7,651.0
60,driver_arrival,58.3822635,26.7476806,349.0,948.7,169.0
60,rider_pickup_presence,58.3822635,26.7476806,391.43,948.7,169.0
60,trip_completion,58.3834295,26.7638033,518.0,948.7,169.0
60,rider_dropoff_presence,58.3834295,26.7638033,597.84,948.7,169.0
61,driver_arrival,58.3728951,26.7586177,361.0,2239.5,574.0
61,rider_pickup_presence,58.3728951,26.7586177,451.03,2239.5,574.0
61,trip_completion,58.3811248,26.7235591,935.0,2239.5,574.0
61,rider_dropoff_presence,58.3811248,26.7235591,1039.17,2239.5,574.0
62,driver_arrival,58.3817639,26.6848907,363.0,2998.7,320.0
62,rider_pickup_presence,58.3817639,26.6848907,449.53,2998.7,320.0
62,trip_completion,58.3626228,26.7211172,683.0,2998.7,320.0
62,rider_dropoff_presence,58.3626228,26.7211172,799.21,2998.7,320.0
63,driver_arrival,58.3728651,26.7227993,378.0,3046.1,794.0
63,rider_pickup_presence,58.3728651,26.7227993,450.05,3046.1,794.0
63,trip_completion,58.3758209,26.7747363,1172.0,3046.1,794.0
63,rider_dropoff_presence,58.3758209,26.7747363,1214.2,3046.1,794.0
64,driver_arrival,58.3848175,26.697268,392.0,1767.3,234.0
64,rider_pickup_presence,58.3848175,26.697268,461.35,1767.3,234.0
64,trip_completion,58.370933,26.7120212,626.0,1767.3,234.0
64,rider_dropoff_presence,58.370933,26.7120212,651.53,1767.3,234.0
65,driver_arrival,58.3757918,26.7538673,397.0,2665.6,670.0
65,rider_pickup_presence,58.3757918,26.7538673,475.81,2665.6,670.0
65,trip_completion,58.3831808,26.7103698,1067.0,2665.6,670.0
65,rider_dropoff_presence,58.3831808,26.7103698,1093.91,2665.6,670.0
66,driver_arrival,58.3806489,26.7250542,399.0,2139.7,386.0
66,rider_pickup_presence,58.3806489,26.7250542,411.99,2139.7,386.0
66,trip_completion,58.3728899,26.7586392,785.0,2139.7,386.0
66,rider_dropoff_presence,58.3728899,26.7586392,886.44,2139.7,386.0
67,driver_arrival,58.3761809,26.7471864,415.0,1846.7,384.0
67,rider_pickup_presence,58.3761809,26.7471864,459.11,1846.7,384.0
67,trip_completion,58.369705,26.7763502,799.0,1846.7,384.0
67,rider_dropoff_presence,58.369705,26.7763502,890.51,1846.7,384.0
68,driver_arrival,58.3832628,26.7101351,418.0,2399.2,375.0
68,rider_pickup_presence,58.3832628,26.7101351,486.89,2399.2,375.0
68,trip_completion,58.3794088,26.7506294,793.0,2399.2,375.0
68,rider_dropoff_presence,58.3794088,26.7506294,889.87,2399.2,375.0
69,driver_arrival,58.3652339,26.7213767,423.0,2763.0,653.0
69,rider_pickup_presence,58.3652339,26.7213767,524.42,2763.0,653.0
69,trip_completion,58.369513,26.7680472,1076.0,2763.0,653.0
69,rider_dropoff_presence,58.369513,26.7680472,1192.95,2763.0,653.0
7,driver_arrival,58.3794544,26.7441251,43.0,890.1,194.0
7,rider_pickup_presence,58.3794544,26.7441251,141.21,890.1,194.0
7,trip_completion,58.3829375,26.7578727,237.0,890.1,194.0
7,rider_dropoff_presence,58.3829375,26.7578727,310.63,890.1,194.0
70,driver_arrival,58.3889701,26.7071311,423.0,3355.8,561.0
70,rider_pickup_presence,58.3889701,26.7071311,500.12,3355.8,561.0
70,trip_completion,58.3788411,26.7613612,984.0,3355.8,561.0
70,rider_dropoff_presence,58.3788411,26.7613612,987.15,3355.8,561.0
71,driver_arrival,58.376611,26.7621554,424.0,1073.1,149.0
71,rider_pickup_presence,58.376611,26.7621554,535.49,1073.1,149.0
71,trip_completion,58.3792543,26.7444539,573.0,1073.1,149.0
71,rider_dropoff_presence,58.3792543,26.7444539,672.54,1073.1,149.0
72,driver_arrival,58.3761748,26.7097603,425.0,756.9,149.0
72,rider_pickup_presence,58.3761748,26.7097603,457.09,756.9,149.0
72,trip_completion,58.3822379,26.7156619,574.0,756.9,149.0
72,rider_dropoff_presence,58.3822379,26.7156619,595.65,756.9,149.0
73,driver_arrival,58.3867378,26.7202141,431.0,3751.4,873.0
73,rider_pickup_presence,58.3867378,26.7202141,515.32,3751.4,873.0
73,trip_completion,58.3718941,26.7779996,1304.0,3751.4,873.0
73,rider_dropoff_presence,58.3718941,26.7779996,1341.08,3751.4,873.0
74,driver_arrival,58.3627564,26.7304288,442.0,1494.7,293.0
74,rider_pickup_presence,58.3627564,26.7304288,482.78,1494.7,293.0
74,trip_completion,58.3761737,26.7319837,735.0,1494.7,293.0
74,rider_dropoff_presence,58.3761737,26.7319837,735.73,1494.7,293.0
75,driver_arrival,58.3767959,26.7628163,443.0,2819.9,441.0
75,rider_pickup_presence,58.3767959,26.7628163,547.38,2819.9,441.0
75,trip_completion,58.3765862,26.7144518,884.0,2819.9,441.0
75,rider_dropoff_presence,58.3765862,26.7144518,951.96,2819.9,441.0
76,driver_arrival,58.3728977,26.7794886,445.0,3551.8,757.0
76,rider_pickup_presence,58.3728977,26.7794886,493.09,3551.8,757.0
76,trip_completion,58.3829212,26.7216448,1202.0,3551.8,757.0
76,rider_dropoff_presence,58.3829212,26.7216448,1219.02,3551.8,757.0
77,driver_arrival,58.3882216,26.7064833,451.0,1084.0,245.0
77,rider_pickup_presence,58.3882216,26.7064833,526.98,1084.0,245.0
77,trip_completion,58.3788305,26.7014934,696.0,1084.0,245.0
77,rider_dropoff_presence,58.3788305,26.7014934,699.68,1084.0,245.0
78,driver_arrival,58.3850615,26.7425359,452.0,2260.2,701.0
78,rider_pickup_presence,58.3850615,26.7425359,541.53,2260.2,701.0
78,trip_completion,58.3725479,26.711985,1153.0,2260.2,701.0
78,rider_dropoff_presence,58.3725479,26.711985,1178.82,2260.2,701.0
79,driver_arrival,58.3716929,26.7706437,453.0,3718.8,907.0
79,rider_pickup_presence,58.3716929,26.7706437,503.38,3718.8,907.0
79,trip_completion,58.3694789,26.7070109,1360.0,3718.8,907.0
79,rider_dropoff_presence,58.3694789,26.7070109,1400.91,3718.8,907.0
8,driver_arrival,58.3833498,26.7488111,46.0,2357.9,348.0
8,rider_pickup_presence,58.3833498,26.7488111,90.41,2357.9,348.0
8,trip_completion,58.3894546,26.7100706,394.0,2357.9,348.0
8,rider_dropoff_presence,58.3894546,26.7100706,480.59,2357.9,348.0
80,driver_arrival,58.3673007,26.7296511,501.0,2205.8,771.0
80,rider_pickup_presence,58.3673007,26.7296511,594.22,2205.8,771.0
80,trip_completion,58.3850447,26.712737,1272.0,2205.8,771.0
80,rider_dropoff_presence,58.3850447,26.712737,1340.11,2205.8,771.0
81,driver_arrival,58.3667578,26.6939345,506.0,1587.9,319.0
81,rider_pickup_presence,58.3667578,26.6939345,516.19,1587.9,319.0
81,trip_completion,58.3778699,26.7110394,825.0,1587.9,319.0
81,rider_dropoff_presence,58.3778699,26.7110394,831.31,1587.9,319.0
82,driver_arrival,58.369966,26.7050541,512.0,649.5,182.0
82,rider_pickup_presence,58.369966,26.7050541,530.89,649.5,182.0
82,trip_completion,58.375358,26.7093361,694.0,649.5,182.0
82,rider_dropoff_presence,58.375358,26.7093361,768.14,649.5,182.0
83,driver_arrival,58.3693598,26.7022964,518.0,4404.8,1155.0
83,rider_pickup_presence,58.3693598,26.7022964,598.88,4404.8,1155.0
83,trip_completion,58.3697046,26.777828,1673.0,4404.8,1155.0
83,rider_dropoff_presence,58.3697046,26.777828,1705.65,4404.8,1155.0
84,driver_arrival,58.3753335,26.7181703,524.0,881.0,639.0
84,rider_pickup_presence,58.3753335,26.7181703,603.43,881.0,639.0
84,trip_completion,58.3713092,26.7311847,1163.0,881.0,639.0
84,rider_dropoff_presence,58.3713092,26.7311847,1221.28,881.0,639.0
85,driver_arrival,58.3619474,26.7096269,528.0,2624.1,777.0
85,rider_pickup_presence,58.3619474,26.7096269,581.05,2624.1,777.0
85,trip_completion,58.3763459,26.7452795,1305.0,2624.1,777.0
85,rider_dropoff_presence,58.3763459,26.7452795,1337.78,2624.1,777.0
86,driver_arrival,58.3678789,26.6992102,531.0,923.1,176.0
86,rider_pickup_presence,58.3678789,26.6992102,621.59,923.1,176.0
86,trip_completion,58.3757178,26.7044243,707.0,923.1,176.0
86,rider_dropoff_presence,58.3757178,26.7044243,720.66,923.1,176.0
87,driver_arrival,58.3635714,26.698809,540.0,3753.7,940.0
87,rider_pickup_presence,58.3635714,26.698809,591.59,3753.7,940.0
87,trip_completion,58.3790204,26.7560443,1480.0,3753.7,940.0
87,rider_dropoff_presence,58.3790204,26.7560443,1513.99,3753.7,940.0
88,driver_arrival,58.3822208,26.7316233,543.0,571.8,400.0
88,rider_pickup_presence,58.3822208,26.7316233,624.42,571.8,400.0
88,trip_completion,58.3810851,26.7220567,943.0,571.8,400.0
88,rider_dropoff_presence,58.3810851,26.7220567,1001.4,571.8,400.0
89,driver_arrival,58.366753,26.7274434,546.0,836.3,93.0
89,rider_pickup_presence,58.366753,26.7274434,626.06,836.3,93.0
89,trip_completion,58.361356,26.7374291,639.0,836.3,93.0
89,rider_dropoff_presence,58.361356,26.7374291,644.45,836.3,93.0
9,driver_arrival,58.3721302,26.7700204,52.0,4479.5,1104.0
9,rider_pickup_presence,58.3721302,26.7700204,99.43,4479.5,1104.0
9,trip_completion,58.3748765,26.6933756,1156.0,4479.5,1104.0
9,rider_dropoff_presence,58.3748765,26.6933756,1227.92,4479.5,1104.0
90,driver_arrival,58.3731681,26.7012679,550.0,993.4,149.0
90,rider_pickup_presence,58.3731681,26.7012679,550.92,993.4,149.0
90,trip_completion,58.38141,26.6946946,699.0,993.4,149.0
90,rider_dropoff_presence,58.38141,26.6946946,735.17,993.4,149.0
91,driver_arrival,58.3763371,26.7453402,552.0,1661.1,196.0
91,rider_pickup_presence,58.3763371,26.7453402,577.35,1661.1,196.0
91,trip_completion,58.3656156,26.7651762,748.0,1661.1,196.0
91,rider_dropoff_presence,58.3656156,26.7651762,764.47,1661.1,196.0
92,driver_arrival,58.3756595,26.7483215,564.0,752.3,193.0
92,rider_pickup_presence,58.3756595,26.7483215,594.66,752.3,193.0
92,trip_completion,58.3800888,26.7385676,757.0,752.3,193.0
92,rider_dropoff_presence,58.3800888,26.7385676,796.37,752.3,193.0
93,driver_arrival,58.3865024,26.7254939,564.0,2778.1,381.0
93,rider_pickup_presence,58.3865024,26.7254939,564.93,2778.1,381.0
93,trip_completion,58.3741306,26.6840931,945.0,2778.1,381.0
93,rider_dropoff_presence,58.3741306,26.6840931,1034.64,2778.1,381.0
94,driver_arrival,58.3873455,26.6946788,571.0,304.5,110.0
94,rider_pickup_presence,58.3873455,26.6946788,592.08,304.5,110.0
94,trip_completion,58.3888914,26.6903674,681.0,304.5,110.0
94,rider_dropoff_presence,58.3888914,26.6903674,726.62,304.5,110.0
95,driver_arrival,58.382275,26.737034,573.0,2521.6,656.0
95,rider_pickup_presence,58.382275,26.737034,657.44,2521.6,656.0
95,trip_completion,58.3750444,26.69604,1229.0,2521.6,656.0
95,rider_dropoff_presence,58.3750444,26.69604,1289.03,2521.6,656.0
96,driver_arrival,58.3691784,26.706337,574.0,1528.9,233.0
96,rider_pickup_presence,58.3691784,26.706337,674.0,1528.9,233.0
96,trip_completion,58.3656818,26.7316913,807.0,1528.9,233.0
96,rider_dropoff_presence,58.3656818,26.7316913,903.74,1528.9,233.0
97,driver_arrival,58.3594377,26.702838,575.0,231.8,61.0
97,rider_pickup_presence,58.3594377,26.702838,583.65,231.8,61.0
97,trip_completion,58.360313,26.7064439,636.0,231.8,61.0
97,rider_dropoff_presence,58.360313,26.7064439,739.41,231.8,61.0
98,driver_arrival,58.3830598,26.7108528,577.0,615.0,206.0
98,rider_pickup_presence,58.3830598,26.7108528,582.08,615.0,206.0
98,trip_completion,58.3856488,26.720176,783.0,615.0,206.0
98,rider_dropoff_presence,58.3856488,26.720176,785.25,615.0,206.0
99,driver_arrival,58.3862715,26.7266671,582.0,2843.3,356.0
99,rider_pickup_presence,58.3862715,26.7266671,692.54,2843.3,356.0
99,trip_completion,58.3614117,26.7380813,938.0,2843.3,356.0
99,rider_dropoff_presence,58.3614117,26.7380813,1041.45,2843.3,356.0
