order_id,event,lat,lon,time,trip_dist_m,trip_dur_s
0,driver_arrival,58.3774948,26.754309,11.0,1477.2,438.0
0,rider_pickup_presence,58.3774948,26.754309,87.73,1477.2,438.0
0,trip_completion,58.3720592,26.7774257,449.0,1477.2,438.0
0,rider_dropoff_presence,58.3720592,26.7774257,452.0,1477.2,438.0
1,driver_arrival,58.3785516,26.7014573,13.0,4143.4,758.0
1,rider_pickup_presence,58.3785516,26.7014573,46.0,4143.4,758.0
1,trip_completion,58.3792917,26.7725138,771.0,4143.4,758.0
1,rider_dropoff_presence,58.3792917,26.7725138,797.79,4143.4,758.0
10,driver_arrival,58.3773345,26.722423,66.0,1527.3,503.0
10,rider_pickup_presence,58.3773345,26.722423,154.38,1527.3,503.0
10,trip_completion,58.3832625,26.7460563,569.0,1527.3,503.0
10,rider_dropoff_presence,58.3832625,26.7460563,650.2,1527.3,503.0
100,driver_arrival,58.3870788,26.7195416,713.0,1174.3,305.0
100,rider_pickup_presence,58.3870788,26.7195416,820.06,1174.3,305.0
100,trip_completion,58.3777337,26.7289261,1018.0,1174.3,305.0
100,rider_dropoff_presence,58.3777337,26.7289261,1028.43,1174.3,305.0
101,driver_arrival,58.3762973,26.7784684,722.0,2416.5,343.0
101,rider_pickup_presence,58.3762973,26.7784684,772.63,2416.5,343.0
101,trip_completion,58.3679897,26.7401745,1065.0,2416.5,343.0
101,rider_dropoff_presence,58.3679897,26.7401745,1068.58,2416.5,343.0
102,driver_arrival,58.3730857,26.6932504,728.0,1983.0,287.0
102,rider_pickup_presence,58.3730857,26.6932504,754.24,1983.0,287.0
102,trip_completion,58.3600765,26.7165074,1015.0,1983.0,287.0
102,rider_dropoff_presence,58.3600765,26.7165074,1075.64,1983.0,287.0
103,driver_arrival,58.3627564,26.7304288,732.0,2578.6,358.0
103,rider_pickup_presence,58.3627564,26.7304288,735.18,2578.6,358.0
103,trip_completion,58.3833183,26.709981,1090.0,2578.6,358.0
103,rider_dropoff_presence,58.3833183,26.709981,1113.86,2578.6,358.0
104,driver_arrival,58.3841928,26.723175,736.0,2134.0,395.0
104,rider_pickup_presence,58.3841928,26.723175,813.99,2134.0,395.0
104,trip_completion,58.3722664,26.751853,1131.0,2134.0,395.0
104,rider_dropoff_presence,58.3722664,26.751853,1196.39,2134.0,395.0
105,driver_arrival,58.3779663,26.7286291,739.0,1764.0,453.0
105,rider_pickup_presence,58.3779663,26.7286291,765.45,1764.0,453.0
105,trip_completion,58.365184,26.710711,1192.0,1764.0,453.0
105,rider_dropoff_presence,58.365184,26.710711,1262.71,1764.0,453.0
106,driver_arrival,58.3732582,26.6995986,740.0,2339.2,370.0
106,rider_pickup_presence,58.3732582,26.6995986,837.13,2339.2,370.0
106,trip_completion,58.3883342,26.7275845,1110.0,2339.2,370.0
106,rider_dropoff_presence,58.3883342,26.7275845,1110.78,2339.2,370.0
107,driver_arrival,58.3737652,26.7682088,741.0,2285.2,435.0
107,rider_pickup_presence,58.3737652,26.7682088,837.7,2285.2,435.0
107,trip_completion,58.3787017,26.7301621,1176.0,2285.2,435.0
107,rider_dropoff_presence,58.3787017,26.7301621,1259.78,2285.2,435.0
108,driver_arrival,58.3757058,26.7099774,747.0,3302.2,554.0
108,rider_pickup_presence,58.3757058,26.7099774,787.83,3302.2,554.0
108,trip_completion,58.3710103,26.7658988,1301.0,3302.2,554.0
108,rider_dropoff_presence,58.3710103,26.7658988,1319.66,3302.2,554.0
109,driver_arrival,58.3741393,26.712247,754.0,1842.0,280.0
109,rider_pickup_presence,58.3741393,26.712247,868.87,1842.0,280.0
109,trip_completion,58.3670649,26.7408094,1034.0,1842.0,280.0
109,rider_dropoff_presence,58.3670649,26.7408094,1074.39,1842.0,280.0
11,driver_arrival,58.3833847,26.7600758,73.0,2382.9,227.0
11,rider_pickup_presence,58.3833847,26.7600758,84.13,2382.9,227.0
11,trip_completion,58.3658542,26.7365705,300.0,2382.9,227.0
11,rider_dropoff_presence,58.3658542,26.7365705,311.61,2382.9,227.0
110,driver_arrival,58.3810626,26.7380251,775.0,2315.9,296.0
110,rider_pickup_presence,58.3810626,26.7380251,876.7,2315.9,296.0
110,trip_completion,58.377422,26.7771389,1071.0,2315.9,296.0
110,rider_dropoff_presence,58.377422,26.7771389,1143.45,2315.9,296.0
111,driver_arrival,58.3700395,26.7293539,788.0,984.1,177.0
111,rider_pickup_presence,58.3700395,26.7293539,884.86,984.1,177.0
111,trip_completion,58.3647253,26.7428477,965.0,984.1,177.0
111,rider_dropoff_presence,58.3647253,26.7428477,1052.57,984.1,177.0
112,driver_arrival,58.3766566,26.6818794,795.0,1895.8,224.0
112,rider_pickup_presence,58.3766566,26.6818794,859.35,1895.8,224.0
112,trip_completion,58.3636902,26.7029889,1019.0,1895.8,224.0
112,rider_dropoff_presence,58.3636902,26.7029889,1135.77,1895.8,224.0
113,driver_arrival,58.3657141,26.7316344,795.0,1535.8,150.0
113,rider_pickup_presence,58.3657141,26.7316344,840.42,1535.8,150.0
113,trip_completion,58.3757502,26.7497288,945.0,1535.8,150.0
113,rider_dropoff_presence,58.3757502,26.7497288,1011.24,1535.8,150.0
114,driver_arrival,58.3768051,26.7462814,799.0,3224.1,547.0
114,rider_pickup_presence,58.3768051,26.7462814,898.53,3224.1,547.0
114,trip_completion,58.3873262,26.6947441,1346.0,3224.1,547.0
114,rider_dropoff_presence,58.3873262,26.6947441,1420.22,3224.1,547.0
115,driver_arrival,58.3745704,26.7614806,799.0,3828.9,596.0
115,rider_pickup_presence,58.3745704,26.7614806,902.4,3828.9,596.0
115,trip_completion,58.3844646,26.6985723,1395.0,3828.9,596.0
115,rider_dropoff_presence,58.3844646,26.6985723,1464.28,3828.9,596.0
116,driver_arrival,58.3896184,26.7181614,802.0,2351.4,412.0
116,rider_pickup_presence,58.3896184,26.7181614,886.55,2351.4,412.0
116,trip_completion,58.3854044,26.7576949,1214.0,2351.4,412.0
116,rider_dropoff_presence,58.3854044,26.7576949,1219.5,2351.4,412.0
117,driver_arrival,58.3787117,26.7633693,805.0,2950.0,526.0
117,rider_pickup_presence,58.3787117,26.7633693,832.35,2950.0,526.0
117,trip_completion,58.3796992,26.7128027,1331.0,2950.0,526.0
117,rider_dropoff_presence,58.3796992,26.7128027,1365.73,2950.0,526.0
118,driver_arrival,58.3872742,26.7114359,809.0,1130.6,213.0
118,rider_pickup_presence,58.3872742,26.7114359,818.58,1130.6,213.0
118,trip_completion,58.3893163,26.6924323,1022.0,1130.6,213.0
118,rider_dropoff_presence,58.3893163,26.6924323,1049.93,1130.6,213.0
119,driver_arrival,58.384467,26.7177542,811.0,732.6,135.0
119,rider_pickup_presence,58.384467,26.7177542,823.12,732.6,135.0
119,trip_completion,58.3864701,26.7297275,946.0,732.6,135.0
119,rider_dropoff_presence,58.3864701,26.7297275,979.36,732.6,135.0
12,driver_arrival,58.3683154,26.74734,83.0,1157.0,282.0
12,rider_pickup_presence,58.3683154,26.74734,159.28,1157.0,282.0
12,trip_completion,58.3783136,26.7418425,365.0,1157.0,282.0
12,rider_dropoff_presence,58.3783136,26.7418425,408.78,1157.0,282.0
120,driver_arrival,58.3781433,26.7490937,812.0,2607.3,392.0
120,rider_pickup_presence,58.3781433,26.7490937,856.42,2607.3,392.0
120,trip_completion,58.3755275,26.7046537,1204.0,2607.3,392.0
120,rider_dropoff_presence,58.3755275,26.7046537,1229.14,2607.3,392.0
121,driver_arrival,58.3725906,26.7779145,821.0,3233.3,697.0
121,rider_pickup_presence,58.3725906,26.7779145,853.04,3233.3,697.0
121,trip_completion,58.3684558,26.723031,1518.0,3233.3,697.0
121,rider_dropoff_presence,58.3684558,26.723031,1630.4,3233.3,697.0
122,driver_arrival,58.3694783,26.7116426,831.0,1437.0,261.0
122,rider_pickup_presence,58.3694783,26.7116426,908.76,1437.0,261.0
122,trip_completion,58.3632489,26.7332315,1092.0,1437.0,261.0
122,rider_dropoff_presence,58.3632489,26.7332315,1165.1,1437.0,261.0
123,driver_arrival,58.3787157,26.7675367,835.0,4866.8,707.0
123,rider_pickup_presence,58.3787157,26.7675367,855.54,4866.8,707.0
123,trip_completion,58.3794457,26.6840689,1542.0,4866.8,707.0
123,rider_dropoff_presence,58.3794457,26.6840689,1629.5,4866.8,707.0
124,driver_arrival,58.3714176,26.7680229,838.0,3603.0,908.0
124,rider_pickup_presence,58.3714176,26.7680229,857.61,3603.0,908.0
124,trip_completion,58.3754089,26.7067014,1746.0,3603.0,908.0
124,rider_dropoff_presence,58.3754089,26.7067014,1791.53,3603.0,908.0
125,driver_arrival,58.3724196,26.7571313,843.0,2267.5,389.0
125,rider_pickup_presence,58.3724196,26.7571313,961.74,2267.5,389.0
125,trip_completion,58.3810218,26.7218702,1232.0,2267.5,389.0
125,rider_dropoff_presence,58.3810218,26.7218702,1308.8,2267.5,389.0
126,driver_arrival,58.3749939,26.7174512,845.0,3482.7,759.0
126,rider_pickup_presence,58.3749939,26.7174512,911.83,3482.7,759.0
126,trip_completion,58.3775207,26.7769907,1604.0,3482.7,759.0
126,rider_dropoff_presence,58.3775207,26.7769907,1686.15,3482.7,759.0
127,driver_arrival,58.3641629,26.7587453,861.0,986.1,108.0
127,rider_pickup_presence,58.3641629,26.7587453,962.14,986.1,108.0
127,trip_completion,58.372117,26.751267,969.0,986.1,108.0
127,rider_dropoff_presence,58.372117,26.751267,1062.12,986.1,108.0
128,driver_arrival,58.3782785,26.7624254,872.0,626.7,113.0
128,rider_pickup_presence,58.3782785,26.7624254,899.49,626.7,113.0
128,trip_completion,58.377703,26.7517323,985.0,626.7,113.0
128,rider_dropoff_presence,58.377703,26.7517323,988.85,626.7,113.0
129,driver_arrival,58.3702858,26.7666837,896.0,2827.8,772.0
129,rider_pickup_presence,58.3702858,26.7666837,933.85,2827.8,772.0
129,trip_completion,58.3764706,26.7196421,1668.0,2827.8,772.0
129,rider_dropoff_presence,58.3764706,26.7196421,1700.13,2827.8,772.0
13,driver_arrival,58.3707987,26.7405214,109.0,3422.5,453.0
13,rider_pickup_presence,58.3707987,26.7405214,134.32,3422.5,453.0
13,trip_completion,58.3781673,26.6835296,562.0,3422.5,453.0
13,rider_dropoff_presence,58.3781673,26.6835296,675.15,3422.5,453.0
130,driver_arrival,58.3736085,26.7617437,913.0,670.5,608.0
130,rider_pickup_presence,58.3736085,26.7617437,1018.16,670.5,608.0
130,trip_completion,58.3713923,26.7724377,1521.0,670.5,608.0
130,rider_dropoff_presence,58.3713923,26.7724377,1558.76,670.5,608.0
131,driver_arrival,58.3822208,26.7316233,930.0,1419.5,269.0
131,rider_pickup_presence,58.3822208,26.7316233,1008.65,1419.5,269.0
131,trip_completion,58.3870651,26.7090923,1199.0,1419.5,269.0
131,rider_dropoff_presence,58.3870651,26.7090923,1246.48,1419.5,269.0
132,driver_arrival,58.3668476,26.694584,939.0,312.4,84.0
132,rider_pickup_presence,58.3668476,26.694584,1048.75,312.4,84.0
132,trip_completion,58.3671239,26.6999153,1023.0,312.4,84.0
132,rider_dropoff_presence,58.3671239,26.6999153,1078.06,312.4,84.0
133,driver_arrival,58.3745762,26.7694581,942.0,2472.8,353.0
133,rider_pickup_presence,58.3745762,26.7694581,973.79,2472.8,353.0
133,trip_completion,58.3873834,26.7347795,1295.0,2472.8,353.0
133,rider_dropoff_presence,58.3873834,26.7347795,1324.6,2472.8,353.0
134,driver_arrival,58.3802156,26.7207878,945.0,370.6,161.0
134,rider_pickup_presence,58.3802156,26.7207878,1012.36,370.6,161.0
134,trip_completion,58.3835287,26.7214714,1106.0,370.6,161.0
134,rider_dropoff_presence,58.3835287,26.7214714,1137.53,370.6,161.0
135,driver_arrival,58.3851869,26.7164022,947.0,1127.4,206.0
135,rider_pickup_presence,58.3851869,26.7164022,1017.15,1127.4,206.0
135,trip_completion,58.381432,26.6984376,1153.0,1127.4,206.0
135,rider_dropoff_presence,58.381432,26.6984376,1260.74,1127.4,206.0
136,driver_arrival,58.3735565,26.7710979,954.0,3852.5,755.0
136,rider_pickup_presence,58.3735565,26.7710979,1001.93,3852.5,755.0
136,trip_completion,58.3837862,26.7079641,1709.0,3852.5,755.0
136,rider_dropoff_presence,58.3837862,26.7079641,1735.32,3852.5,755.0
137,driver_arrival,58.3735223,26.7747605,964.0,3009.8,638.0
137,rider_pickup_presence,58.3735223,26.7747605,1083.7,3009.8,638.0
137,trip_completion,58.3893883,26.73293,1602.0,3009.8,638.0
137,rider_dropoff_presence,58.3893883,26.73293,1663.14,3009.8,638.0
138,driver_arrival,58.3681614,26.7285427,994.0,2346.1,363.0
138,rider_pickup_presence,58.3681614,26.7285427,1004.91,2346.1,363.0
138,trip_completion,58.3738342,26.6897905,1357.0,2346.1,363.0
138,rider_dropoff_presence,58.3738342,26.6897905,1362.65,2346.1,363.0
139,driver_arrival,58.3881171,26.6788968,996.0,2119.9,207.0
139,rider_pickup_presence,58.3881171,26.6788968,1009.16,2119.9,207.0
139,trip_completion,58.3716029,26.6970651,1203.0,2119.9,207.0
139,rider_dropoff_presence,58.3716029,26.6970651,1278.29,2119.9,207.0
14,driver_arrival,58.3737531,26.7772225,110.0,3549.0,520.0
14,rider_pickup_presence,58.3737531,26.7772225,205.05,3549.0,520.0
14,trip_completion,58.3834104,26.7192012,630.0,3549.0,520.0
14,rider_dropoff_presence,58.3834104,26.7192012,680.66,3549.0,520.0
140,driver_arrival,58.3804529,26.7489685,1009.0,2047.7,416.0
140,rider_pickup_presence,58.3804529,26.7489685,1016.62,2047.7,416.0
140,trip_completion,58.3706521,26.7787019,1425.0,2047.7,416.0
140,rider_dropoff_presence,58.3706521,26.7787019,1470.79,2047.7,416.0
141,driver_arrival,58.3811938,26.7367009,1015.0,827.0,138.0
141,rider_pickup_presence,58.3811938,26.7367009,1134.53,827.0,138.0
141,trip_completion,58.3738078,26.7350362,1153.0,827.0,138.0
141,rider_dropoff_presence,58.3738078,26.7350362,1216.49,827.0,138.0
142,driver_arrival,58.372505,26.713467,1016.0,1914.7,470.0
142,rider_pickup_presence,58.372505,26.713467,1132.53,1914.7,470.0
142,trip_completion,58.3862825,26.7331683,1486.0,1914.7,470.0
142,rider_dropoff_presence,58.3862825,26.7331683,1589.29,1914.7,470.0
143,driver_arrival,58.3678312,26.726653,1022.0,1652.8,565.0
143,rider_pickup_presence,58.3678312,26.726653,1023.38,1652.8,565.0
143,trip_completion,58.3824676,26.72171,1587.0,1652.8,565.0
143,rider_dropoff_presence,58.3824676,26.72171,1673.49,1652.8,565.0
144,driver_arrival,58.3864409,26.6986144,1022.0,1961.9,715.0
144,rider_pickup_presence,58.3864409,26.6986144,1103.81,1961.9,715.0
144,trip_completion,58.3741484,26.722757,1737.0,1961.9,715.0
144,rider_dropoff_presence,58.3741484,26.722757,1801.44,1961.9,715.0
145,driver_arrival,58.3643032,26.6842472,1024.0,3686.3,707.0
145,rider_pickup_presence,58.3643032,26.6842472,1056.02,3686.3,707.0
145,trip_completion,58.3793394,26.7405893,1731.0,3686.3,707.0
145,rider_dropoff_presence,58.3793394,26.7405893,1807.92,3686.3,707.0
146,driver_arrival,58.3779706,26.7167637,1052.0,1402.6,486.0
146,rider_pickup_presence,58.3779706,26.7167637,1065.39,1402.6,486.0
146,trip_completion,58.365358,26.7163989,1538.0,1402.6,486.0
146,rider_dropoff_presence,58.365358,26.7163989,1590.17,1402.6,486.0
147,driver_arrival,58.3887296,26.7310146,1057.0,1644.0,276.0
147,rider_pickup_presence,58.3887296,26.7310146,1111.45,1644.0,276.0
147,trip_completion,58.3741986,26.7362227,1333.0,1644.0,276.0
147,rider_dropoff_presence,58.3741986,26.7362227,1447.46,1644.0,276.0
148,driver_arrival,58.3713409,26.7245357,1057.0,2344.1,642.0
148,rider_pickup_presence,58.3713409,26.7245357,1162.1,2344.1,642.0
148,trip_completion,58.3724449,26.6843908,1699.0,2344.1,642.0
148,rider_dropoff_presence,58.3724449,26.6843908,1730.61,2344.1,642.0
149,driver_arrival,58.3725881,26.7379901,1060.0,1345.5,338.0
149,rider_pickup_presence,58.3725881,26.7379901,1120.07,1345.5,338.0
149,trip_completion,58.3835869,26.7283696,1398.0,1345.5,338.0
149,rider_dropoff_presence,58.3835869,26.7283696,1419.44,1345.5,338.0
15,driver_arrival,58.383793,26.6945555,112.0,2010.7,440.0
15,rider_pickup_presence,58.383793,26.6945555,221.52,2010.7,440.0
15,trip_completion,58.3823032,26.7289319,552.0,2010.7,440.0
15,rider_dropoff_presence,58.3823032,26.7289319,656.46,2010.7,440.0
150,driver_arrival,58.3713352,26.766033,1062.0,247.7,508.0
150,rider_pickup_presence,58.3713352,26.766033,1097.81,247.7,508.0
150,trip_completion,58.3735613,26.7661682,1570.0,247.7,508.0
150,rider_dropoff_presence,58.3735613,26.7661682,1646.67,247.7,508.0
151,driver_arrival,58.3635926,26.7050532,1064.0,2931.1,661.0
151,rider_pickup_presence,58.3635926,26.7050532,1137.08,2931.1,661.0
151,trip_completion,58.3818676,26.7412805,1725.0,2931.1,661.0
151,rider_dropoff_presence,58.3818676,26.7412805,1743.34,2931.1,661.0
152,driver_arrival,58.3752971,26.7050212,1067.0,2590.2,355.0
152,rider_pickup_presence,58.3752971,26.7050212,1158.5,2590.2,355.0
152,trip_completion,58.3755069,26.7494435,1422.0,2590.2,355.0
152,rider_dropoff_presence,58.3755069,26.7494435,1486.73,2590.2,355.0
153,driver_arrival,58.3751975,26.7368976,1076.0,1185.1,350.0
153,rider_pickup_presence,58.3751975,26.7368976,1169.44,1185.1,350.0
153,trip_completion,58.3752899,26.7572232,1426.0,1185.1,350.0
153,rider_dropoff_presence,58.3752899,26.7572232,1489.64,1185.1,350.0
154,driver_arrival,58.3863877,26.7149602,1077.0,1094.3,295.0
154,rider_pickup_presence,58.3863877,26.7149602,1077.07,1094.3,295.0
154,trip_completion,58.3782181,26.7044922,1372.0,1094.3,295.0
154,rider_dropoff_presence,58.3782181,26.7044922,1410.9,1094.3,295.0
155,driver_arrival,58.3892162,26.711933,1081.0,3086.5,471.0
155,rider_pickup_presence,58.3892162,26.711933,1083.34,3086.5,471.0
155,trip_completion,58.3740356,26.7562604,1552.0,3086.5,471.0
155,rider_dropoff_presence,58.3740356,26.7562604,1663.49,3086.5,471.0
156,driver_arrival,58.3661721,26.7122484,1097.0,534.0,100.0
156,rider_pickup_presence,58.3661721,26.7122484,1202.45,534.0,100.0
156,trip_completion,58.3620663,26.7169964,1197.0,534.0,100.0
156,rider_dropoff_presence,58.3620663,26.7169964,1296.8,534.0,100.0
157,driver_arrival,58.3896066,26.7207349,1108.0,461.6,223.0
157,rider_pickup_presence,58.3896066,26.7207349,1144.9,461.6,223.0
157,trip_completion,58.386136,26.7250789,1331.0,461.6,223.0
157,rider_dropoff_presence,58.386136,26.7250789,1337.95,461.6,223.0
158,driver_arrival,58.3833119,26.7206361,1110.0,796.5,280.0
158,rider_pickup_presence,58.3833119,26.7206361,1215.36,796.5,280.0
158,trip_completion,58.3828709,26.7342736,1390.0,796.5,280.0
158,rider_dropoff_presence,58.3828709,26.7342736,1503.63,796.5,280.0
159,driver_arrival,58.3689327,26.7249655,1122.0,2460.1,694.0
159,rider_pickup_presence,58.3689327,26.7249655,1132.28,2460.1,694.0
159,trip_completion,58.3895173,26.7094974,1816.0,2460.1,694.0
159,rider_dropoff_presence,58.3895173,26.7094974,1874.32,2460.1,694.0
16,driver_arrival,58.3836094,26.7126529,121.0,301.1,155.0
16,rider_pickup_presence,58.3836094,26.7126529,129.31,301.1,155.0
16,trip_completion,58.384692,26.7173869,276.0,301.1,155.0
16,rider_dropoff_presence,58.384692,26.7173869,367.27,301.1,155.0
160,driver_arrival,58.3818941,26.7239529,1126.0,2446.7,738.0
160,rider_pickup_presence,58.3818941,26.7239529,1217.9,2446.7,738.0
160,trip_completion,58.3599333,26.721326,1864.0,2446.7,738.0
160,rider_dropoff_presence,58.3599333,26.721326,1879.41,2446.7,738.0
161,driver_arrival,58.3764521,26.7659023,1129.0,4367.6,962.0
161,rider_pickup_presence,58.3764521,26.7659023,1186.03,4367.6,962.0
161,trip_completion,58.3731028,26.6912677,2091.0,4367.6,962.0
161,rider_dropoff_presence,58.3731028,26.6912677,2156.98,4367.6,962.0
162,driver_arrival,58.3734619,26.7770089,1131.0,3094.3,674.0
162,rider_pickup_presence,58.3734619,26.7770089,1162.81,3094.3,674.0
162,trip_completion,58.3604368,26.730121,1805.0,3094.3,674.0
162,rider_dropoff_presence,58.3604368,26.730121,1909.69,3094.3,674.0
163,driver_arrival,58.3773044,26.7217993,1131.0,2209.2,471.0
163,rider_pickup_presence,58.3773044,26.7217993,1181.78,2209.2,471.0
163,trip_completion,58.3796631,26.7594255,1602.0,2209.2,471.0
163,rider_dropoff_presence,58.3796631,26.7594255,1627.42,2209.2,471.0
164,driver_arrival,58.3848175,26.697268,1144.0,464.1,130.0
164,rider_pickup_presence,58.3848175,26.697268,1208.72,464.1,130.0
164,trip_completion,58.3834182,26.7047695,1274.0,464.1,130.0
164,rider_dropoff_presence,58.3834182,26.7047695,1361.59,464.1,130.0
165,driver_arrival,58.3797406,26.7394822,1153.0,2630.4,940.0
165,rider_pickup_presence,58.3797406,26.7394822,1177.14,2630.4,940.0
165,trip_completion,58.3820751,26.6945812,2093.0,2630.4,940.0
165,rider_dropoff_presence,58.3820751,26.6945812,2130.41,2630.4,940.0
166,driver_arrival,58.3704053,26.697762,1156.0,3592.5,813.0
166,rider_pickup_presence,58.3704053,26.697762,1275.42,3592.5,813.0
166,trip_completion,58.384542,26.7531688,1969.0,3592.5,813.0
166,rider_dropoff_presence,58.384542,26.7531688,2046.99,3592.5,813.0
167,driver_arrival,58.3630248,26.7256276,1157.0,497.5,80.0
167,rider_pickup_presence,58.3630248,26.7256276,1209.57,497.5,80.0
167,trip_completion,58.3674328,26.7241668,1237.0,497.5,80.0
167,rider_dropoff_presence,58.3674328,26.7241668,1299.11,497.5,80.0
168,driver_arrival,58.381162,26.722675,1160.0,2905.9,542.0
168,rider_pickup_presence,58.381162,26.722675,1174.52,2905.9,542.0
168,trip_completion,58.370526,26.7682015,1702.0,2905.9,542.0
168,rider_dropoff_presence,58.370526,26.7682015,1728.96,2905.9,542.0
169,driver_arrival,58.379364,26.7426406,1164.0,2240.0,292.0
169,rider_pickup_presence,58.379364,26.7426406,1204.57,2240.0,292.0
169,trip_completion,58.3742224,26.7797881,1456.0,2240.0,292.0
169,rider_dropoff_presence,58.3742224,26.7797881,1526.6,2240.0,292.0
17,driver_arrival,58.3603749,26.6978142,123.0,778.0,143.0
17,rider_pickup_presence,58.3603749,26.6978142,150.61,778.0,143.0
17,trip_completion,58.3645683,26.6871364,266.0,778.0,143.0
17,rider_dropoff_presence,58.3645683,26.6871364,292.43,778.0,143.0
170,driver_arrival,58.3640217,26.7062585,1165.0,2625.0,673.0
170,rider_pickup_presence,58.3640217,26.7062585,1173.52,2625.0,673.0
170,trip_completion,58.3868994,26.7173633,1838.0,2625.0,673.0
170,rider_dropoff_presence,58.3868994,26.7173633,1913.73,2625.0,673.0
171,driver_arrival,58.3686666,26.769512,1174.0,1341.8,494.0
171,rider_pickup_presence,58.3686666,26.769512,1201.47,1341.8,494.0
171,trip_completion,58.3740751,26.7489424,1668.0,1341.8,494.0
171,rider_dropoff_presence,58.3740751,26.7489424,1776.65,1341.8,494.0
172,driver_arrival,58.3831056,26.6945686,1204.0,2864.0,431.0
172,rider_pickup_presence,58.3831056,26.6945686,1307.16,2864.0,431.0
172,trip_completion,58.3633287,26.7260368,1635.0,2864.0,431.0
172,rider_dropoff_presence,58.3633287,26.7260368,1643.5,2864.0,431.0
173,driver_arrival,58.366829,26.7368857,1205.0,2233.7,268.0
173,rider_pickup_presence,58.366829,26.7368857,1233.56,2233.7,268.0
173,trip_completion,58.3779307,26.7049595,1473.0,2233.7,268.0
173,rider_dropoff_presence,58.3779307,26.7049595,1553.28,2233.7,268.0
174,driver_arrival,58.360739,26.7705995,1214.0,2664.4,494.0
174,rider_pickup_presence,58.360739,26.7705995,1239.71,2664.4,494.0
174,trip_completion,58.3799683,26.7433388,1708.0,2664.4,494.0
174,rider_dropoff_presence,58.3799683,26.7433388,1723.88,2664.4,494.0
175,driver_arrival,58.3617833,26.7095853,1215.0,2816.7,636.0
175,rider_pickup_presence,58.3617833,26.7095853,1327.26,2816.7,636.0
175,trip_completion,58.3794395,26.7442218,1851.0,2816.7,636.0
175,rider_dropoff_presence,58.3794395,26.7442218,1919.53,2816.7,636.0
176,driver_arrival,58.3677659,26.7260517,1227.0,589.5,75.0
176,rider_pickup_presence,58.3677659,26.7260517,1283.72,589.5,75.0
176,trip_completion,58.3676883,26.7361594,1302.0,589.5,75.0
176,rider_dropoff_presence,58.3676883,26.7361594,1396.15,589.5,75.0
177,driver_arrival,58.3636145,26.7097628,1232.0,1829.3,422.0
177,rider_pickup_presence,58.3636145,26.7097628,1328.9,1829.3,422.0
177,trip_completion,58.3777509,26.72581,1654.0,1829.3,422.0
177,rider_dropoff_presence,58.3777509,26.72581,1676.85,1829.3,422.0
178,driver_arrival,58.3735177,26.7306183,1234.0,1170.2,186.0
178,rider_pickup_presence,58.3735177,26.7306183,1245.63,1170.2,186.0
178,trip_completion,58.3814062,26.7439044,1420.0,1170.2,186.0
178,rider_dropoff_presence,58.3814062,26.7439044,1471.73,1170.2,186.0
179,driver_arrival,58.3846049,26.7478736,1235.0,2766.4,358.0
179,rider_pickup_presence,58.3846049,26.7478736,1285.83,2766.4,358.0
179,trip_completion,58.3640847,26.721047,1593.0,2766.4,358.0
179,rider_dropoff_presence,58.3640847,26.721047,1649.04,2766.4,358.0
18,driver_arrival,58.3654896,26.7018842,126.0,2656.0,759.0
18,rider_pickup_presence,58.3654896,26.7018842,213.49,2656.0,759.0
18,trip_completion,58.3807546,26.7369187,885.0,2656.0,759.0
18,rider_dropoff_presence,58.3807546,26.7369187,965.8,2656.0,759.0
180,driver_arrival,58.3860448,26.7084895,1239.0,1059.0,184.0
180,rider_pickup_presence,58.3860448,26.7084895,1357.1,1059.0,184.0
180,trip_completion,58.3844816,26.7264116,1423.0,1059.0,184.0
180,rider_dropoff_presence,58.3844816,26.7264116,1434.81,1059.0,184.0
181,driver_arrival,58.3715583,26.7211265,1241.0,256.0,77.0
181,rider_pickup_presence,58.3715583,26.7211265,1289.31,256.0,77.0
181,trip_completion,58.3699545,26.7242756,1318.0,256.0,77.0
181,rider_dropoff_presence,58.3699545,26.7242756,1358.72,256.0,77.0
182,driver_arrival,58.3762561,26.7453008,1243.0,2626.6,830.0
182,rider_pickup_presence,58.3762561,26.7453008,1346.4,2626.6,830.0
182,trip_completion,58.3637333,26.7071086,2073.0,2626.6,830.0
182,rider_dropoff_presence,58.3637333,26.7071086,2102.84,2626.6,830.0
183,driver_arrival,58.3678869,26.6816563,1256.0,5283.9,1305.0
183,rider_pickup_presence,58.3678869,26.6816563,1278.83,5283.9,1305.0
183,trip_completion,58.3674982,26.7722581,2561.0,5283.9,1305.0
183,rider_dropoff_presence,58.3674982,26.7722581,2614.83,5283.9,1305.0
184,driver_arrival,58.3747615,26.692818,1263.0,1752.6,309.0
184,rider_pickup_presence,58.3747615,26.692818,1313.63,1752.6,309.0
184,trip_completion,58.3801528,26.7210656,1572.0,1752.6,309.0
184,rider_dropoff_presence,58.3801528,26.7210656,1605.43,1752.6,309.0
185,driver_arrival,58.3840184,26.7120009,1263.0,3636.9,855.0
185,rider_pickup_presence,58.3840184,26.7120009,1292.98,3636.9,855.0
185,trip_completion,58.3725821,26.7704458,2118.0,3636.9,855.0
185,rider_dropoff_presence,58.3725821,26.7704458,2228.79,3636.9,855.0
186,driver_arrival,58.3895027,26.7124274,1272.0,821.6,124.0
186,rider_pickup_presence,58.3895027,26.7124274,1325.18,821.6,124.0
186,trip_completion,58.3825215,26.7170453,1396.0,821.6,124.0
186,rider_dropoff_presence,58.3825215,26.7170453,1499.36,821.6,124.0
187,driver_arrival,58.382879,26.721596,1273.0,3096.2,566.0
187,rider_pickup_presence,58.382879,26.721596,1339.04,3096.2,566.0
187,trip_completion,58.3642682,26.6820993,1839.0,3096.2,566.0
187,rider_dropoff_presence,58.3642682,26.6820993,1845.07,3096.2,566.0
188,driver_arrival,58.3822705,26.7610991,1275.0,2572.2,480.0
188,rider_pickup_presence,58.3822705,26.7610991,1394.91,2572.2,480.0
188,trip_completion,58.3795426,26.7172848,1755.0,2572.2,480.0
188,rider_dropoff_presence,58.3795426,26.7172848,1855.32,2572.2,480.0
189,driver_arrival,58.3728178,26.7257076,1275.0,974.2,204.0
189,rider_pickup_presence,58.3728178,26.7257076,1391.28,974.2,204.0
189,trip_completion,58.3642646,26.722087,1479.0,974.2,204.0
189,rider_dropoff_presence,58.3642646,26.722087,1590.16,974.2,204.0
19,driver_arrival,58.3715429,26.7636551,141.0,1168.4,155.0
19,rider_pickup_presence,58.3715429,26.7636551,242.84,1168.4,155.0
19,trip_completion,58.3624939,26.7738379,296.0,1168.4,155.0
19,rider_dropoff_presence,58.3624939,26.7738379,315.96,1168.4,155.0
190,driver_arrival,58.3707354,26.7396666,1275.0,750.5,189.0
190,rider_pickup_presence,58.3707354,26.7396666,1333.28,750.5,189.0
190,trip_completion,58.3756927,26.7484013,1464.0,750.5,189.0
190,rider_dropoff_presence,58.3756927,26.7484013,1489.65,750.5,189.0
191,driver_arrival,58.3801457,26.7255183,1281.0,2354.4,876.0
191,rider_pickup_presence,58.3801457,26.7255183,1329.12,2354.4,876.0
191,trip_completion,58.3610423,26.7081072,2157.0,2354.4,876.0
191,rider_dropoff_presence,58.3610423,26.7081072,2164.04,2354.4,876.0
192,driver_arrival,58.3708304,26.7677795,1284.0,4128.4,767.0
192,rider_pickup_presence,58.3708304,26.7677795,1329.48,4128.4,767.0
192,trip_completion,58.3876938,26.7046902,2051.0,4128.4,767.0
192,rider_dropoff_presence,58.3876938,26.7046902,2169.24,4128.4,767.0
193,driver_arrival,58.3658664,26.737982,1287.0,653.2,62.0
193,rider_pickup_presence,58.3658664,26.737982,1318.82,653.2,62.0
193,trip_completion,58.3601882,26.7408512,1349.0,653.2,62.0
193,rider_dropoff_presence,58.3601882,26.7408512,1443.09,653.2,62.0
194,driver_arrival,58.3600223,26.717311,1295.0,2211.8,313.0
194,rider_pickup_presence,58.3600223,26.717311,1349.6,2211.8,313.0
194,trip_completion,58.3758712,26.6943941,1608.0,2211.8,313.0
194,rider_dropoff_presence,58.3758712,26.6943941,1658.76,2211.8,313.0
195,driver_arrival,58.3630584,26.7346711,1298.0,3001.2,642.0
195,rider_pickup_presence,58.3630584,26.7346711,1412.88,3001.2,642.0
195,trip_completion,58.3693685,26.684636,1940.0,3001.2,642.0
195,rider_dropoff_presence,58.3693685,26.684636,2059.45,3001.2,642.0
196,driver_arrival,58.3870109,26.6968879,1298.0,1096.4,246.0
196,rider_pickup_presence,58.3870109,26.6968879,1364.69,1096.4,246.0
196,trip_completion,58.3876389,26.7156607,1544.0,1096.4,246.0
196,rider_dropoff_presence,58.3876389,26.7156607,1630.21,1096.4,246.0
197,driver_arrival,58.3843697,26.753023,1301.0,2836.1,477.0
197,rider_pickup_presence,58.3843697,26.753023,1319.58,2836.1,477.0
197,trip_completion,58.3715915,26.7109214,1778.0,2836.1,477.0
197,rider_dropoff_presence,58.3715915,26.7109214,1813.6,2836.1,477.0
198,driver_arrival,58.358641,26.7095871,1313.0,2446.7,396.0
198,rider_pickup_presence,58.358641,26.7095871,1429.25,2446.7,396.0
198,trip_completion,58.3796966,26.7217715,1709.0,2446.7,396.0
198,rider_dropoff_presence,58.3796966,26.7217715,1778.5,2446.7,396.0
199,driver_arrival,58.3838994,26.7086293,1319.0,760.5,149.0
199,rider_pickup_presence,58.3838994,26.7086293,1384.06,760.5,149.0
199,trip_completion,58.3807252,26.7201853,1468.0,760.5,149.0
199,rider_dropoff_presence,58.3807252,26.7201853,1557.76,760.5,149.0
2,driver_arrival,58.372585,26.737593,17.0,3174.4,942.0
2,rider_pickup_presence,58.372585,26.737593,23.86,3174.4,942.0
2,trip_completion,58.3766641,26.6837087,959.0,3174.4,942.0
2,rider_dropoff_presence,58.3766641,26.6837087,1029.1,3174.4,942.0
20,driver_arrival,58.3700152,26.6900734,150.0,2678.7,804.0
20,rider_pickup_presence,58.3700152,26.6900734,210.34,2678.7,804.0
20,trip_completion,58.3830119,26.7287584,954.0,2678.7,804.0
20,rider_dropoff_presence,58.3830119,26.7287584,1056.33,2678.7,804.0
200,driver_arrival,58.3831062,26.7334984,1330.0,2568.1,359.0
200,rider_pickup_presence,58.3831062,26.7334984,1348.89,2568.1,359.0
200,trip_completion,58.3694066,26.7689597,1689.0,2568.1,359.0
200,rider_dropoff_presence,58.3694066,26.7689597,1804.29,2568.1,359.0
201,driver_arrival,58.3821788,26.7165447,1338.0,2258.1,400.0
201,rider_pickup_presence,58.3821788,26.7165447,1347.61,2258.1,400.0
201,trip_completion,58.3622758,26.7088508,1738.0,2258.1,400.0
201,rider_dropoff_presence,58.3622758,26.7088508,1760.3,2258.1,400.0
202,driver_arrival,58.3898003,26.7106108,1345.0,2756.6,334.0
202,rider_pickup_presence,58.3898003,26.7106108,1416.4,2756.6,334.0
202,trip_completion,58.3762231,26.7501773,1679.0,2756.6,334.0
202,rider_dropoff_presence,58.3762231,26.7501773,1760.03,2756.6,334.0
203,driver_arrival,58.3690137,26.7413845,1350.0,2223.0,372.0
203,rider_pickup_presence,58.3690137,26.7413845,1378.22,2223.0,372.0
203,trip_completion,58.3746789,26.7779456,1722.0,2223.0,372.0
203,rider_dropoff_presence,58.3746789,26.7779456,1736.39,2223.0,372.0
204,driver_arrival,58.3647803,26.7023352,1364.0,2147.6,330.0
204,rider_pickup_presence,58.3647803,26.7023352,1470.83,2147.6,330.0
204,trip_completion,58.384005,26.7058655,1694.0,2147.6,330.0
204,rider_dropoff_presence,58.384005,26.7058655,1723.55,2147.6,330.0
205,driver_arrival,58.383567,26.7370548,1399.0,3278.2,812.0
205,rider_pickup_presence,58.383567,26.7370548,1470.34,3278.2,812.0
205,trip_completion,58.3651285,26.6931839,2211.0,3278.2,812.0
205,rider_dropoff_presence,58.3651285,26.6931839,2285.33,3278.2,812.0
206,driver_arrival,58.3732362,26.7011275,1406.0,1387.8,220.0
206,rider_pickup_presence,58.3732362,26.7011275,1456.31,1387.8,220.0
206,trip_completion,58.3825181,26.7170404,1626.0,1387.8,220.0
206,rider_dropoff_presence,58.3825181,26.7170404,1696.04,1387.8,220.0
207,driver_arrival,58.3719419,26.6931689,1410.0,4742.8,1351.0
207,rider_pickup_presence,58.3719419,26.6931689,1472.73,4742.8,1351.0
207,trip_completion,58.3736272,26.7744435,2761.0,4742.8,1351.0
207,rider_dropoff_presence,58.3736272,26.7744435,2873.16,4742.8,1351.0
208,driver_arrival,58.3692214,26.7214307,1410.0,2350.4,340.0
208,rider_pickup_presence,58.3692214,26.7214307,1434.51,2350.4,340.0
208,trip_completion,58.3779564,26.6847235,1750.0,2350.4,340.0
208,rider_dropoff_presence,58.3779564,26.6847235,1835.94,2350.4,340.0
209,driver_arrival,58.3715541,26.7683049,1414.0,2394.2,693.0
209,rider_pickup_presence,58.3715541,26.7683049,1442.64,2394.2,693.0
209,trip_completion,58.3778849,26.7290571,2107.0,2394.2,693.0
209,rider_dropoff_presence,58.3778849,26.7290571,2154.49,2394.2,693.0
21,driver_arrival,58.381421,26.7184396,156.0,1421.9,472.0
21,rider_pickup_presence,58.381421,26.7184396,236.6,1421.9,472.0
21,trip_completion,58.3686362,26.7179756,628.0,1421.9,472.0
21,rider_dropoff_presence,58.3686362,26.7179756,664.0,1421.9,472.0
210,driver_arrival,58.3830486,26.7215715,1430.0,1584.8,467.0
210,rider_pickup_presence,58.3830486,26.7215715,1467.94,1584.8,467.0
210,trip_completion,58.3688993,26.72483,1897.0,1584.8,467.0
210,rider_dropoff_presence,58.3688993,26.72483,1987.22,1584.8,467.0
211,driver_arrival,58.3706185,26.7315492,1436.0,2257.3,879.0
211,rider_pickup_presence,58.3706185,26.7315492,1444.71,2257.3,879.0
211,trip_completion,58.3873008,26.7094877,2315.0,2257.3,879.0
211,rider_dropoff_presence,58.3873008,26.7094877,2369.99,2257.3,879.0
212,driver_arrival,58.3705928,26.7787524,1446.0,2394.0,321.0
212,rider_pickup_presence,58.3705928,26.7787524,1565.81,2394.0,321.0
212,trip_completion,58.3646476,26.7392977,1767.0,2394.0,321.0
212,rider_dropoff_presence,58.3646476,26.7392977,1886.53,2394.0,321.0
213,driver_arrival,58.376819,26.7459827,1459.0,1587.8,423.0
213,rider_pickup_presence,58.376819,26.7459827,1467.79,1587.8,423.0
213,trip_completion,58.3831376,26.7215589,1882.0,1587.8,423.0
213,rider_dropoff_presence,58.3831376,26.7215589,1907.58,1587.8,423.0
214,driver_arrival,58.3647369,26.7256596,1486.0,1958.1,580.0
214,rider_pickup_presence,58.3647369,26.7256596,1517.82,1958.1,580.0
214,trip_completion,58.3813658,26.7367087,2066.0,1958.1,580.0
214,rider_dropoff_presence,58.3813658,26.7367087,2177.99,1958.1,580.0
215,driver_arrival,58.3647534,26.7301405,1494.0,2482.0,204.0
215,rider_pickup_presence,58.3647534,26.7301405,1599.7,2482.0,204.0
215,trip_completion,58.3800413,26.7611543,1698.0,2482.0,204.0
215,rider_dropoff_presence,58.3800413,26.7611543,1803.51,2482.0,204.0
216,driver_arrival,58.3749091,26.7152705,1495.0,1637.3,470.0
216,rider_pickup_presence,58.3749091,26.7152705,1539.34,1637.3,470.0
216,trip_completion,58.3894177,26.7200615,1965.0,1637.3,470.0
216,rider_dropoff_presence,58.3894177,26.7200615,1983.93,1637.3,470.0
217,driver_arrival,58.3729527,26.7140526,1503.0,1511.1,333.0
217,rider_pickup_presence,58.3729527,26.7140526,1603.05,1511.1,333.0
217,trip_completion,58.3839933,26.7291641,1836.0,1511.1,333.0
217,rider_dropoff_presence,58.3839933,26.7291641,1920.42,1511.1,333.0
218,driver_arrival,58.3755467,26.6956624,1509.0,4238.2,1072.0
218,rider_pickup_presence,58.3755467,26.6956624,1582.4,4238.2,1072.0
218,trip_completion,58.3707841,26.7677775,2581.0,4238.2,1072.0
218,rider_dropoff_presence,58.3707841,26.7677775,2699.47,4238.2,1072.0
219,driver_arrival,58.3773309,26.7250702,1510.0,1394.3,260.0
219,rider_pickup_presence,58.3773309,26.7250702,1588.48,1394.3,260.0
219,trip_completion,58.3888214,26.7346476,1770.0,1394.3,260.0
219,rider_dropoff_presence,58.3888214,26.7346476,1770.94,1394.3,260.0
22,driver_arrival,58.3759996,26.7495968,159.0,2311.3,358.0
22,rider_pickup_presence,58.3759996,26.7495968,257.05,2311.3,358.0
22,trip_completion,58.3716448,26.7108363,517.0,2311.3,358.0
22,rider_dropoff_presence,58.3716448,26.7108363,552.93,2311.3,358.0
220,driver_arrival,58.3647823,26.7384927,1519.0,544.6,62.0
220,rider_pickup_presence,58.3647823,26.7384927,1598.61,544.6,62.0
220,trip_completion,58.3682083,26.7451661,1581.0,544.6,62.0
220,rider_dropoff_presence,58.3682083,26.7451661,1693.67,544.6,62.0
221,driver_arrival,58.3751713,26.6899562,1525.0,4723.0,1137.0
221,rider_pickup_presence,58.3751713,26.6899562,1541.11,4723.0,1137.0
221,trip_completion,58.3679755,26.7697807,2662.0,4723.0,1137.0
221,rider_dropoff_presence,58.3679755,26.7697807,2675.85,4723.0,1137.0
222,driver_arrival,58.3780162,26.7287453,1527.0,971.6,339.0
222,rider_pickup_presence,58.3780162,26.7287453,1539.84,971.6,339.0
222,trip_completion,58.369718,26.7235259,1866.0,971.6,339.0
222,rider_dropoff_presence,58.369718,26.7235259,1932.39,971.6,339.0
223,driver_arrival,58.3796205,26.7400265,1534.0,2423.7,473.0
223,rider_pickup_presence,58.3796205,26.7400265,1566.68,2423.7,473.0
223,trip_completion,58.381588,26.6986214,2007.0,2423.7,473.0
223,rider_dropoff_presence,58.381588,26.6986214,2079.58,2423.7,473.0
224,driver_arrival,58.3601525,26.7252132,1543.0,2210.1,387.0
224,rider_pickup_presence,58.3601525,26.7252132,1629.11,2210.1,387.0
224,trip_completion,58.3766509,26.7463482,1930.0,2210.1,387.0
224,rider_dropoff_presence,58.3766509,26.7463482,1954.43,2210.1,387.0
225,driver_arrival,58.3708996,26.7791255,1544.0,4151.4,839.0
225,rider_pickup_presence,58.3708996,26.7791255,1620.11,4151.4,839.0
225,trip_completion,58.3597375,26.7112009,2383.0,4151.4,839.0
225,rider_dropoff_presence,58.3597375,26.7112009,2414.68,4151.4,839.0
226,driver_arrival,58.3658276,26.7214364,1546.0,3513.7,326.0
226,rider_pickup_presence,58.3658276,26.7214364,1604.62,3513.7,326.0
226,trip_completion,58.3763693,26.7782406,1872.0,3513.7,326.0
226,rider_dropoff_presence,58.3763693,26.7782406,1980.64,3513.7,326.0
227,driver_arrival,58.3823063,26.7374547,1549.0,2942.2,507.0
227,rider_pickup_presence,58.3823063,26.7374547,1650.53,2942.2,507.0
227,trip_completion,58.360225,26.7096539,2056.0,2942.2,507.0
227,rider_dropoff_presence,58.360225,26.7096539,2067.08,2942.2,507.0
228,driver_arrival,58.3891025,26.7328179,1552.0,2440.9,576.0
228,rider_pickup_presence,58.3891025,26.7328179,1602.83,2440.9,576.0
228,trip_completion,58.3748778,26.7647096,2128.0,2440.9,576.0
228,rider_dropoff_presence,58.3748778,26.7647096,2161.2,2440.9,576.0
229,driver_arrival,58.3692984,26.7703694,1553.0,3433.4,689.0
229,rider_pickup_presence,58.3692984,26.7703694,1553.43,3433.4,689.0
229,trip_completion,58.3725472,26.7118174,2242.0,3433.4,689.0
229,rider_dropoff_presence,58.3725472,26.7118174,2334.53,3433.4,689.0
23,driver_arrival,58.3783098,26.6825626,168.0,3323.7,562.0
23,rider_pickup_presence,58.3783098,26.6825626,244.45,3323.7,562.0
23,trip_completion,58.3847013,26.7382597,730.0,3323.7,562.0
23,rider_dropoff_presence,58.3847013,26.7382597,761.43,3323.7,562.0
230,driver_arrival,58.3745952,26.7188344,1557.0,1728.3,281.0
230,rider_pickup_presence,58.3745952,26.7188344,1645.95,1728.3,281.0
230,trip_completion,58.3756958,26.7484021,1838.0,1728.3,281.0
230,rider_dropoff_presence,58.3756958,26.7484021,1904.2,1728.3,281.0
231,driver_arrival,58.3771354,26.768916,1557.0,430.7,174.0
231,rider_pickup_presence,58.3771354,26.768916,1608.32,430.7,174.0
231,trip_completion,58.3734539,26.7712097,1731.0,430.7,174.0
231,rider_dropoff_presence,58.3734539,26.7712097,1732.16,430.7,174.0
232,driver_arrival,58.3638989,26.7069453,1559.0,3522.4,1039.0
232,rider_pickup_presence,58.3638989,26.7069453,1568.03,3522.4,1039.0
232,trip_completion,58.3711827,26.7657268,2598.0,3522.4,1039.0
232,rider_dropoff_presence,58.3711827,26.7657268,2703.97,3522.4,1039.0
233,driver_arrival,58.3833498,26.7488111,1565.0,2433.2,318.0
233,rider_pickup_presence,58.3833498,26.7488111,1673.47,2433.2,318.0
233,trip_completion,58.3684239,26.7182945,1883.0,2433.2,318.0
233,rider_dropoff_presence,58.3684239,26.7182945,1948.47,2433.2,318.0
234,driver_arrival,58.3761765,26.6846764,1565.0,1467.5,266.0
234,rider_pickup_presence,58.3761765,26.6846764,1665.15,1467.5,266.0
234,trip_completion,58.3783833,26.7094935,1831.0,1467.5,266.0
234,rider_dropoff_presence,58.3783833,26.7094935,1900.9,1467.5,266.0
235,driver_arrival,58.373155,26.7708125,1566.0,2518.6,479.0
235,rider_pickup_presence,58.373155,26.7708125,1583.77,2518.6,479.0
235,trip_completion,58.369015,26.7283485,2045.0,2518.6,479.0
235,rider_dropoff_presence,58.369015,26.7283485,2060.29,2518.6,479.0
236,driver_arrival,58.3878661,26.7118883,1576.0,4126.5,653.0
236,rider_pickup_presence,58.3878661,26.7118883,1612.99,4126.5,653.0
236,trip_completion,58.3650279,26.7676747,2229.0,4126.5,653.0
236,rider_dropoff_presence,58.3650279,26.7676747,2336.88,4126.5,653.0
237,driver_arrival,58.3810626,26.7380251,1584.0,875.5,181.0
237,rider_pickup_presence,58.3810626,26.7380251,1679.53,875.5,181.0
237,trip_completion,58.3889359,26.7379939,1765.0,875.5,181.0
237,rider_dropoff_presence,58.3889359,26.7379939,1868.28,875.5,181.0
238,driver_arrival,58.3827328,26.7298167,1589.0,2761.2,343.0
238,rider_pickup_presence,58.3827328,26.7298167,1696.87,2761.2,343.0
238,trip_completion,58.3775474,26.683496,1932.0,2761.2,343.0
238,rider_dropoff_presence,58.3775474,26.683496,1957.21,2761.2,343.0
239,driver_arrival,58.3773946,26.747873,1590.0,1833.1,573.0
239,rider_pickup_presence,58.3773946,26.747873,1619.94,1833.1,573.0
239,trip_completion,58.3794144,26.7166668,2163.0,1833.1,573.0
239,rider_dropoff_presence,58.3794144,26.7166668,2175.34,1833.1,573.0
24,driver_arrival,58.3912035,26.7305504,172.0,3420.7,674.0
24,rider_pickup_presence,58.3912035,26.7305504,265.61,3420.7,674.0
24,trip_completion,58.3641783,26.7025203,846.0,3420.7,674.0
24,rider_dropoff_presence,58.3641783,26.7025203,952.1,3420.7,674.0
240,driver_arrival,58.3644747,26.7678147,1593.0,4879.4,789.0
240,rider_pickup_presence,58.3644747,26.7678147,1641.77,4879.4,789.0
240,trip_completion,58.3729886,26.6857324,2382.0,4879.4,789.0
240,rider_dropoff_presence,58.3729886,26.6857324,2456.48,4879.4,789.0
241,driver_arrival,58.3688847,26.7176028,1599.0,3069.3,238.0
241,rider_pickup_presence,58.3688847,26.7176028,1617.55,3069.3,238.0
241,trip_completion,58.3877529,26.6791773,1837.0,3069.3,238.0
241,rider_dropoff_presence,58.3877529,26.6791773,1948.59,3069.3,238.0
242,driver_arrival,58.3876909,26.7076418,1608.0,2361.7,366.0
242,rider_pickup_presence,58.3876909,26.7076418,1711.75,2361.7,366.0
242,trip_completion,58.381394,26.746336,1974.0,2361.7,366.0
242,rider_dropoff_presence,58.381394,26.746336,2091.14,2361.7,366.0
243,driver_arrival,58.3869876,26.6965665,1609.0,2052.7,507.0
243,rider_pickup_presence,58.3869876,26.6965665,1706.29,2052.7,507.0
243,trip_completion,58.3786219,26.7279567,2116.0,2052.7,507.0
243,rider_dropoff_presence,58.3786219,26.7279567,2221.77,2052.7,507.0
244,driver_arrival,58.3604112,26.732666,1617.0,2360.8,761.0
244,rider_pickup_presence,58.3604112,26.732666,1619.97,2360.8,761.0
244,trip_completion,58.3734323,26.7646405,2378.0,2360.8,761.0
244,rider_dropoff_presence,58.3734323,26.7646405,2466.39,2360.8,761.0
245,driver_arrival,58.3778815,26.748713,1624.0,758.0,157.0
245,rider_pickup_presence,58.3778815,26.748713,1663.86,758.0,157.0
245,trip_completion,58.3820788,26.7589586,1781.0,758.0,157.0
245,rider_dropoff_presence,58.3820788,26.7589586,1892.7,758.0,157.0
246,driver_arrival,58.3685678,26.6835258,1660.0,3934.0,590.0
246,rider_pickup_presence,58.3685678,26.6835258,1756.27,3934.0,590.0
246,trip_completion,58.3778709,26.7486197,2250.0,3934.0,590.0
246,rider_dropoff_presence,58.3778709,26.7486197,2353.69,3934.0,590.0
247,driver_arrival,58.3670295,26.6989996,1662.0,4258.9,707.0
247,rider_pickup_presence,58.3670295,26.6989996,1759.29,4258.9,707.0
247,trip_completion,58.3794825,26.7680724,2369.0,4258.9,707.0
247,rider_dropoff_presence,58.3794825,26.7680724,2401.02,4258.9,707.0
248,driver_arrival,58.3778835,26.6834432,1662.0,1376.5,91.0
248,rider_pickup_presence,58.3778835,26.6834432,1756.48,1376.5,91.0
248,trip_completion,58.3668996,26.6943309,1753.0,1376.5,91.0
248,rider_dropoff_presence,58.3668996,26.6943309,1765.97,1376.5,91.0
249,driver_arrival,58.3706245,26.7140834,1673.0,3397.7,1044.0
249,rider_pickup_presence,58.3706245,26.7140834,1777.66,3397.7,1044.0
249,trip_completion,58.3734219,26.7721068,2717.0,3397.7,1044.0
249,rider_dropoff_presence,58.3734219,26.7721068,2820.03,3397.7,1044.0
25,driver_arrival,58.3632236,26.7305328,177.0,875.2,235.0
25,rider_pickup_presence,58.3632236,26.7305328,203.69,875.2,235.0
25,trip_completion,58.3704791,26.7247164,412.0,875.2,235.0
25,rider_dropoff_presence,58.3704791,26.7247164,509.99,875.2,235.0
250,driver_arrival,58.368342,26.7472968,1674.0,1639.8,297.0
250,rider_pickup_presence,58.368342,26.7472968,1729.24,1639.8,297.0
250,trip_completion,58.3830846,26.7465783,1971.0,1639.8,297.0
250,rider_dropoff_presence,58.3830846,26.7465783,2007.62,1639.8,297.0
251,driver_arrival,58.3817262,26.7289583,1685.0,1253.7,479.0
251,rider_pickup_presence,58.3817262,26.7289583,1780.44,1253.7,479.0
251,trip_completion,58.3762017,26.7102124,2164.0,1253.7,479.0
251,rider_dropoff_presence,58.3762017,26.7102124,2191.31,1253.7,479.0
252,driver_arrival,58.3792809,26.7633492,1693.0,646.3,245.0
252,rider_pickup_presence,58.3792809,26.7633492,1695.84,646.3,245.0
252,trip_completion,58.3798788,26.7523216,1938.0,646.3,245.0
252,rider_dropoff_presence,58.3798788,26.7523216,1961.18,646.3,245.0
253,driver_arrival,58.3603854,26.7320062,1709.0,2515.0,565.0
253,rider_pickup_presence,58.3603854,26.7320062,1748.39,2515.0,565.0
253,trip_completion,58.3736548,26.7669295,2274.0,2515.0,565.0
253,rider_dropoff_presence,58.3736548,26.7669295,2377.72,2515.0,565.0
254,driver_arrival,58.3626909,26.7591863,1724.0,3591.3,722.0
254,rider_pickup_presence,58.3626909,26.7591863,1840.03,3591.3,722.0
254,trip_completion,58.3605461,26.6977511,2446.0,3591.3,722.0
254,rider_dropoff_presence,58.3605461,26.6977511,2479.49,3591.3,722.0
255,driver_arrival,58.3806094,26.7491685,1732.0,2843.0,610.0
255,rider_pickup_presence,58.3806094,26.7491685,1808.98,2843.0,610.0
255,trip_completion,58.3846211,26.7010015,2342.0,2843.0,610.0
255,rider_dropoff_presence,58.3846211,26.7010015,2389.96,2843.0,610.0
256,driver_arrival,58.382275,26.737034,1735.0,2489.2,642.0
256,rider_pickup_presence,58.382275,26.737034,1852.74,2489.2,642.0
256,trip_completion,58.3714281,26.7743813,2377.0,2489.2,642.0
256,rider_dropoff_presence,58.3714281,26.7743813,2441.35,2489.2,642.0
257,driver_arrival,58.3597222,26.727321,1735.0,1152.0,152.0
257,rider_pickup_presence,58.3597222,26.727321,1847.71,1152.0,152.0
257,trip_completion,58.3699608,26.7242985,1887.0,1152.0,152.0
257,rider_dropoff_presence,58.3699608,26.7242985,1900.84,1152.0,152.0
258,driver_arrival,58.3626733,26.7731527,1742.0,4982.0,852.0
258,rider_pickup_presence,58.3626733,26.7731527,1858.45,4982.0,852.0
258,trip_completion,58.3637958,26.6877627,2594.0,4982.0,852.0
258,rider_dropoff_presence,58.3637958,26.6877627,2615.43,4982.0,852.0
259,driver_arrival,58.3656472,26.7650943,1744.0,202.8,75.0
259,rider_pickup_presence,58.3656472,26.7650943,1859.5,202.8,75.0
259,trip_completion,58.3664662,26.7619866,1819.0,202.8,75.0
259,rider_dropoff_presence,58.3664662,26.7619866,1850.86,202.8,75.0
26,driver_arrival,58.3894821,26.7100409,178.0,1071.5,230.0
26,rider_pickup_presence,58.3894821,26.7100409,191.01,1071.5,230.0
26,trip_completion,58.3849279,26.7262414,408.0,1071.5,230.0
26,rider_dropoff_presence,58.3849279,26.7262414,460.15,1071.5,230.0
260,driver_arrival,58.3862939,26.7324358,1772.0,2983.0,521.0
260,rider_pickup_presence,58.3862939,26.7324358,1859.43,2983.0,521.0
260,trip_completion,58.3695288,26.7723791,2293.0,2983.0,521.0
260,rider_dropoff_presence,58.3695288,26.7723791,2330.64,2983.0,521.0
261,driver_arrival,58.3800262,26.761093,1773.0,2533.2,325.0
261,rider_pickup_presence,58.3800262,26.761093,1845.75,2533.2,325.0
261,trip_completion,58.3845333,26.7184958,2098.0,2533.2,325.0
261,rider_dropoff_presence,58.3845333,26.7184958,2159.37,2533.2,325.0
262,driver_arrival,58.3892705,26.733357,1776.0,1567.0,330.0
262,rider_pickup_presence,58.3892705,26.733357,1822.22,1567.0,330.0
262,trip_completion,58.3752593,26.7304762,2106.0,1567.0,330.0
262,rider_dropoff_presence,58.3752593,26.7304762,2175.19,1567.0,330.0
263,driver_arrival,58.384176,26.7394977,1793.0,427.4,64.0
263,rider_pickup_presence,58.384176,26.7394977,1823.57,427.4,64.0
263,trip_completion,58.380748,26.736183,1857.0,427.4,64.0
263,rider_dropoff_presence,58.380748,26.736183,1942.05,427.4,64.0
264,driver_arrival,58.3759836,26.7203753,1803.0,2117.2,221.0
264,rider_pickup_presence,58.3759836,26.7203753,1803.2,2117.2,221.0
264,trip_completion,58.3602632,26.7408598,2024.0,2117.2,221.0
264,rider_dropoff_presence,58.3602632,26.7408598,2135.07,2117.2,221.0
265,driver_arrival,58.3735478,26.7342646,1809.0,982.7,162.0
265,rider_pickup_presence,58.3735478,26.7342646,1873.61,982.7,162.0
265,trip_completion,58.3678857,26.721326,1971.0,982.7,162.0
265,rider_dropoff_presence,58.3678857,26.721326,2057.33,982.7,162.0
266,driver_arrival,58.3759262,26.7167326,1819.0,1597.4,254.0
266,rider_pickup_presence,58.3759262,26.7167326,1908.03,1597.4,254.0
266,trip_completion,58.3633732,26.7300534,2073.0,1597.4,254.0
266,rider_dropoff_presence,58.3633732,26.7300534,2153.48,1597.4,254.0
267,driver_arrival,58.3674519,26.7242842,1820.0,2065.8,432.0
267,rider_pickup_presence,58.3674519,26.7242842,1863.71,2065.8,432.0
267,trip_completion,58.3854813,26.7157329,2252.0,2065.8,432.0
267,rider_dropoff_presence,58.3854813,26.7157329,2260.4,2065.8,432.0
268,driver_arrival,58.3751798,26.7473654,1820.0,1642.8,141.0
268,rider_pickup_presence,58.3751798,26.7473654,1899.71,1642.8,141.0
268,trip_completion,58.3613559,26.7374272,1961.0,1642.8,141.0
268,rider_dropoff_presence,58.3613559,26.7374272,2000.62,1642.8,141.0
269,driver_arrival,58.3729362,26.7696185,1826.0,3800.2,762.0
269,rider_pickup_presence,58.3729362,26.7696185,1863.67,3800.2,762.0
269,trip_completion,58.3777998,26.7051048,2588.0,3800.2,762.0
269,rider_dropoff_presence,58.3777998,26.7051048,2689.76,3800.2,762.0
27,driver_arrival,58.3749602,26.7658229,178.0,2412.0,701.0
27,rider_pickup_presence,58.3749602,26.7658229,264.37,2412.0,701.0
27,trip_completion,58.3637926,26.7303636,879.0,2412.0,701.0
27,rider_dropoff_presence,58.3637926,26.7303636,915.04,2412.0,701.0
270,driver_arrival,58.3638441,26.7401518,1832.0,2864.1,436.0
270,rider_pickup_presence,58.3638441,26.7401518,1869.11,2864.1,436.0
270,trip_completion,58.371757,26.6934156,2268.0,2864.1,436.0
270,rider_dropoff_presence,58.371757,26.6934156,2317.01,2864.1,436.0
271,driver_arrival,58.3719334,26.6968867,1834.0,2580.0,488.0
271,rider_pickup_presence,58.3719334,26.6968867,1882.29,2580.0,488.0
271,trip_completion,58.3704859,26.7410452,2322.0,2580.0,488.0
271,rider_dropoff_presence,58.3704859,26.7410452,2357.48,2580.0,488.0
272,driver_arrival,58.3741015,26.7629033,1836.0,737.9,503.0
272,rider_pickup_presence,58.3741015,26.7629033,1851.27,737.9,503.0
272,trip_completion,58.3705935,26.7736443,2339.0,737.9,503.0
272,rider_dropoff_presence,58.3705935,26.7736443,2389.45,737.9,503.0
273,driver_arrival,58.3715742,26.7344807,1850.0,832.7,184.0
273,rider_pickup_presence,58.3715742,26.7344807,1962.84,832.7,184.0
273,trip_completion,58.3685649,26.7214044,2034.0,832.7,184.0
273,rider_dropoff_presence,58.3685649,26.7214044,2115.28,832.7,184.0
274,driver_arrival,58.377827,26.7468186,1850.0,1698.0,673.0
274,rider_pickup_presence,58.377827,26.7468186,1958.34,1698.0,673.0
274,trip_completion,58.3687234,26.770199,2523.0,1698.0,673.0
274,rider_dropoff_presence,58.3687234,26.770199,2596.86,1698.0,673.0
275,driver_arrival,58.379643,26.712575,1867.0,1940.9,211.0
275,rider_pickup_presence,58.379643,26.712575,1903.11,1940.9,211.0
275,trip_completion,58.3716552,26.6829756,2078.0,1940.9,211.0
275,rider_dropoff_presence,58.3716552,26.6829756,2143.75,1940.9,211.0
276,driver_arrival,58.3784405,26.7333182,1872.0,2007.4,247.0
276,rider_pickup_presence,58.3784405,26.7333182,1872.05,2007.4,247.0
276,trip_completion,58.3603959,26.7322748,2119.0,2007.4,247.0
276,rider_dropoff_presence,58.3603959,26.7322748,2153.43,2007.4,247.0
277,driver_arrival,58.3845555,26.7566028,1872.0,1374.6,161.0
277,rider_pickup_presence,58.3845555,26.7566028,1923.59,1374.6,161.0
277,trip_completion,58.3723952,26.7523612,2033.0,1374.6,161.0
277,rider_dropoff_presence,58.3723952,26.7523612,2102.6,1374.6,161.0
278,driver_arrival,58.3782974,26.7586066,1883.0,1928.3,323.0
278,rider_pickup_presence,58.3782974,26.7586066,1961.56,1928.3,323.0
278,trip_completion,58.3891453,26.7327978,2206.0,1928.3,323.0
278,rider_dropoff_presence,58.3891453,26.7327978,2261.8,1928.3,323.0
279,driver_arrival,58.3675538,26.7249114,1890.0,835.2,102.0
279,rider_pickup_presence,58.3675538,26.7249114,1943.06,835.2,102.0
279,trip_completion,58.3669201,26.7391817,1992.0,835.2,102.0
279,rider_dropoff_presence,58.3669201,26.7391817,2017.64,835.2,102.0
28,driver_arrival,58.3614161,26.6917527,186.0,2954.4,365.0
28,rider_pickup_presence,58.3614161,26.6917527,242.78,2954.4,365.0
28,trip_completion,58.3865119,26.7083928,551.0,2954.4,365.0
28,rider_dropoff_presence,58.3865119,26.7083928,659.14,2954.4,365.0
280,driver_arrival,58.3762871,26.6836933,1907.0,1040.4,136.0
280,rider_pickup_presence,58.3762871,26.6836933,2002.52,1040.4,136.0
280,trip_completion,58.3735982,26.7007836,2043.0,1040.4,136.0
280,rider_dropoff_presence,58.3735982,26.7007836,2063.36,1040.4,136.0
281,driver_arrival,58.3694172,26.7068726,1930.0,2027.7,449.0
281,rider_pickup_presence,58.3694172,26.7068726,1940.18,2027.7,449.0
281,trip_completion,58.3876493,26.7075847,2379.0,2027.7,449.0
281,rider_dropoff_presence,58.3876493,26.7075847,2440.85,2027.7,449.0
282,driver_arrival,58.3809415,26.7416994,1939.0,3169.2,1102.0
282,rider_pickup_presence,58.3809415,26.7416994,2014.95,3169.2,1102.0
282,trip_completion,58.3652705,26.6963014,3041.0,3169.2,1102.0
282,rider_dropoff_presence,58.3652705,26.6963014,3081.22,3169.2,1102.0
283,driver_arrival,58.3825368,26.7439914,1945.0,2549.0,289.0
283,rider_pickup_presence,58.3825368,26.7439914,2043.21,2549.0,289.0
283,trip_completion,58.3618332,26.7252231,2234.0,2549.0,289.0
283,rider_dropoff_presence,58.3618332,26.7252231,2324.14,2549.0,289.0
284,driver_arrival,58.383563,26.7215067,1947.0,930.2,260.0
284,rider_pickup_presence,58.383563,26.7215067,2027.74,930.2,260.0
284,trip_completion,58.3878942,26.7078529,2207.0,930.2,260.0
284,rider_dropoff_presence,58.3878942,26.7078529,2233.96,930.2,260.0
285,driver_arrival,58.3740684,26.7064586,1948.0,4173.7,894.0
285,rider_pickup_presence,58.3740684,26.7064586,1971.9,4173.7,894.0
285,trip_completion,58.374099,26.7780394,2842.0,4173.7,894.0
285,rider_dropoff_presence,58.374099,26.7780394,2844.93,4173.7,894.0
286,driver_arrival,58.3694703,26.7679087,1962.0,4634.2,719.0
286,rider_pickup_presence,58.3694703,26.7679087,1991.38,4634.2,719.0
286,trip_completion,58.3827875,26.6925929,2681.0,4634.2,719.0
286,rider_dropoff_presence,58.3827875,26.6925929,2738.02,4634.2,719.0
287,driver_arrival,58.3719419,26.6931689,1964.0,2215.4,450.0
287,rider_pickup_presence,58.3719419,26.6931689,2065.97,2215.4,450.0
287,trip_completion,58.368213,26.730488,2414.0,2215.4,450.0
287,rider_dropoff_presence,58.368213,26.730488,2422.74,2215.4,450.0
288,driver_arrival,58.3783611,26.7233287,1968.0,791.9,149.0
288,rider_pickup_presence,58.3783611,26.7233287,2017.73,791.9,149.0
288,trip_completion,58.3838041,26.7320892,2117.0,791.9,149.0
288,rider_dropoff_presence,58.3838041,26.7320892,2192.57,791.9,149.0
289,driver_arrival,58.3711926,26.7732436,1973.0,1822.1,472.0
289,rider_pickup_presence,58.3711926,26.7732436,1996.33,1822.1,472.0
289,trip_completion,58.368107,26.7425562,2445.0,1822.1,472.0
289,rider_dropoff_presence,58.368107,26.7425562,2528.56,1822.1,472.0
29,driver_arrival,58.3660067,26.6857998,186.0,2070.7,520.0
29,rider_pickup_presence,58.3660067,26.6857998,245.33,2070.7,520.0
29,trip_completion,58.3667694,26.7212758,706.0,2070.7,520.0
29,rider_dropoff_presence,58.3667694,26.7212758,735.28,2070.7,520.0
290,driver_arrival,58.3712738,26.7240954,1982.0,3325.1,552.0
290,rider_pickup_presence,58.3712738,26.7240954,2060.73,3325.1,552.0
290,trip_completion,58.3728171,26.781044,2534.0,3325.1,552.0
290,rider_dropoff_presence,58.3728171,26.781044,2534.67,3325.1,552.0
291,driver_arrival,58.3734336,26.7646563,2003.0,219.5,457.0
291,rider_pickup_presence,58.3734336,26.7646563,2093.12,219.5,457.0
291,trip_completion,58.374544,26.7615431,2460.0,219.5,457.0
291,rider_dropoff_presence,58.374544,26.7615431,2552.41,219.5,457.0
292,driver_arrival,58.3757583,26.6979624,2015.0,2953.0,545.0
292,rider_pickup_presence,58.3757583,26.6979624,2027.79,2953.0,545.0
292,trip_completion,58.374162,26.748518,2560.0,2953.0,545.0
292,rider_dropoff_presence,58.374162,26.748518,2611.02,2953.0,545.0
293,driver_arrival,58.3747063,26.7154534,2027.0,1840.4,406.0
293,rider_pickup_presence,58.3747063,26.7154534,2048.11,1840.4,406.0
293,trip_completion,58.3607691,26.6984331,2433.0,1840.4,406.0
293,rider_dropoff_presence,58.3607691,26.6984331,2547.96,1840.4,406.0
294,driver_arrival,58.3628667,26.7288028,2049.0,570.2,92.0
294,rider_pickup_presence,58.3628667,26.7288028,2111.15,570.2,92.0
294,trip_completion,58.3675151,26.7246732,2141.0,570.2,92.0
294,rider_dropoff_presence,58.3675151,26.7246732,2147.03,570.2,92.0
295,driver_arrival,58.3765512,26.7184506,2051.0,1769.1,291.0
295,rider_pickup_presence,58.3765512,26.7184506,2080.9,1769.1,291.0
295,trip_completion,58.3763391,26.7487916,2342.0,1769.1,291.0
295,rider_dropoff_presence,58.3763391,26.7487916,2443.8,1769.1,291.0
296,driver_arrival,58.3634444,26.7100215,2053.0,1115.7,325.0
296,rider_pickup_presence,58.3634444,26.7100215,2107.78,1115.7,325.0
296,trip_completion,58.3717861,26.7206524,2378.0,1115.7,325.0
296,rider_dropoff_presence,58.3717861,26.7206524,2474.17,1115.7,325.0
297,driver_arrival,58.3763182,26.7072202,2061.0,1395.2,300.0
297,rider_pickup_presence,58.3763182,26.7072202,2141.11,1395.2,300.0
297,trip_completion,58.3662139,26.7214065,2361.0,1395.2,300.0
297,rider_dropoff_presence,58.3662139,26.7214065,2479.55,1395.2,300.0
298,driver_arrival,58.3741705,26.7322983,2062.0,1558.8,509.0
298,rider_pickup_presence,58.3741705,26.7322983,2133.45,1558.8,509.0
298,trip_completion,58.3797482,26.7077695,2571.0,1558.8,509.0
298,rider_dropoff_presence,58.3797482,26.7077695,2685.0,1558.8,509.0
299,driver_arrival,58.3780028,26.709742,2066.0,4002.7,541.0
299,rider_pickup_presence,58.3780028,26.709742,2172.97,4002.7,541.0
299,trip_completion,58.3802504,26.7782663,2607.0,4002.7,541.0
299,rider_dropoff_presence,58.3802504,26.7782663,2680.52,4002.7,541.0
3,driver_arrival,58.3667868,26.7327403,19.0,2426.7,259.0
3,rider_pickup_presence,58.3667868,26.7327403,105.31,2426.7,259.0
3,trip_completion,58.3819985,26.7625837,278.0,2426.7,259.0
3,rider_dropoff_presence,58.3819985,26.7625837,338.57,2426.7,259.0
30,driver_arrival,58.373616,26.7535473,202.0,2150.0,231.0
30,rider_pickup_presence,58.373616,26.7535473,301.67,2150.0,231.0
30,trip_completion,58.3616816,26.72454,433.0,2150.0,231.0
30,rider_dropoff_presence,58.3616816,26.72454,498.74,2150.0,231.0
300,driver_arrival,58.3766045,26.7624224,2066.0,3792.0,589.0
300,rider_pickup_presence,58.3766045,26.7624224,2173.66,3792.0,589.0
300,trip_completion,58.3665532,26.7002816,2655.0,3792.0,589.0
300,rider_dropoff_presence,58.3665532,26.7002816,2744.24,3792.0,589.0
301,driver_arrival,58.3874471,26.7096233,2085.0,4152.7,885.0
301,rider_pickup_presence,58.3874471,26.7096233,2141.96,4152.7,885.0
301,trip_completion,58.3702907,26.772892,2970.0,4152.7,885.0
301,rider_dropoff_presence,58.3702907,26.772892,3001.1,4152.7,885.0
302,driver_arrival,58.3780725,26.7490464,2087.0,2054.5,246.0
302,rider_pickup_presence,58.3780725,26.7490464,2116.67,2054.5,246.0
302,trip_completion,58.3911266,26.724102,2333.0,2054.5,246.0
302,rider_dropoff_presence,58.3911266,26.724102,2409.52,2054.5,246.0
303,driver_arrival,58.377668,26.778598,2089.0,1053.3,306.0
303,rider_pickup_presence,58.377668,26.778598,2180.9,1053.3,306.0
303,trip_completion,58.3686505,26.7730661,2395.0,1053.3,306.0
303,rider_dropoff_presence,58.3686505,26.7730661,2457.56,1053.3,306.0
304,driver_arrival,58.3832145,26.7432578,2097.0,3544.8,571.0
304,rider_pickup_presence,58.3832145,26.7432578,2172.21,3544.8,571.0
304,trip_completion,58.3781182,26.6832335,2668.0,3544.8,571.0
304,rider_dropoff_presence,58.3781182,26.6832335,2700.95,3544.8,571.0
305,driver_arrival,58.3610396,26.6992047,2104.0,4373.2,1179.0
305,rider_pickup_presence,58.3610396,26.6992047,2113.3,4373.2,1179.0
305,trip_completion,58.3719099,26.77127,3283.0,4373.2,1179.0
305,rider_dropoff_presence,58.3719099,26.77127,3317.29,4373.2,1179.0
306,driver_arrival,58.3746475,26.7371764,2104.0,1697.2,351.0
306,rider_pickup_presence,58.3746475,26.7371764,2136.61,1697.2,351.0
306,trip_completion,58.3710032,26.7654421,2455.0,1697.2,351.0
306,rider_dropoff_presence,58.3710032,26.7654421,2493.37,1697.2,351.0
307,driver_arrival,58.3899449,26.7344846,2107.0,1556.6,414.0
307,rider_pickup_presence,58.3899449,26.7344846,2171.82,1556.6,414.0
307,trip_completion,58.3773591,26.7227911,2521.0,1556.6,414.0
307,rider_dropoff_presence,58.3773591,26.7227911,2537.6,1556.6,414.0
308,driver_arrival,58.3856753,26.7112829,2109.0,2578.3,467.0
308,rider_pickup_presence,58.3856753,26.7112829,2136.75,2578.3,467.0
308,trip_completion,58.3831835,26.7552596,2576.0,2578.3,467.0
308,rider_dropoff_presence,58.3831835,26.7552596,2659.27,2578.3,467.0
309,driver_arrival,58.3728028,26.6967492,2115.0,3592.5,660.0
309,rider_pickup_presence,58.3728028,26.6967492,2199.77,3592.5,660.0
309,trip_completion,58.3836632,26.7547828,2775.0,3592.5,660.0
309,rider_dropoff_presence,58.3836632,26.7547828,2782.71,3592.5,660.0
31,driver_arrival,58.387485,26.7280106,210.0,3608.9,699.0
31,rider_pickup_presence,58.387485,26.7280106,258.91,3608.9,699.0
31,trip_completion,58.3643378,26.6846229,909.0,3608.9,699.0
31,rider_dropoff_presence,58.3643378,26.6846229,974.11,3608.9,699.0
310,driver_arrival,58.3871255,26.7119164,2116.0,4081.1,718.0
310,rider_pickup_presence,58.3871255,26.7119164,2165.89,4081.1,718.0
310,trip_completion,58.3648684,26.7675736,2834.0,4081.1,718.0
310,rider_dropoff_presence,58.3648684,26.7675736,2858.82,4081.1,718.0
311,driver_arrival,58.3779998,26.7288469,2119.0,581.6,592.0
311,rider_pickup_presence,58.3779998,26.7288469,2169.42,581.6,592.0
311,trip_completion,58.3730663,26.7255341,2711.0,581.6,592.0
311,rider_dropoff_presence,58.3730663,26.7255341,2819.58,581.6,592.0
312,driver_arrival,58.3758837,26.6944771,2124.0,4622.3,813.0
312,rider_pickup_presence,58.3758837,26.6944771,2194.09,4622.3,813.0
312,trip_completion,58.3710183,26.7732053,2937.0,4622.3,813.0
312,rider_dropoff_presence,58.3710183,26.7732053,3020.46,4622.3,813.0
313,driver_arrival,58.3888275,26.7345334,2126.0,3112.8,600.0
313,rider_pickup_presence,58.3888275,26.7345334,2228.81,3112.8,600.0
313,trip_completion,58.3731544,26.7787775,2726.0,3112.8,600.0
313,rider_dropoff_presence,58.3731544,26.7787775,2817.87,3112.8,600.0
314,driver_arrival,58.3613146,26.7360225,2126.0,3108.1,465.0
314,rider_pickup_presence,58.3613146,26.7360225,2171.65,3108.1,465.0
314,trip_completion,58.3865966,26.7132898,2591.0,3108.1,465.0
314,rider_dropoff_presence,58.3865966,26.7132898,2591.71,3108.1,465.0
315,driver_arrival,58.3638116,26.7169739,2128.0,3426.0,763.0
315,rider_pickup_presence,58.3638116,26.7169739,2170.21,3426.0,763.0
315,trip_completion,58.3763322,26.7706543,2891.0,3426.0,763.0
315,rider_dropoff_presence,58.3763322,26.7706543,2981.42,3426.0,763.0
316,driver_arrival,58.3600269,26.7410625,2152.0,2570.1,329.0
316,rider_pickup_presence,58.3600269,26.7410625,2254.41,2570.1,329.0
316,trip_completion,58.3787362,26.7151833,2481.0,2570.1,329.0
316,rider_dropoff_presence,58.3787362,26.7151833,2595.41,2570.1,329.0
317,driver_arrival,58.3735694,26.7535095,2155.0,2203.7,342.0
317,rider_pickup_presence,58.3735694,26.7535095,2205.28,2203.7,342.0
317,trip_completion,58.3865661,26.7249724,2497.0,2203.7,342.0
317,rider_dropoff_presence,58.3865661,26.7249724,2586.7,2203.7,342.0
318,driver_arrival,58.3884712,26.7255255,2163.0,210.3,45.0
318,rider_pickup_presence,58.3884712,26.7255255,2228.54,210.3,45.0
318,trip_completion,58.3865849,26.7257782,2208.0,210.3,45.0
318,rider_dropoff_presence,58.3865849,26.7257782,2280.39,210.3,45.0
319,driver_arrival,58.380787,26.7428495,2166.0,1929.1,364.0
319,rider_pickup_presence,58.380787,26.7428495,2192.46,1929.1,364.0
319,trip_completion,58.3738816,26.712495,2530.0,1929.1,364.0
319,rider_dropoff_presence,58.3738816,26.712495,2556.33,1929.1,364.0
32,driver_arrival,58.370451,26.7287995,211.0,1734.5,361.0
32,rider_pickup_presence,58.370451,26.7287995,263.3,1734.5,361.0
32,trip_completion,58.3673931,26.6996339,572.0,1734.5,361.0
32,rider_dropoff_presence,58.3673931,26.6996339,575.48,1734.5,361.0
320,driver_arrival,58.3726821,26.7133285,2174.0,677.8,339.0
320,rider_pickup_presence,58.3726821,26.7133285,2214.34,677.8,339.0
320,trip_completion,58.3763888,26.7225575,2513.0,677.8,339.0
320,rider_dropoff_presence,58.3763888,26.7225575,2594.5,677.8,339.0
321,driver_arrival,58.3697889,26.6835819,2180.0,5593.8,1219.0
321,rider_pickup_presence,58.3697889,26.6835819,2228.52,5593.8,1219.0
321,trip_completion,58.3710436,26.7794783,3399.0,5593.8,1219.0
321,rider_dropoff_presence,58.3710436,26.7794783,3418.81,5593.8,1219.0
322,driver_arrival,58.3868899,26.7590411,2188.0,2661.8,814.0
322,rider_pickup_presence,58.3868899,26.7590411,2244.09,2661.8,814.0
322,trip_completion,58.372526,26.7225149,3002.0,2661.8,814.0
322,rider_dropoff_presence,58.372526,26.7225149,3017.32,2661.8,814.0
323,driver_arrival,58.3828015,26.7175293,2199.0,1259.1,350.0
323,rider_pickup_presence,58.3828015,26.7175293,2273.67,1259.1,350.0
323,trip_completion,58.3768247,26.735874,2549.0,1259.1,350.0
323,rider_dropoff_presence,58.3768247,26.735874,2552.24,1259.1,350.0
324,driver_arrival,58.3711392,26.6973634,2205.0,847.1,193.0
324,rider_pickup_presence,58.3711392,26.6973634,2252.28,847.1,193.0
324,trip_completion,58.3635361,26.6964525,2398.0,847.1,193.0
324,rider_dropoff_presence,58.3635361,26.6964525,2465.73,847.1,193.0
325,driver_arrival,58.3827586,26.7483244,2206.0,3586.6,688.0
325,rider_pickup_presence,58.3827586,26.7483244,2209.25,3586.6,688.0
325,trip_completion,58.3717812,26.69048,2894.0,3586.6,688.0
325,rider_dropoff_presence,58.3717812,26.69048,2971.13,3586.6,688.0
326,driver_arrival,58.37918,26.7734374,2211.0,3815.4,565.0
326,rider_pickup_presence,58.37918,26.7734374,2227.28,3815.4,565.0
326,trip_completion,58.3839421,26.7086203,2776.0,3815.4,565.0
326,rider_dropoff_presence,58.3839421,26.7086203,2831.4,3815.4,565.0
327,driver_arrival,58.3781214,26.7557515,2217.0,342.0,78.0
327,rider_pickup_presence,58.3781214,26.7557515,2223.03,342.0,78.0
327,trip_completion,58.3804713,26.7595353,2295.0,342.0,78.0
327,rider_dropoff_presence,58.3804713,26.7595353,2340.49,342.0,78.0
328,driver_arrival,58.3639286,26.7127346,2218.0,1059.3,191.0
328,rider_pickup_presence,58.3639286,26.7127346,2243.4,1059.3,191.0
328,trip_completion,58.3696407,26.6981972,2409.0,1059.3,191.0
328,rider_dropoff_presence,58.3696407,26.6981972,2448.22,1059.3,191.0
329,driver_arrival,58.3646375,26.6872933,2220.0,2462.9,362.0
329,rider_pickup_presence,58.3646375,26.6872933,2311.35,2462.9,362.0
329,trip_completion,58.3819172,26.7137193,2582.0,2462.9,362.0
329,rider_dropoff_presence,58.3819172,26.7137193,2627.5,2462.9,362.0
33,driver_arrival,58.3694285,26.7736628,220.0,4188.2,662.0
33,rider_pickup_presence,58.3694285,26.7736628,310.24,4188.2,662.0
33,trip_completion,58.3619772,26.7032691,882.0,4188.2,662.0
33,rider_dropoff_presence,58.3619772,26.7032691,981.83,4188.2,662.0
330,driver_arrival,58.3667451,26.7606361,2227.0,2161.8,340.0
330,rider_pickup_presence,58.3667451,26.7606361,2257.27,2161.8,340.0
330,trip_completion,58.3673684,26.7235858,2567.0,2161.8,340.0
330,rider_dropoff_presence,58.3673684,26.7235858,2576.83,2161.8,340.0
331,driver_arrival,58.3707686,26.69508,2231.0,922.7,140.0
331,rider_pickup_presence,58.3707686,26.69508,2233.33,922.7,140.0
331,trip_completion,58.3677988,26.6803054,2371.0,922.7,140.0
331,rider_dropoff_presence,58.3677988,26.6803054,2435.73,922.7,140.0
332,driver_arrival,58.3870361,26.7196964,2246.0,696.2,172.0
332,rider_pickup_presence,58.3870361,26.7196964,2365.99,696.2,172.0
332,trip_completion,58.3833114,26.7100949,2418.0,696.2,172.0
332,rider_dropoff_presence,58.3833114,26.7100949,2460.0,696.2,172.0
333,driver_arrival,58.3740797,26.779546,2250.0,5139.1,690.0
333,rider_pickup_presence,58.3740797,26.779546,2328.02,5139.1,690.0
333,trip_completion,58.382681,26.6929365,2940.0,5139.1,690.0
333,rider_dropoff_presence,58.382681,26.6929365,3033.75,5139.1,690.0
334,driver_arrival,58.3682313,26.7456282,2252.0,1304.4,188.0
334,rider_pickup_presence,58.3682313,26.7456282,2330.21,1304.4,188.0
334,trip_completion,58.3795259,26.7395865,2440.0,1304.4,188.0
334,rider_dropoff_presence,58.3795259,26.7395865,2530.51,1304.4,188.0
335,driver_arrival,58.380479,26.7490532,2264.0,1381.2,261.0
335,rider_pickup_presence,58.380479,26.7490532,2377.95,1381.2,261.0
335,trip_completion,58.3682147,26.7452942,2525.0,1381.2,261.0
335,rider_dropoff_presence,58.3682147,26.7452942,2548.92,1381.2,261.0
336,driver_arrival,58.3699486,26.7370993,2269.0,1286.9,214.0
336,rider_pickup_presence,58.3699486,26.7370993,2271.45,1286.9,214.0
336,trip_completion,58.3724334,26.7586535,2483.0,1286.9,214.0
336,rider_dropoff_presence,58.3724334,26.7586535,2501.29,1286.9,214.0
337,driver_arrival,58.3789839,26.6795386,2274.0,3368.3,772.0
337,rider_pickup_presence,58.3789839,26.6795386,2289.15,3368.3,772.0
337,trip_completion,58.3744202,26.7366507,3046.0,3368.3,772.0
337,rider_dropoff_presence,58.3744202,26.7366507,3126.34,3368.3,772.0
338,driver_arrival,58.3782159,26.7013441,2279.0,1316.1,218.0
338,rider_pickup_presence,58.3782159,26.7013441,2346.68,1316.1,218.0
338,trip_completion,58.3716129,26.6826113,2497.0,1316.1,218.0
338,rider_dropoff_presence,58.3716129,26.6826113,2523.16,1316.1,218.0
339,driver_arrival,58.3713638,26.7671796,2288.0,1708.3,323.0
339,rider_pickup_presence,58.3713638,26.7671796,2371.94,1708.3,323.0
339,trip_completion,58.3833248,26.748791,2611.0,1708.3,323.0
339,rider_dropoff_presence,58.3833248,26.748791,2703.03,1708.3,323.0
34,driver_arrival,58.3681259,26.7698983,221.0,2602.3,512.0
34,rider_pickup_presence,58.3681259,26.7698983,241.13,2602.3,512.0
34,trip_completion,58.3778531,26.729306,733.0,2602.3,512.0
34,rider_dropoff_presence,58.3778531,26.729306,805.87,2602.3,512.0
340,driver_arrival,58.3640796,26.6820395,2288.0,3550.9,726.0
340,rider_pickup_presence,58.3640796,26.6820395,2377.75,3550.9,726.0
340,trip_completion,58.384508,26.7288481,3014.0,3550.9,726.0
340,rider_dropoff_presence,58.384508,26.7288481,3027.74,3550.9,726.0
341,driver_arrival,58.3775712,26.7018302,2291.0,4024.2,1214.0
341,rider_pickup_presence,58.3775712,26.7018302,2389.32,4024.2,1214.0
341,trip_completion,58.374235,26.7705572,3505.0,4024.2,1214.0
341,rider_dropoff_presence,58.374235,26.7705572,3620.77,4024.2,1214.0
342,driver_arrival,58.37712,26.7337524,2292.0,1181.1,255.0
342,rider_pickup_presence,58.37712,26.7337524,2304.97,1181.1,255.0
342,trip_completion,58.3667434,26.729426,2547.0,1181.1,255.0
342,rider_dropoff_presence,58.3667434,26.729426,2550.08,1181.1,255.0
343,driver_arrival,58.3604715,26.7308201,2297.0,2985.1,746.0
343,rider_pickup_presence,58.3604715,26.7308201,2334.43,2985.1,746.0
343,trip_completion,58.3859734,26.7148266,3043.0,2985.1,746.0
343,rider_dropoff_presence,58.3859734,26.7148266,3124.28,2985.1,746.0
344,driver_arrival,58.3713294,26.703466,2299.0,3817.5,851.0
344,rider_pickup_presence,58.3713294,26.703466,2413.98,3817.5,851.0
344,trip_completion,58.3881758,26.7605226,3150.0,3817.5,851.0
344,rider_dropoff_presence,58.3881758,26.7605226,3197.6,3817.5,851.0
345,driver_arrival,58.3764635,26.7313817,2309.0,2053.6,710.0
345,rider_pickup_presence,58.3764635,26.7313817,2394.8,2053.6,710.0
345,trip_completion,58.3746025,26.7664246,3019.0,2053.6,710.0
345,rider_dropoff_presence,58.3746025,26.7664246,3028.12,2053.6,710.0
346,driver_arrival,58.3835718,26.7551086,2319.0,3132.9,572.0
346,rider_pickup_presence,58.3835718,26.7551086,2401.87,3132.9,572.0
346,trip_completion,58.3797316,26.7018687,2891.0,3132.9,572.0
346,rider_dropoff_presence,58.3797316,26.7018687,2966.27,3132.9,572.0
347,driver_arrival,58.3891553,26.7330884,2334.0,2386.3,398.0
347,rider_pickup_presence,58.3891553,26.7330884,2346.23,2386.3,398.0
347,trip_completion,58.3678606,26.7381626,2732.0,2386.3,398.0
347,rider_dropoff_presence,58.3678606,26.7381626,2824.7,2386.3,398.0
348,driver_arrival,58.3827199,26.7336659,2334.0,2824.7,624.0
348,rider_pickup_presence,58.3827199,26.7336659,2436.04,2824.7,624.0
348,trip_completion,58.3651082,26.6987531,2958.0,2824.7,624.0
348,rider_dropoff_presence,58.3651082,26.6987531,3030.05,2824.7,624.0
349,driver_arrival,58.3708347,26.7285201,2335.0,3234.9,402.0
349,rider_pickup_presence,58.3708347,26.7285201,2349.53,3234.9,402.0
349,trip_completion,58.3816876,26.7799984,2737.0,3234.9,402.0
349,rider_dropoff_presence,58.3816876,26.7799984,2855.06,3234.9,402.0
35,driver_arrival,58.3666411,26.7298076,223.0,2248.6,196.0
35,rider_pickup_presence,58.3666411,26.7298076,316.92,2248.6,196.0
35,trip_completion,58.379798,26.7590935,419.0,2248.6,196.0
35,rider_dropoff_presence,58.379798,26.7590935,460.66,2248.6,196.0
350,driver_arrival,58.3722421,26.7595095,2336.0,1279.3,154.0
350,rider_pickup_presence,58.3722421,26.7595095,2387.41,1279.3,154.0
350,trip_completion,58.369543,26.7381836,2490.0,1279.3,154.0
350,rider_dropoff_presence,58.369543,26.7381836,2534.47,1279.3,154.0
351,driver_arrival,58.3743888,26.722759,2360.0,1484.2,868.0
351,rider_pickup_presence,58.3743888,26.722759,2420.72,1484.2,868.0
351,trip_completion,58.3659026,26.7424046,3228.0,1484.2,868.0
351,rider_dropoff_presence,58.3659026,26.7424046,3268.95,1484.2,868.0
352,driver_arrival,58.3750199,26.7152358,2365.0,1280.8,731.0
352,rider_pickup_presence,58.3750199,26.7152358,2466.95,1280.8,731.0
352,trip_completion,58.3831624,26.730776,3096.0,1280.8,731.0
352,rider_dropoff_presence,58.3831624,26.730776,3194.68,1280.8,731.0
353,driver_arrival,58.3684037,26.7059446,2369.0,4321.1,875.0
353,rider_pickup_presence,58.3684037,26.7059446,2381.66,4321.1,875.0
353,trip_completion,58.3763424,26.7784863,3244.0,4321.1,875.0
353,rider_dropoff_presence,58.3763424,26.7784863,3359.29,4321.1,875.0
354,driver_arrival,58.3714288,26.77284,2370.0,1921.4,808.0
354,rider_pickup_presence,58.3714288,26.77284,2446.27,1921.4,808.0
354,trip_completion,58.3823192,26.7472534,3178.0,1921.4,808.0
354,rider_dropoff_presence,58.3823192,26.7472534,3277.44,1921.4,808.0
355,driver_arrival,58.3749618,26.6931594,2408.0,2763.0,577.0
355,rider_pickup_presence,58.3749618,26.6931594,2492.88,2763.0,577.0
355,trip_completion,58.3825844,26.7382673,2985.0,2763.0,577.0
355,rider_dropoff_presence,58.3825844,26.7382673,3037.26,2763.0,577.0
356,driver_arrival,58.3608605,26.7057886,2415.0,1846.8,330.0
356,rider_pickup_presence,58.3608605,26.7057886,2503.06,1846.8,330.0
356,trip_completion,58.3766642,26.7155294,2745.0,1846.8,330.0
356,rider_dropoff_presence,58.3766642,26.7155294,2860.86,1846.8,330.0
357,driver_arrival,58.3683256,26.6988758,2416.0,1222.8,418.0
357,rider_pickup_presence,58.3683256,26.6988758,2448.41,1222.8,418.0
357,trip_completion,58.3754164,26.7149043,2834.0,1222.8,418.0
357,rider_dropoff_presence,58.3754164,26.7149043,2930.98,1222.8,418.0
358,driver_arrival,58.3695697,26.7219636,2420.0,2530.5,284.0
358,rider_pickup_presence,58.3695697,26.7219636,2484.58,2530.5,284.0
358,trip_completion,58.3818665,26.6854436,2704.0,2530.5,284.0
358,rider_dropoff_presence,58.3818665,26.6854436,2762.02,2530.5,284.0
359,driver_arrival,58.374501,26.7292965,2424.0,2495.6,844.0
359,rider_pickup_presence,58.374501,26.7292965,2476.27,2495.6,844.0
359,trip_completion,58.3734307,26.7720481,3268.0,2495.6,844.0
359,rider_dropoff_presence,58.3734307,26.7720481,3355.72,2495.6,844.0
36,driver_arrival,58.3780055,26.6955269,230.0,4395.2,1079.0
36,rider_pickup_presence,58.3780055,26.6955269,262.21,4395.2,1079.0
36,trip_completion,58.3725276,26.770182,1309.0,4395.2,1079.0
36,rider_dropoff_presence,58.3725276,26.770182,1411.21,4395.2,1079.0
360,driver_arrival,58.3802008,26.7429473,2426.0,1309.5,158.0
360,rider_pickup_presence,58.3802008,26.7429473,2525.69,1309.5,158.0
360,trip_completion,58.3697694,26.7325249,2584.0,1309.5,158.0
360,rider_dropoff_presence,58.3697694,26.7325249,2594.4,1309.5,158.0
361,driver_arrival,58.3890613,26.7320782,2432.0,2856.6,386.0
361,rider_pickup_presence,58.3890613,26.7320782,2537.8,2856.6,386.0
361,trip_completion,58.3823011,26.7793599,2818.0,2856.6,386.0
361,rider_dropoff_presence,58.3823011,26.7793599,2847.26,2856.6,386.0
362,driver_arrival,58.3672692,26.7410152,2459.0,2522.3,403.0
362,rider_pickup_presence,58.3672692,26.7410152,2514.77,2522.3,403.0
362,trip_completion,58.3855919,26.7155113,2862.0,2522.3,403.0
362,rider_dropoff_presence,58.3855919,26.7155113,2935.24,2522.3,403.0
363,driver_arrival,58.3778223,26.7289682,2462.0,905.3,319.0
363,rider_pickup_presence,58.3778223,26.7289682,2507.48,905.3,319.0
363,trip_completion,58.3699803,26.7331429,2781.0,905.3,319.0
363,rider_dropoff_presence,58.3699803,26.7331429,2784.44,905.3,319.0
364,driver_arrival,58.371083,26.7673503,2460.0,4360.9,840.0
364,rider_pickup_presence,58.371083,26.7673503,2562.11,4360.9,840.0
364,trip_completion,58.3893832,26.701188,3300.0,4360.9,840.0
364,rider_dropoff_presence,58.3893832,26.701188,3321.82,4360.9,840.0
365,driver_arrival,58.388937,26.7343201,2468.0,2364.2,282.0
365,rider_pickup_presence,58.388937,26.7343201,2493.45,2364.2,282.0
365,trip_completion,58.3895748,26.693773,2750.0,2364.2,282.0
365,rider_dropoff_presence,58.3895748,26.693773,2845.74,2364.2,282.0
366,driver_arrival,58.3804808,26.7596033,2473.0,4215.6,702.0
366,rider_pickup_presence,58.3804808,26.7596033,2513.84,4215.6,702.0
366,trip_completion,58.3707214,26.6897376,3175.0,4215.6,702.0
366,rider_dropoff_presence,58.3707214,26.6897376,3280.64,4215.6,702.0
367,driver_arrival,58.3739416,26.7169208,2476.0,2168.7,636.0
367,rider_pickup_presence,58.3739416,26.7169208,2560.14,2168.7,636.0
367,trip_completion,58.3798887,26.7523474,3112.0,2168.7,636.0
367,rider_dropoff_presence,58.3798887,26.7523474,3145.15,2168.7,636.0
368,driver_arrival,58.3892705,26.733357,2480.0,2124.1,340.0
368,rider_pickup_presence,58.3892705,26.733357,2481.22,2124.1,340.0
368,trip_completion,58.3733626,26.7535296,2820.0,2124.1,340.0
368,rider_dropoff_presence,58.3733626,26.7535296,2933.77,2124.1,340.0
369,driver_arrival,58.3647074,26.7473774,2482.0,1411.8,712.0
369,rider_pickup_presence,58.3647074,26.7473774,2492.27,1411.8,712.0
369,trip_completion,58.3731708,26.7654244,3194.0,1411.8,712.0
369,rider_dropoff_presence,58.3731708,26.7654244,3280.41,1411.8,712.0
37,driver_arrival,58.367416,26.7729937,235.0,4322.4,674.0
37,rider_pickup_presence,58.367416,26.7729937,293.63,4322.4,674.0
37,trip_completion,58.3841446,26.7060751,909.0,4322.4,674.0
37,rider_dropoff_presence,58.3841446,26.7060751,999.98,4322.4,674.0
370,driver_arrival,58.3792026,26.7560477,2486.0,2778.6,422.0
370,rider_pickup_presence,58.3792026,26.7560477,2568.87,2778.6,422.0
370,trip_completion,58.3880552,26.7114722,2908.0,2778.6,422.0
370,rider_dropoff_presence,58.3880552,26.7114722,2985.51,2778.6,422.0
371,driver_arrival,58.3622529,26.7328454,2486.0,2695.6,316.0
371,rider_pickup_presence,58.3622529,26.7328454,2544.9,2695.6,316.0
371,trip_completion,58.3833206,26.7099751,2802.0,2695.6,316.0
371,rider_dropoff_presence,58.3833206,26.7099751,2897.15,2695.6,316.0
372,driver_arrival,58.3641915,26.681769,2502.0,1540.2,201.0
372,rider_pickup_presence,58.3641915,26.681769,2513.17,1540.2,201.0
372,trip_completion,58.3779562,26.6847247,2703.0,1540.2,201.0
372,rider_dropoff_presence,58.3779562,26.6847247,2729.59,1540.2,201.0
373,driver_arrival,58.3834089,26.7281291,2507.0,2002.1,664.0
373,rider_pickup_presence,58.3834089,26.7281291,2590.01,2002.1,664.0
373,trip_completion,58.3684936,26.7088931,3171.0,2002.1,664.0
373,rider_dropoff_presence,58.3684936,26.7088931,3207.74,2002.1,664.0
374,driver_arrival,58.3739835,26.7300234,2512.0,456.7,198.0
374,rider_pickup_presence,58.3739835,26.7300234,2581.79,456.7,198.0
374,trip_completion,58.3780649,26.7291521,2710.0,456.7,198.0
374,rider_dropoff_presence,58.3780649,26.7291521,2766.79,456.7,198.0
375,driver_arrival,58.3602868,26.7408983,2529.0,2096.9,405.0
375,rider_pickup_presence,58.3602868,26.7408983,2592.71,2096.9,405.0
375,trip_completion,58.373067,26.7144596,2934.0,2096.9,405.0
375,rider_dropoff_presence,58.373067,26.7144596,2985.06,2096.9,405.0
376,driver_arrival,58.3847193,26.7380848,2547.0,1803.1,269.0
376,rider_pickup_presence,58.3847193,26.7380848,2636.51,1803.1,269.0
376,trip_completion,58.3779682,26.7662071,2816.0,1803.1,269.0
376,rider_dropoff_presence,58.3779682,26.7662071,2855.69,1803.1,269.0
377,driver_arrival,58.3851587,26.7163791,2549.0,1989.8,390.0
377,rider_pickup_presence,58.3851587,26.7163791,2633.34,1989.8,390.0
377,trip_completion,58.3814652,26.7497783,2939.0,1989.8,390.0
377,rider_dropoff_presence,58.3814652,26.7497783,2971.51,1989.8,390.0
378,driver_arrival,58.3723099,26.7321593,2551.0,1238.6,192.0
378,rider_pickup_presence,58.3723099,26.7321593,2581.17,1238.6,192.0
378,trip_completion,58.3725304,26.753397,2743.0,1238.6,192.0
378,rider_dropoff_presence,58.3725304,26.753397,2757.48,1238.6,192.0
379,driver_arrival,58.3751797,26.7052779,2570.0,646.4,110.0
379,rider_pickup_presence,58.3751797,26.7052779,2593.11,646.4,110.0
379,trip_completion,58.3779988,26.6955829,2680.0,646.4,110.0
379,rider_dropoff_presence,58.3779988,26.6955829,2694.35,646.4,110.0
38,driver_arrival,58.3599272,26.7028227,253.0,1185.0,112.0
38,rider_pickup_presence,58.3599272,26.7028227,317.3,1185.0,112.0
38,trip_completion,58.3658518,26.6859345,365.0,1185.0,112.0
38,rider_dropoff_presence,58.3658518,26.6859345,456.46,1185.0,112.0
380,driver_arrival,58.3702023,26.773434,2579.0,778.4,150.0
380,rider_pickup_presence,58.3702023,26.773434,2601.22,778.4,150.0
380,trip_completion,58.3664632,26.7621497,2729.0,778.4,150.0
380,rider_dropoff_presence,58.3664632,26.7621497,2754.97,778.4,150.0
381,driver_arrival,58.3837068,26.6975351,2609.0,1275.4,153.0
381,rider_pickup_presence,58.3837068,26.6975351,2667.1,1275.4,153.0
381,trip_completion,58.3735919,26.7078489,2762.0,1275.4,153.0
381,rider_dropoff_presence,58.3735919,26.7078489,2848.95,1275.4,153.0
382,driver_arrival,58.3865988,26.7337357,2612.0,1991.4,319.0
382,rider_pickup_presence,58.3865988,26.7337357,2729.19,1991.4,319.0
382,trip_completion,58.3766048,26.7620829,2931.0,1991.4,319.0
382,rider_dropoff_presence,58.3766048,26.7620829,2993.96,1991.4,319.0
383,driver_arrival,58.369324,26.78211,2630.0,2572.7,519.0
383,rider_pickup_presence,58.369324,26.78211,2663.96,2572.7,519.0
383,trip_completion,58.3678854,26.7380785,3149.0,2572.7,519.0
383,rider_dropoff_presence,58.3678854,26.7380785,3161.06,2572.7,519.0
384,driver_arrival,58.3711192,26.7403728,2634.0,596.1,120.0
384,rider_pickup_presence,58.3711192,26.7403728,2657.29,596.1,120.0
384,trip_completion,58.3658974,26.7380575,2754.0,596.1,120.0
384,rider_dropoff_presence,58.3658974,26.7380575,2781.3,596.1,120.0
385,driver_arrival,58.3676649,26.6936034,2639.0,4098.2,837.0
385,rider_pickup_presence,58.3676649,26.6936034,2660.53,4098.2,837.0
385,trip_completion,58.3828997,26.7576065,3476.0,4098.2,837.0
385,rider_dropoff_presence,58.3828997,26.7576065,3477.7,4098.2,837.0
386,driver_arrival,58.3792915,26.695391,2640.0,1744.8,356.0
386,rider_pickup_presence,58.3792915,26.695391,2704.1,1744.8,356.0
386,trip_completion,58.3729804,26.7227895,2996.0,1744.8,356.0
386,rider_dropoff_presence,58.3729804,26.7227895,3028.92,1744.8,356.0
387,driver_arrival,58.3650386,26.7676218,2649.0,2242.2,557.0
387,rider_pickup_presence,58.3650386,26.7676218,2765.92,2242.2,557.0
387,trip_completion,58.3675166,26.7294661,3206.0,2242.2,557.0
387,rider_dropoff_presence,58.3675166,26.7294661,3272.4,2242.2,557.0
388,driver_arrival,58.3730002,26.7141333,2649.0,2343.0,399.0
388,rider_pickup_presence,58.3730002,26.7141333,2732.69,2343.0,399.0
388,trip_completion,58.3834214,26.7490628,3048.0,2343.0,399.0
388,rider_dropoff_presence,58.3834214,26.7490628,3063.15,2343.0,399.0
389,driver_arrival,58.3882459,26.7602846,2655.0,2343.2,255.0
389,rider_pickup_presence,58.3882459,26.7602846,2759.22,2343.2,255.0
389,trip_completion,58.3729803,26.7325762,2910.0,2343.2,255.0
389,rider_dropoff_presence,58.3729803,26.7325762,2968.91,2343.2,255.0
39,driver_arrival,58.3794912,26.7037779,254.0,2733.4,789.0
39,rider_pickup_presence,58.3794912,26.7037779,358.73,2733.4,789.0
39,trip_completion,58.3764518,26.7503032,1043.0,2733.4,789.0
39,rider_dropoff_presence,58.3764518,26.7503032,1111.89,2733.4,789.0
390,driver_arrival,58.3811374,26.709391,2655.0,4023.5,492.0
390,rider_pickup_presence,58.3811374,26.709391,2711.33,4023.5,492.0
390,trip_completion,58.3768688,26.777924,3147.0,4023.5,492.0
390,rider_dropoff_presence,58.3768688,26.777924,3199.86,4023.5,492.0
391,driver_arrival,58.3631281,26.7359985,2658.0,2711.0,399.0
391,rider_pickup_presence,58.3631281,26.7359985,2680.12,2711.0,399.0
391,trip_completion,58.3733561,26.693799,3057.0,2711.0,399.0
391,rider_dropoff_presence,58.3733561,26.693799,3063.17,2711.0,399.0
392,driver_arrival,58.3731621,26.7787746,2664.0,3196.3,430.0
392,rider_pickup_presence,58.3731621,26.7787746,2776.93,3196.3,430.0
392,trip_completion,58.3892687,26.7333622,3094.0,3196.3,430.0
392,rider_dropoff_presence,58.3892687,26.7333622,3151.33,3196.3,430.0
393,driver_arrival,58.3684537,26.734332,2676.0,485.4,104.0
393,rider_pickup_presence,58.3684537,26.734332,2774.65,485.4,104.0
393,trip_completion,58.3706386,26.7271261,2780.0,485.4,104.0
393,rider_dropoff_presence,58.3706386,26.7271261,2828.08,485.4,104.0
394,driver_arrival,58.3857672,26.7151602,2683.0,3258.1,853.0
394,rider_pickup_presence,58.3857672,26.7151602,2691.89,3258.1,853.0
394,trip_completion,58.3739902,26.7663351,3536.0,3258.1,853.0
394,rider_dropoff_presence,58.3739902,26.7663351,3611.53,3258.1,853.0
395,driver_arrival,58.3756978,26.7178194,2694.0,1092.3,193.0
395,rider_pickup_presence,58.3756978,26.7178194,2700.43,1092.3,193.0
395,trip_completion,58.3726441,26.7000142,2887.0,1092.3,193.0
395,rider_dropoff_presence,58.3726441,26.7000142,2904.9,1092.3,193.0
396,driver_arrival,58.3675052,26.770755,2701.0,4277.4,834.0
396,rider_pickup_presence,58.3675052,26.770755,2768.54,4277.4,834.0
396,trip_completion,58.3852428,26.7056556,3535.0,4277.4,834.0
396,rider_dropoff_presence,58.3852428,26.7056556,3571.46,4277.4,834.0
397,driver_arrival,58.3618063,26.7050104,2719.0,1909.6,366.0
397,rider_pickup_presence,58.3618063,26.7050104,2838.27,1909.6,366.0
397,trip_completion,58.3621255,26.7377441,3085.0,1909.6,366.0
397,rider_dropoff_presence,58.3621255,26.7377441,3099.21,1909.6,366.0
398,driver_arrival,58.3712761,26.6939898,2725.0,1034.8,124.0
398,rider_pickup_presence,58.3712761,26.6939898,2816.73,1034.8,124.0
398,trip_completion,58.3783891,26.7054326,2849.0,1034.8,124.0
398,rider_dropoff_presence,58.3783891,26.7054326,2921.76,1034.8,124.0
399,driver_arrival,58.3833335,26.7331949,2731.0,3109.0,687.0
399,rider_pickup_presence,58.3833335,26.7331949,2825.89,3109.0,687.0
399,trip_completion,58.3659255,26.6914679,3418.0,3109.0,687.0
399,rider_dropoff_presence,58.3659255,26.6914679,3445.08,3109.0,687.0
4,driver_arrival,58.3846049,26.7478736,19.0,2215.3,642.0
4,rider_pickup_presence,58.3846049,26.7478736,81.71,2215.3,642.0
4,trip_completion,58.3730443,26.7788202,661.0,2215.3,642.0
4,rider_dropoff_presence,58.3730443,26.7788202,715.06,2215.3,642.0
40,driver_arrival,58.3736562,26.7733405,271.0,502.1,287.0
40,rider_pickup_presence,58.3736562,26.7733405,324.13,502.1,287.0
40,trip_completion,58.3728891,26.7648551,558.0,502.1,287.0
40,rider_dropoff_presence,58.3728891,26.7648551,661.22,502.1,287.0
400,driver_arrival,58.3887949,26.6945816,2732.0,3783.6,441.0
400,rider_pickup_presence,58.3887949,26.6945816,2850.8,3783.6,441.0
400,trip_completion,58.3612858,26.7327749,3173.0,3783.6,441.0
400,rider_dropoff_presence,58.3612858,26.7327749,3209.65,3783.6,441.0
401,driver_arrival,58.371985,26.6969145,2742.0,1072.5,213.0
401,rider_pickup_presence,58.371985,26.6969145,2816.52,1072.5,213.0
401,trip_completion,58.3682868,26.7139005,2955.0,1072.5,213.0
401,rider_dropoff_presence,58.3682868,26.7139005,3028.16,1072.5,213.0
402,driver_arrival,58.3782052,26.7461947,2744.0,2607.1,860.0
402,rider_pickup_presence,58.3782052,26.7461947,2832.81,2607.1,860.0
402,trip_completion,58.3628676,26.7123799,3604.0,2607.1,860.0
402,rider_dropoff_presence,58.3628676,26.7123799,3717.71,2607.1,860.0
403,driver_arrival,58.3674779,26.7699008,2749.0,3973.8,712.0
403,rider_pickup_presence,58.3674779,26.7699008,2773.93,3973.8,712.0
403,trip_completion,58.3694882,26.7018672,3461.0,3973.8,712.0
403,rider_dropoff_presence,58.3694882,26.7018672,3486.32,3973.8,712.0
404,driver_arrival,58.3616375,26.725143,2749.0,3326.4,514.0
404,rider_pickup_presence,58.3616375,26.725143,2828.25,3326.4,514.0
404,trip_completion,58.3732117,26.7777402,3263.0,3326.4,514.0
404,rider_dropoff_presence,58.3732117,26.7777402,3281.85,3326.4,514.0
405,driver_arrival,58.3682729,26.7341776,2764.0,903.3,199.0
405,rider_pickup_presence,58.3682729,26.7341776,2784.86,903.3,199.0
405,trip_completion,58.3681605,26.7186903,2963.0,903.3,199.0
405,rider_dropoff_presence,58.3681605,26.7186903,2972.01,903.3,199.0
406,driver_arrival,58.3832268,26.7404164,2767.0,2276.2,898.0
406,rider_pickup_presence,58.3832268,26.7404164,2767.32,2276.2,898.0
406,trip_completion,58.3734396,26.7747069,3665.0,2276.2,898.0
406,rider_dropoff_presence,58.3734396,26.7747069,3719.06,2276.2,898.0
407,driver_arrival,58.35992,26.7773697,2768.0,4679.9,877.0
407,rider_pickup_presence,58.35992,26.7773697,2839.26,4679.9,877.0
407,trip_completion,58.3667684,26.6982014,3645.0,4679.9,877.0
407,rider_dropoff_presence,58.3667684,26.6982014,3679.95,4679.9,877.0
408,driver_arrival,58.3696898,26.7735969,2774.0,2737.9,496.0
408,rider_pickup_presence,58.3696898,26.7735969,2801.78,2737.9,496.0
408,trip_completion,58.36113,26.7295799,3270.0,2737.9,496.0
408,rider_dropoff_presence,58.36113,26.7295799,3354.83,2737.9,496.0
409,driver_arrival,58.3753616,26.7303044,2785.0,1948.1,260.0
409,rider_pickup_presence,58.3753616,26.7303044,2869.36,1948.1,260.0
409,trip_completion,58.3854075,26.7576823,3045.0,1948.1,260.0
409,rider_dropoff_presence,58.3854075,26.7576823,3099.48,1948.1,260.0
41,driver_arrival,58.3864512,26.7582255,272.0,2384.8,356.0
41,rider_pickup_presence,58.3864512,26.7582255,354.49,2384.8,356.0
41,trip_completion,58.3830286,26.7178374,628.0,2384.8,356.0
41,rider_dropoff_presence,58.3830286,26.7178374,738.87,2384.8,356.0
410,driver_arrival,58.3712661,26.6804505,2790.0,1947.9,263.0
410,rider_pickup_presence,58.3712661,26.6804505,2884.54,1947.9,263.0
410,trip_completion,58.3759328,26.7126495,3053.0,1947.9,263.0
410,rider_dropoff_presence,58.3759328,26.7126495,3128.01,1947.9,263.0
411,driver_arrival,58.3644384,26.7674268,2791.0,2704.2,451.0
411,rider_pickup_presence,58.3644384,26.7674268,2870.34,2704.2,451.0
411,trip_completion,58.3847141,26.7418161,3242.0,2704.2,451.0
411,rider_dropoff_presence,58.3847141,26.7418161,3354.04,2704.2,451.0
412,driver_arrival,58.3744581,26.7569312,2805.0,1235.7,271.0
412,rider_pickup_presence,58.3744581,26.7569312,2856.02,1235.7,271.0
412,trip_completion,58.3741003,26.7781134,3076.0,1235.7,271.0
412,rider_dropoff_presence,58.3741003,26.7781134,3141.35,1235.7,271.0
413,driver_arrival,58.3815862,26.7109216,2808.0,435.0,158.0
413,rider_pickup_presence,58.3815862,26.7109216,2885.72,435.0,158.0
413,trip_completion,58.3786203,26.7157865,2966.0,435.0,158.0
413,rider_dropoff_presence,58.3786203,26.7157865,3075.01,435.0,158.0
414,driver_arrival,58.3839098,26.7142272,2810.0,2045.8,423.0
414,rider_pickup_presence,58.3839098,26.7142272,2909.2,2045.8,423.0
414,trip_completion,58.3771016,26.7468287,3233.0,2045.8,423.0
414,rider_dropoff_presence,58.3771016,26.7468287,3241.57,2045.8,423.0
415,driver_arrival,58.3633075,26.7102978,2813.0,722.9,264.0
415,rider_pickup_presence,58.3633075,26.7102978,2832.91,722.9,264.0
415,trip_completion,58.3694235,26.7145028,3077.0,722.9,264.0
415,rider_dropoff_presence,58.3694235,26.7145028,3113.91,722.9,264.0
416,driver_arrival,58.3864393,26.7136949,2818.0,3020.3,478.0
416,rider_pickup_presence,58.3864393,26.7136949,2907.87,3020.3,478.0
416,trip_completion,58.3788668,26.7634531,3296.0,3020.3,478.0
416,rider_dropoff_presence,58.3788668,26.7634531,3364.3,3020.3,478.0
417,driver_arrival,58.3876892,26.7141002,2818.0,2180.1,316.0
417,rider_pickup_presence,58.3876892,26.7141002,2852.63,2180.1,316.0
417,trip_completion,58.3783062,26.6812627,3134.0,2180.1,316.0
417,rider_dropoff_presence,58.3783062,26.6812627,3148.92,2180.1,316.0
418,driver_arrival,58.3711315,26.7553196,2821.0,1215.6,284.0
418,rider_pickup_presence,58.3711315,26.7553196,2903.64,1215.6,284.0
418,trip_completion,58.3798253,26.7679604,3105.0,1215.6,284.0
418,rider_dropoff_presence,58.3798253,26.7679604,3188.97,1215.6,284.0
419,driver_arrival,58.3861805,26.7584601,2826.0,2702.0,417.0
419,rider_pickup_presence,58.3861805,26.7584601,2939.12,2702.0,417.0
419,trip_completion,58.3870429,26.7121318,3243.0,2702.0,417.0
419,rider_dropoff_presence,58.3870429,26.7121318,3303.06,2702.0,417.0
42,driver_arrival,58.3600398,26.7067001,282.0,380.2,57.0
42,rider_pickup_presence,58.3600398,26.7067001,341.26,380.2,57.0
42,trip_completion,58.362999,26.703434,339.0,380.2,57.0
42,rider_dropoff_presence,58.362999,26.703434,348.65,380.2,57.0
420,driver_arrival,58.3834383,26.7415557,2831.0,3200.3,890.0
420,rider_pickup_presence,58.3834383,26.7415557,2835.78,3200.3,890.0
420,trip_completion,58.3738174,26.6898203,3721.0,3200.3,890.0
420,rider_dropoff_presence,58.3738174,26.6898203,3772.84,3200.3,890.0
421,driver_arrival,58.3825377,26.7547553,2838.0,2335.3,488.0
421,rider_pickup_presence,58.3825377,26.7547553,2876.68,2335.3,488.0
421,trip_completion,58.3766494,26.7163041,3326.0,2335.3,488.0
421,rider_dropoff_presence,58.3766494,26.7163041,3356.04,2335.3,488.0
422,driver_arrival,58.3692996,26.6874718,2849.0,3648.3,1031.0
422,rider_pickup_presence,58.3692996,26.6874718,2859.96,3648.3,1031.0
422,trip_completion,58.3759181,26.7487528,3880.0,3648.3,1031.0
422,rider_dropoff_presence,58.3759181,26.7487528,3995.43,3648.3,1031.0
423,driver_arrival,58.3774059,26.7673295,2849.0,1081.8,153.0
423,rider_pickup_presence,58.3774059,26.7673295,2949.32,1081.8,153.0
423,trip_completion,58.3847706,26.7552046,3002.0,1081.8,153.0
423,rider_dropoff_presence,58.3847706,26.7552046,3071.02,1081.8,153.0
424,driver_arrival,58.3742347,26.7075763,2855.0,1347.6,220.0
424,rider_pickup_presence,58.3742347,26.7075763,2969.09,1347.6,220.0
424,trip_completion,58.3736852,26.6844883,3075.0,1347.6,220.0
424,rider_dropoff_presence,58.3736852,26.6844883,3194.95,1347.6,220.0
425,driver_arrival,58.382144,26.72869,2870.0,1253.6,304.0
425,rider_pickup_presence,58.382144,26.72869,2950.67,1253.6,304.0
425,trip_completion,58.3895919,26.7125445,3174.0,1253.6,304.0
425,rider_dropoff_presence,58.3895919,26.7125445,3206.34,1253.6,304.0
426,driver_arrival,58.3772392,26.7511195,2874.0,2767.3,481.0
426,rider_pickup_presence,58.3772392,26.7511195,2878.83,2767.3,481.0
426,trip_completion,58.3811154,26.7042322,3355.0,2767.3,481.0
426,rider_dropoff_presence,58.3811154,26.7042322,3445.75,2767.3,481.0
428,driver_arrival,58.3846875,26.7233755,2892.0,2843.8,540.0
428,rider_pickup_presence,58.3846875,26.7233755,2948.46,2843.8,540.0
428,trip_completion,58.3722074,26.7659523,3432.0,2843.8,540.0
428,rider_dropoff_presence,58.3722074,26.7659523,3510.18,2843.8,540.0
429,driver_arrival,58.3850958,26.710396,2900.0,1119.0,250.0
429,rider_pickup_presence,58.3850958,26.710396,3009.93,1119.0,250.0
429,trip_completion,58.3773135,26.7225667,3150.0,1119.0,250.0
429,rider_dropoff_presence,58.3773135,26.7225667,3171.78,1119.0,250.0
43,driver_arrival,58.380315,26.720909,303.0,3286.8,515.0
43,rider_pickup_presence,58.380315,26.720909,373.24,3286.8,515.0
43,trip_completion,58.3776896,26.777064,818.0,3286.8,515.0
43,rider_dropoff_presence,58.3776896,26.777064,894.17,3286.8,515.0
430,driver_arrival,58.3810402,26.7387735,2913.0,3391.4,921.0
430,rider_pickup_presence,58.3810402,26.7387735,2972.01,3391.4,921.0
430,trip_completion,58.3703839,26.6842734,3834.0,3391.4,921.0
430,rider_dropoff_presence,58.3703839,26.6842734,3844.95,3391.4,921.0
431,driver_arrival,58.3622841,26.7308711,2915.0,2104.5,350.0
431,rider_pickup_presence,58.3622841,26.7308711,2956.76,2104.5,350.0
431,trip_completion,58.3729805,26.7011007,3265.0,2104.5,350.0
431,rider_dropoff_presence,58.3729805,26.7011007,3305.0,2104.5,350.0
432,driver_arrival,58.3618637,26.7051642,2918.0,2831.2,508.0
432,rider_pickup_presence,58.3618637,26.7051642,2998.42,2831.2,508.0
432,trip_completion,58.3862148,26.7193482,3426.0,2831.2,508.0
432,rider_dropoff_presence,58.3862148,26.7193482,3528.93,2831.2,508.0
433,driver_arrival,58.3642031,26.6831224,2919.0,2494.0,338.0
433,rider_pickup_presence,58.3642031,26.6831224,2958.58,2494.0,338.0
433,trip_completion,58.3845718,26.7010321,3257.0,2494.0,338.0
433,rider_dropoff_presence,58.3845718,26.7010321,3340.24,2494.0,338.0
434,driver_arrival,58.384687,26.7134135,2927.0,2872.3,570.0
434,rider_pickup_presence,58.384687,26.7134135,2961.59,2872.3,570.0
434,trip_completion,58.3769894,26.7604457,3497.0,2872.3,570.0
434,rider_dropoff_presence,58.3769894,26.7604457,3610.42,2872.3,570.0
435,driver_arrival,58.3742427,26.7576703,2938.0,1367.7,242.0
435,rider_pickup_presence,58.3742427,26.7576703,3035.63,1367.7,242.0
435,trip_completion,58.364752,26.7427511,3180.0,1367.7,242.0
435,rider_dropoff_presence,58.364752,26.7427511,3246.01,1367.7,242.0
436,driver_arrival,58.3801314,26.7628836,2941.0,716.8,114.0
436,rider_pickup_presence,58.3801314,26.7628836,2995.58,716.8,114.0
436,trip_completion,58.3744888,26.7569397,3055.0,716.8,114.0
436,rider_dropoff_presence,58.3744888,26.7569397,3092.74,716.8,114.0
437,driver_arrival,58.3632236,26.7305328,2967.0,3003.1,313.0
437,rider_pickup_presence,58.3632236,26.7305328,3005.79,3003.1,313.0
437,trip_completion,58.3823068,26.7669776,3280.0,3003.1,313.0
437,rider_dropoff_presence,58.3823068,26.7669776,3396.42,3003.1,313.0
438,driver_arrival,58.3787917,26.7491094,2984.0,1771.3,294.0
438,rider_pickup_presence,58.3787917,26.7491094,3032.5,1771.3,294.0
438,trip_completion,58.3817008,26.7192368,3278.0,1771.3,294.0
438,rider_dropoff_presence,58.3817008,26.7192368,3339.75,1771.3,294.0
439,driver_arrival,58.3729158,26.758399,2985.0,1495.2,231.0
439,rider_pickup_presence,58.3729158,26.758399,3103.57,1495.2,231.0
439,trip_completion,58.3808031,26.7376294,3216.0,1495.2,231.0
439,rider_dropoff_presence,58.3808031,26.7376294,3294.92,1495.2,231.0
44,driver_arrival,58.3845328,26.7137005,316.0,1263.0,331.0
44,rider_pickup_presence,58.3845328,26.7137005,381.11,1263.0,331.0
44,trip_completion,58.3757641,26.7274721,647.0,1263.0,331.0
44,rider_dropoff_presence,58.3757641,26.7274721,696.59,1263.0,331.0
440,driver_arrival,58.3772372,26.7571274,2990.0,2140.8,192.0
440,rider_pickup_presence,58.3772372,26.7571274,3012.51,2140.8,192.0
440,trip_completion,58.3667873,26.726292,3182.0,2140.8,192.0
440,rider_dropoff_presence,58.3667873,26.726292,3225.41,2140.8,192.0
441,driver_arrival,58.3678869,26.6816563,2993.0,2432.2,530.0
441,rider_pickup_presence,58.3678869,26.6816563,3083.77,2432.2,530.0
441,trip_completion,58.3736971,26.721868,3523.0,2432.2,530.0
441,rider_dropoff_presence,58.3736971,26.721868,3598.05,2432.2,530.0
442,driver_arrival,58.3601525,26.7252132,3005.0,3176.1,496.0
442,rider_pickup_presence,58.3601525,26.7252132,3096.2,3176.1,496.0
442,trip_completion,58.3884647,26.7324197,3501.0,3176.1,496.0
442,rider_dropoff_presence,58.3884647,26.7324197,3525.43,3176.1,496.0
443,driver_arrival,58.3698368,26.7672918,3007.0,3216.7,658.0
443,rider_pickup_presence,58.3698368,26.7672918,3072.91,3216.7,658.0
443,trip_completion,58.391311,26.7303197,3665.0,3216.7,658.0
443,rider_dropoff_presence,58.391311,26.7303197,3776.32,3216.7,658.0
444,driver_arrival,58.3775405,26.7676962,3019.0,619.6,193.0
444,rider_pickup_presence,58.3775405,26.7676962,3071.57,619.6,193.0
444,trip_completion,58.3720059,26.7689323,3212.0,619.6,193.0
444,rider_dropoff_presence,58.3720059,26.7689323,3295.79,619.6,193.0
445,driver_arrival,58.3787917,26.7491094,3024.0,823.5,137.0
445,rider_pickup_presence,58.3787917,26.7491094,3038.57,823.5,137.0
445,trip_completion,58.3798702,26.7630844,3161.0,823.5,137.0
445,rider_dropoff_presence,58.3798702,26.7630844,3277.78,823.5,137.0
446,driver_arrival,58.3610638,26.7080698,3024.0,4605.6,1028.0
446,rider_pickup_presence,58.3610638,26.7080698,3097.06,4605.6,1028.0
446,trip_completion,58.3800764,26.7782369,4052.0,4605.6,1028.0
446,rider_dropoff_presence,58.3800764,26.7782369,4080.72,4605.6,1028.0
447,driver_arrival,58.3865177,26.6799698,3025.0,3978.8,809.0
447,rider_pickup_presence,58.3865177,26.6799698,3044.01,3978.8,809.0
447,trip_completion,58.3818753,26.7476515,3834.0,3978.8,809.0
447,rider_dropoff_presence,58.3818753,26.7476515,3900.1,3978.8,809.0
448,driver_arrival,58.3809572,26.7453361,3053.0,1229.1,245.0
448,rider_pickup_presence,58.3809572,26.7453361,3119.27,1229.1,245.0
448,trip_completion,58.3710894,26.7548364,3298.0,1229.1,245.0
448,rider_dropoff_presence,58.3710894,26.7548364,3309.19,1229.1,245.0
449,driver_arrival,58.3701553,26.7340243,3060.0,539.1,105.0
449,rider_pickup_presence,58.3701553,26.7340243,3179.07,539.1,105.0
449,trip_completion,58.3668032,26.7407034,3165.0,539.1,105.0
449,rider_dropoff_presence,58.3668032,26.7407034,3274.55,539.1,105.0
45,driver_arrival,58.3887619,26.7075717,321.0,2549.4,408.0
45,rider_pickup_presence,58.3887619,26.7075717,376.37,2549.4,408.0
45,trip_completion,58.3659725,26.7027792,729.0,2549.4,408.0
45,rider_dropoff_presence,58.3659725,26.7027792,743.1,2549.4,408.0
450,driver_arrival,58.3869428,26.7588243,3084.0,3400.7,577.0
450,rider_pickup_presence,58.3869428,26.7588243,3183.86,3400.7,577.0
450,trip_completion,58.3704345,26.7097207,3661.0,3400.7,577.0
450,rider_dropoff_presence,58.3704345,26.7097207,3720.81,3400.7,577.0
451,driver_arrival,58.3707844,26.76584,3089.0,2456.3,805.0
451,rider_pickup_presence,58.3707844,26.76584,3174.99,2456.3,805.0
451,trip_completion,58.3638018,26.7258806,3894.0,2456.3,805.0
451,rider_dropoff_presence,58.3638018,26.7258806,3955.06,2456.3,805.0
452,driver_arrival,58.3601673,26.7409159,3134.0,1931.9,348.0
452,rider_pickup_presence,58.3601673,26.7409159,3166.81,1931.9,348.0
452,trip_completion,58.3752911,26.7572217,3482.0,1931.9,348.0
452,rider_dropoff_presence,58.3752911,26.7572217,3582.17,1931.9,348.0
453,driver_arrival,58.3853848,26.7160057,3135.0,3725.2,709.0
453,rider_pickup_presence,58.3853848,26.7160057,3252.63,3725.2,709.0
453,trip_completion,58.3729818,26.7753636,3844.0,3725.2,709.0
453,rider_dropoff_presence,58.3729818,26.7753636,3873.25,3725.2,709.0
454,driver_arrival,58.3747678,26.6993581,3138.0,1719.3,300.0
454,rider_pickup_presence,58.3747678,26.6993581,3204.15,1719.3,300.0
454,trip_completion,58.3836688,26.7234731,3438.0,1719.3,300.0
454,rider_dropoff_presence,58.3836688,26.7234731,3484.03,1719.3,300.0
455,driver_arrival,58.3894526,26.7337515,3154.0,2744.4,818.0
455,rider_pickup_presence,58.3894526,26.7337515,3264.62,2744.4,818.0
455,trip_completion,58.3716979,26.7664512,3972.0,2744.4,818.0
455,rider_dropoff_presence,58.3716979,26.7664512,4032.99,2744.4,818.0
456,driver_arrival,58.3621944,26.7404819,3166.0,1177.7,144.0
456,rider_pickup_presence,58.3621944,26.7404819,3271.52,1177.7,144.0
456,trip_completion,58.3637064,26.7204961,3310.0,1177.7,144.0
456,rider_dropoff_presence,58.3637064,26.7204961,3413.68,1177.7,144.0
457,driver_arrival,58.3734533,26.7252894,3172.0,1335.2,667.0
457,rider_pickup_presence,58.3734533,26.7252894,3205.15,1335.2,667.0
457,trip_completion,58.3835224,26.7128111,3839.0,1335.2,667.0
457,rider_dropoff_presence,58.3835224,26.7128111,3933.8,1335.2,667.0
458,driver_arrival,58.3827958,26.7107335,3173.0,3502.6,878.0
458,rider_pickup_presence,58.3827958,26.7107335,3222.79,3502.6,878.0
458,trip_completion,58.3738167,26.7683194,4051.0,3502.6,878.0
458,rider_dropoff_presence,58.3738167,26.7683194,4163.11,3502.6,878.0
459,driver_arrival,58.3761417,26.7319684,3175.0,2091.6,565.0
459,rider_pickup_presence,58.3761417,26.7319684,3235.93,2091.6,565.0
459,trip_completion,58.3755098,26.6961144,3740.0,2091.6,565.0
459,rider_dropoff_presence,58.3755098,26.6961144,3838.47,2091.6,565.0
46,driver_arrival,58.3694818,26.7730599,326.0,3745.0,881.0
46,rider_pickup_presence,58.3694818,26.7730599,359.94,3745.0,881.0
46,trip_completion,58.3828098,26.7140714,1207.0,3745.0,881.0
46,rider_dropoff_presence,58.3828098,26.7140714,1242.83,3745.0,881.0
460,driver_arrival,58.3699492,26.7015841,3184.0,3823.4,892.0
460,rider_pickup_presence,58.3699492,26.7015841,3254.43,3823.4,892.0
460,trip_completion,58.3718779,26.7670481,4076.0,3823.4,892.0
460,rider_dropoff_presence,58.3718779,26.7670481,4195.87,3823.4,892.0
461,driver_arrival,58.3739855,26.7325374,3192.0,2575.0,559.0
461,rider_pickup_presence,58.3739855,26.7325374,3250.76,2575.0,559.0
461,trip_completion,58.3863573,26.6951997,3751.0,2575.0,559.0
461,rider_dropoff_presence,58.3863573,26.6951997,3768.83,2575.0,559.0
462,driver_arrival,58.3684066,26.7215711,3212.0,1735.2,295.0
462,rider_pickup_presence,58.3684066,26.7215711,3276.63,1735.2,295.0
462,trip_completion,58.3756507,26.6952143,3507.0,1735.2,295.0
462,rider_dropoff_presence,58.3756507,26.6952143,3548.41,1735.2,295.0
463,driver_arrival,58.3750492,26.7665445,3231.0,2893.4,896.0
463,rider_pickup_presence,58.3750492,26.7665445,3297.23,2893.4,896.0
463,trip_completion,58.3765446,26.7170006,4127.0,2893.4,896.0
463,rider_dropoff_presence,58.3765446,26.7170006,4192.21,2893.4,896.0
464,driver_arrival,58.3789907,26.7437974,3238.0,952.4,220.0
464,rider_pickup_presence,58.3789907,26.7437974,3292.64,952.4,220.0
464,trip_completion,58.3746213,26.7297477,3458.0,952.4,220.0
464,rider_dropoff_presence,58.3746213,26.7297477,3496.61,952.4,220.0
465,driver_arrival,58.3848907,26.7568373,3239.0,1157.9,211.0
465,rider_pickup_presence,58.3848907,26.7568373,3261.64,1157.9,211.0
465,trip_completion,58.3810438,26.7383793,3450.0,1157.9,211.0
465,rider_dropoff_presence,58.3810438,26.7383793,3533.7,1157.9,211.0
466,driver_arrival,58.3690825,26.7214127,3253.0,2459.4,599.0
466,rider_pickup_presence,58.3690825,26.7214127,3321.62,2459.4,599.0
466,trip_completion,58.3911493,26.7242847,3852.0,2459.4,599.0
466,rider_dropoff_presence,58.3911493,26.7242847,3880.03,2459.4,599.0
467,driver_arrival,58.368664,26.7732646,3256.0,959.9,421.0
467,rider_pickup_presence,58.368664,26.7732646,3349.07,959.9,421.0
467,trip_completion,58.372288,26.7583245,3677.0,959.9,421.0
467,rider_dropoff_presence,58.372288,26.7583245,3682.24,959.9,421.0
468,driver_arrival,58.364801,26.7019522,3260.0,4232.4,753.0
468,rider_pickup_presence,58.364801,26.7019522,3349.36,4232.4,753.0
468,trip_completion,58.3768978,26.7707702,4013.0,4232.4,753.0
468,rider_dropoff_presence,58.3768978,26.7707702,4097.63,4232.4,753.0
469,driver_arrival,58.3799734,26.7654118,3265.0,3133.8,523.0
469,rider_pickup_presence,58.3799734,26.7654118,3362.37,3133.8,523.0
469,trip_completion,58.3872598,26.7134786,3788.0,3133.8,523.0
469,rider_dropoff_presence,58.3872598,26.7134786,3834.33,3133.8,523.0
47,driver_arrival,58.3892383,26.7121633,330.0,2641.6,465.0
47,rider_pickup_presence,58.3892383,26.7121633,409.64,2641.6,465.0
47,trip_completion,58.3846597,26.7566355,795.0,2641.6,465.0
47,rider_dropoff_presence,58.3846597,26.7566355,893.49,2641.6,465.0
470,driver_arrival,58.3705778,26.7095316,3286.0,1568.6,282.0
470,rider_pickup_presence,58.3705778,26.7095316,3403.7,1568.6,282.0
470,trip_completion,58.3714789,26.682686,3568.0,1568.6,282.0
470,rider_dropoff_presence,58.3714789,26.682686,3627.44,1568.6,282.0
471,driver_arrival,58.378097,26.7285196,3287.0,2724.3,288.0
471,rider_pickup_presence,58.378097,26.7285196,3291.44,2724.3,288.0
471,trip_completion,58.3785816,26.7752388,3575.0,2724.3,288.0
471,rider_dropoff_presence,58.3785816,26.7752388,3635.27,2724.3,288.0
472,driver_arrival,58.3828701,26.7108657,3287.0,3985.6,600.0
472,rider_pickup_presence,58.3828701,26.7108657,3357.82,3985.6,600.0
472,trip_completion,58.3759131,26.7779312,3887.0,3985.6,600.0
472,rider_dropoff_presence,58.3759131,26.7779312,3991.36,3985.6,600.0
473,driver_arrival,58.3829838,26.693589,3292.0,2863.0,514.0
473,rider_pickup_presence,58.3829838,26.693589,3396.9,2863.0,514.0
473,trip_completion,58.3795785,26.7422692,3806.0,2863.0,514.0
473,rider_dropoff_presence,58.3795785,26.7422692,3858.84,2863.0,514.0
474,driver_arrival,58.3678314,26.7686598,3294.0,3781.1,865.0
474,rider_pickup_presence,58.3678314,26.7686598,3357.11,3781.1,865.0
474,trip_completion,58.366076,26.7039113,4159.0,3781.1,865.0
474,rider_dropoff_presence,58.366076,26.7039113,4213.83,3781.1,865.0
475,driver_arrival,58.3758812,26.7041684,3317.0,1950.0,505.0
475,rider_pickup_presence,58.3758812,26.7041684,3403.69,1950.0,505.0
475,trip_completion,58.3683433,26.7343624,3822.0,1950.0,505.0
475,rider_dropoff_presence,58.3683433,26.7343624,3871.2,1950.0,505.0
476,driver_arrival,58.3873872,26.719042,3319.0,1956.0,535.0
476,rider_pickup_presence,58.3873872,26.719042,3397.57,1956.0,535.0
476,trip_completion,58.3700533,26.7247575,3854.0,1956.0,535.0
476,rider_dropoff_presence,58.3700533,26.7247575,3872.52,1956.0,535.0
477,driver_arrival,58.3743278,26.6888519,3323.0,1254.0,182.0
477,rider_pickup_presence,58.3743278,26.6888519,3379.34,1254.0,182.0
477,trip_completion,58.3789734,26.7084509,3505.0,1254.0,182.0
477,rider_dropoff_presence,58.3789734,26.7084509,3621.3,1254.0,182.0
478,driver_arrival,58.378399,26.7452458,3325.0,2559.2,665.0
478,rider_pickup_presence,58.378399,26.7452458,3365.63,2559.2,665.0
478,trip_completion,58.3782327,26.7013498,3990.0,2559.2,665.0
478,rider_dropoff_presence,58.3782327,26.7013498,4073.12,2559.2,665.0
479,driver_arrival,58.3818357,26.7301918,3333.0,2169.6,656.0
479,rider_pickup_presence,58.3818357,26.7301918,3410.98,2169.6,656.0
479,trip_completion,58.3651993,26.7107491,3989.0,2169.6,656.0
479,rider_dropoff_presence,58.3651993,26.7107491,4091.21,2169.6,656.0
48,driver_arrival,58.3790971,26.7586755,339.0,2751.6,735.0
48,rider_pickup_presence,58.3790971,26.7586755,441.28,2751.6,735.0
48,trip_completion,58.3727779,26.7130467,1074.0,2751.6,735.0
48,rider_dropoff_presence,58.3727779,26.7130467,1177.12,2751.6,735.0
480,driver_arrival,58.3713638,26.7671796,3336.0,639.3,533.0
480,rider_pickup_presence,58.3713638,26.7671796,3381.6,639.3,533.0
480,trip_completion,58.3737742,26.7771324,3869.0,639.3,533.0
480,rider_dropoff_presence,58.3737742,26.7771324,3907.0,639.3,533.0
481,driver_arrival,58.3643322,26.7105858,3347.0,1027.2,118.0
481,rider_pickup_presence,58.3643322,26.7105858,3433.25,1027.2,118.0
481,trip_completion,58.3610705,26.6941086,3465.0,1027.2,118.0
481,rider_dropoff_presence,58.3610705,26.6941086,3556.13,1027.2,118.0
482,driver_arrival,58.3748539,26.6929423,3356.0,3254.4,462.0
482,rider_pickup_presence,58.3748539,26.6929423,3460.69,3254.4,462.0
482,trip_completion,58.3683449,26.7473545,3818.0,3254.4,462.0
482,rider_dropoff_presence,58.3683449,26.7473545,3822.31,3254.4,462.0
483,driver_arrival,58.3846788,26.7135054,3379.0,2355.9,403.0
483,rider_pickup_presence,58.3846788,26.7135054,3387.21,2355.9,403.0
483,trip_completion,58.3637542,26.7071629,3782.0,2355.9,403.0
483,rider_dropoff_presence,58.3637542,26.7071629,3857.74,2355.9,403.0
484,driver_arrival,58.3624622,26.7045557,3379.0,1521.1,447.0
484,rider_pickup_presence,58.3624622,26.7045557,3489.51,1521.1,447.0
484,trip_completion,58.3681224,26.728299,3826.0,1521.1,447.0
484,rider_dropoff_presence,58.3681224,26.728299,3945.69,1521.1,447.0
485,driver_arrival,58.3863256,26.7577297,3396.0,789.3,128.0
485,rider_pickup_presence,58.3863256,26.7577297,3485.61,789.3,128.0
485,trip_completion,58.3792804,26.7560728,3524.0,789.3,128.0
485,rider_dropoff_presence,58.3792804,26.7560728,3576.08,789.3,128.0
486,driver_arrival,58.3805794,26.7334292,3407.0,1220.6,325.0
486,rider_pickup_presence,58.3805794,26.7334292,3418.81,1220.6,325.0
486,trip_completion,58.3765451,26.7139569,3732.0,1220.6,325.0
486,rider_dropoff_presence,58.3765451,26.7139569,3808.05,1220.6,325.0
487,driver_arrival,58.387053,26.7240498,3410.0,2711.3,759.0
487,rider_pickup_presence,58.387053,26.7240498,3514.71,2711.3,759.0
487,trip_completion,58.365895,26.7009372,4169.0,2711.3,759.0
487,rider_dropoff_presence,58.365895,26.7009372,4222.24,2711.3,759.0
488,driver_arrival,58.3850252,26.6925052,3415.0,2954.5,340.0
488,rider_pickup_presence,58.3850252,26.6925052,3498.28,2954.5,340.0
488,trip_completion,58.363903,26.7232475,3755.0,2954.5,340.0
488,rider_dropoff_presence,58.363903,26.7232475,3863.41,2954.5,340.0
489,driver_arrival,58.3840141,26.6945262,3416.0,1453.7,437.0
489,rider_pickup_presence,58.3840141,26.6945262,3421.52,1453.7,437.0
489,trip_completion,58.3876672,26.7184734,3853.0,1453.7,437.0
489,rider_dropoff_presence,58.3876672,26.7184734,3948.54,1453.7,437.0
49,driver_arrival,58.3823777,26.7377489,339.0,3652.4,1128.0
49,rider_pickup_presence,58.3823777,26.7377489,374.2,3652.4,1128.0
49,trip_completion,58.3657444,26.6837334,1467.0,3652.4,1128.0
49,rider_dropoff_presence,58.3657444,26.6837334,1511.98,3652.4,1128.0
490,driver_arrival,58.3796953,26.7588694,3426.0,1225.2,196.0
490,rider_pickup_presence,58.3796953,26.7588694,3443.47,1225.2,196.0
490,trip_completion,58.382231,26.7793222,3622.0,1225.2,196.0
490,rider_dropoff_presence,58.382231,26.7793222,3685.74,1225.2,196.0
491,driver_arrival,58.3896184,26.7181614,3447.0,2027.3,326.0
491,rider_pickup_presence,58.3896184,26.7181614,3514.91,2027.3,326.0
491,trip_completion,58.3732538,26.7334929,3773.0,2027.3,326.0
491,rider_dropoff_presence,58.3732538,26.7334929,3868.1,2027.3,326.0
492,driver_arrival,58.375612,26.7077973,3453.0,2711.0,522.0
492,rider_pickup_presence,58.375612,26.7077973,3473.4,2711.0,522.0
492,trip_completion,58.3774794,26.754159,3975.0,2711.0,522.0
492,rider_dropoff_presence,58.3774794,26.754159,3984.48,2711.0,522.0
493,driver_arrival,58.369664,26.7786097,3457.0,2892.6,389.0
493,rider_pickup_presence,58.369664,26.7786097,3561.5,2892.6,389.0
493,trip_completion,58.3633749,26.7304815,3846.0,2892.6,389.0
493,rider_dropoff_presence,58.3633749,26.7304815,3920.37,2892.6,389.0
494,driver_arrival,58.3680828,26.7420688,3463.0,1186.3,131.0
494,rider_pickup_presence,58.3680828,26.7420688,3491.9,1186.3,131.0
494,trip_completion,58.3746544,26.7260436,3594.0,1186.3,131.0
494,rider_dropoff_presence,58.3746544,26.7260436,3703.54,1186.3,131.0
495,driver_arrival,58.3764078,26.7453999,3471.0,2522.6,357.0
495,rider_pickup_presence,58.3764078,26.7453999,3488.17,2522.6,357.0
495,trip_completion,58.3893073,26.7098011,3828.0,2522.6,357.0
495,rider_dropoff_presence,58.3893073,26.7098011,3883.34,2522.6,357.0
496,driver_arrival,58.3685088,26.6836479,3471.0,4953.6,1054.0
496,rider_pickup_presence,58.3685088,26.6836479,3501.48,4953.6,1054.0
496,trip_completion,58.3681759,26.7685879,4525.0,4953.6,1054.0
496,rider_dropoff_presence,58.3681759,26.7685879,4555.64,4953.6,1054.0
497,driver_arrival,58.3692138,26.7060229,3475.0,934.3,189.0
497,rider_pickup_presence,58.3692138,26.7060229,3476.13,934.3,189.0
497,trip_completion,58.377328,26.7101826,3664.0,934.3,189.0
497,rider_dropoff_presence,58.377328,26.7101826,3760.56,934.3,189.0
498,driver_arrival,58.3860968,26.7192233,3483.0,1283.7,669.0
498,rider_pickup_presence,58.3860968,26.7192233,3591.15,1283.7,669.0
498,trip_completion,58.3749461,26.7135211,4152.0,1283.7,669.0
498,rider_dropoff_presence,58.3749461,26.7135211,4233.31,1283.7,669.0
499,driver_arrival,58.3752773,26.6812766,3492.0,5165.4,1039.0
499,rider_pickup_presence,58.3752773,26.6812766,3510.96,5165.4,1039.0
499,trip_completion,58.3663981,26.7682247,4531.0,5165.4,1039.0
499,rider_dropoff_presence,58.3663981,26.7682247,4584.01,5165.4,1039.0
5,driver_arrival,58.3626733,26.7731527,26.0,4743.3,1010.0
5,rider_pickup_presence,58.3626733,26.7731527,67.47,4743.3,1010.0
5,trip_completion,58.3856991,26.7046722,1036.0,4743.3,1010.0
5,rider_dropoff_presence,58.3856991,26.7046722,1106.51,4743.3,1010.0
50,driver_arrival,58.3889897,26.7328049,349.0,2068.6,252.0
50,rider_pickup_presence,58.3889897,26.7328049,425.67,2068.6,252.0
50,trip_completion,58.3735387,26.7525689,601.0,2068.6,252.0
50,rider_dropoff_presence,58.3735387,26.7525689,651.92,2068.6,252.0
500,driver_arrival,58.3645284,26.73442,3509.0,1351.2,228.0
500,rider_pickup_presence,58.3645284,26.73442,3539.01,1351.2,228.0
500,trip_completion,58.3766489,26.732766,3737.0,1351.2,228.0
500,rider_dropoff_presence,58.3766489,26.732766,3838.44,1351.2,228.0
501,driver_arrival,58.3741154,26.7753359,3517.0,5348.2,1308.0
501,rider_pickup_presence,58.3741154,26.7753359,3540.91,5348.2,1308.0
501,trip_completion,58.3761046,26.6836872,4825.0,5348.2,1308.0
501,rider_dropoff_presence,58.3761046,26.6836872,4871.16,5348.2,1308.0
502,driver_arrival,58.3857064,26.7002593,3522.0,3590.9,495.0
502,rider_pickup_presence,58.3857064,26.7002593,3579.98,3590.9,495.0
502,trip_completion,58.3710378,26.7551309,4017.0,3590.9,495.0
502,rider_dropoff_presence,58.3710378,26.7551309,4045.46,3590.9,495.0
503,driver_arrival,58.3644747,26.7678147,3525.0,1835.0,548.0
503,rider_pickup_presence,58.3644747,26.7678147,3593.63,1835.0,548.0
503,trip_completion,58.3646076,26.7363538,4073.0,1835.0,548.0
503,rider_dropoff_presence,58.3646076,26.7363538,4141.98,1835.0,548.0
504,driver_arrival,58.3736982,26.7603212,3527.0,3112.5,412.0
504,rider_pickup_presence,58.3736982,26.7603212,3646.12,3112.5,412.0
504,trip_completion,58.3876309,26.7140147,3939.0,3112.5,412.0
504,rider_dropoff_presence,58.3876309,26.7140147,3974.43,3112.5,412.0
505,driver_arrival,58.374574,26.7689425,3538.0,4734.9,1012.0
505,rider_pickup_presence,58.374574,26.7689425,3655.35,4734.9,1012.0
505,trip_completion,58.3713879,26.687967,4550.0,4734.9,1012.0
505,rider_dropoff_presence,58.3713879,26.687967,4628.99,4734.9,1012.0
506,driver_arrival,58.3759996,26.7495968,3547.0,3849.3,432.0
506,rider_pickup_presence,58.3759996,26.7495968,3579.94,3849.3,432.0
506,trip_completion,58.3784082,26.6837331,3979.0,3849.3,432.0
506,rider_dropoff_presence,58.3784082,26.6837331,4046.91,3849.3,432.0
507,driver_arrival,58.3826752,26.7239619,3549.0,843.3,374.0
507,rider_pickup_presence,58.3826752,26.7239619,3631.3,843.3,374.0
507,trip_completion,58.3774295,26.7344093,3923.0,843.3,374.0
507,rider_dropoff_presence,58.3774295,26.7344093,4012.36,843.3,374.0
508,driver_arrival,58.387629,26.714081,3551.0,2279.4,385.0
508,rider_pickup_presence,58.387629,26.714081,3556.89,2279.4,385.0
508,trip_completion,58.3765019,26.6812416,3936.0,2279.4,385.0
508,rider_dropoff_presence,58.3765019,26.6812416,4008.77,2279.4,385.0
509,driver_arrival,58.3832238,26.7487696,3553.0,468.8,84.0
509,rider_pickup_presence,58.3832238,26.7487696,3612.61,468.8,84.0
509,trip_completion,58.3832052,26.7568116,3637.0,468.8,84.0
509,rider_dropoff_presence,58.3832052,26.7568116,3745.5,468.8,84.0
510,driver_arrival,58.3877577,26.6956901,3555.0,2530.0,303.0
510,rider_pickup_presence,58.3877577,26.6956901,3589.34,2530.0,303.0
510,trip_completion,58.3655561,26.6861977,3858.0,2530.0,303.0
510,rider_dropoff_presence,58.3655561,26.6861977,3953.86,2530.0,303.0
511,driver_arrival,58.3701721,26.7215667,3562.0,1597.0,470.0
511,rider_pickup_presence,58.3701721,26.7215667,3634.85,1597.0,470.0
511,trip_completion,58.3658659,26.6954415,4032.0,1597.0,470.0
511,rider_dropoff_presence,58.3658659,26.6954415,4074.28,1597.0,470.0
512,driver_arrival,58.36671,26.7003276,3567.0,1223.9,221.0
512,rider_pickup_presence,58.36671,26.7003276,3643.39,1223.9,221.0
512,trip_completion,58.3671117,26.7212998,3788.0,1223.9,221.0
512,rider_dropoff_presence,58.3671117,26.7212998,3862.51,1223.9,221.0
513,driver_arrival,58.3630246,26.6999047,3568.0,3807.1,843.0
513,rider_pickup_presence,58.3630246,26.6999047,3649.33,3807.1,843.0
513,trip_completion,58.3735996,26.7619948,4411.0,3807.1,843.0
513,rider_dropoff_presence,58.3735996,26.7619948,4497.51,3807.1,843.0
514,driver_arrival,58.364067,26.7233616,3576.0,955.5,90.0
514,rider_pickup_presence,58.364067,26.7233616,3655.1,955.5,90.0
514,trip_completion,58.3628776,26.7395861,3666.0,955.5,90.0
514,rider_dropoff_presence,58.3628776,26.7395861,3766.6,955.5,90.0
52,driver_arrival,58.3696239,26.7760005,350.0,4726.3,793.0
52,rider_pickup_presence,58.3696239,26.7760005,425.39,4726.3,793.0
52,trip_completion,58.370659,26.6949761,1143.0,4726.3,793.0
52,rider_dropoff_presence,58.370659,26.6949761,1251.41,4726.3,793.0
53,driver_arrival,58.3677878,26.7263789,355.0,2403.2,452.0
53,rider_pickup_presence,58.3677878,26.7263789,432.56,2403.2,452.0
53,trip_completion,58.3718351,26.7668606,807.0,2403.2,452.0
53,rider_dropoff_presence,58.3718351,26.7668606,844.07,2403.2,452.0
54,driver_arrival,58.3688717,26.7370368,363.0,480.2,81.0
54,rider_pickup_presence,58.3688717,26.7370368,415.9,480.2,81.0
54,trip_completion,58.3645821,26.7379851,444.0,480.2,81.0
54,rider_dropoff_presence,58.3645821,26.7379851,513.55,480.2,81.0
55,driver_arrival,58.3820446,26.7407548,373.0,722.5,243.0
55,rider_pickup_presence,58.3820446,26.7407548,460.88,722.5,243.0
55,trip_completion,58.3771371,26.7326334,616.0,722.5,243.0
55,rider_dropoff_presence,58.3771371,26.7326334,626.82,722.5,243.0
56,driver_arrival,58.3700579,26.7082213,385.0,979.3,675.0
56,rider_pickup_presence,58.3700579,26.7082213,420.41,979.3,675.0
56,trip_completion,58.3742486,26.7229927,1060.0,979.3,675.0
56,rider_dropoff_presence,58.3742486,26.7229927,1149.7,979.3,675.0
57,driver_arrival,58.3863244,26.7186369,396.0,2014.1,317.0
57,rider_pickup_presence,58.3863244,26.7186369,417.08,2014.1,317.0
57,trip_completion,58.3723033,26.6967646,713.0,2014.1,317.0
57,rider_dropoff_presence,58.3723033,26.6967646,728.86,2014.1,317.0
58,driver_arrival,58.3715019,26.6938522,411.0,2847.2,899.0
58,rider_pickup_presence,58.3715019,26.6938522,475.73,2847.2,899.0
58,trip_completion,58.3824069,26.7380365,1310.0,2847.2,899.0
58,rider_dropoff_presence,58.3824069,26.7380365,1426.58,2847.2,899.0
59,driver_arrival,58.3758087,26.6829201,412.0,2472.3,461.0
59,rider_pickup_presence,58.3758087,26.6829201,475.7,2472.3,461.0
59,trip_completion,58.3872757,26.7192546,873.0,2472.3,461.0
59,rider_dropoff_presence,58.3872757,26.7192546,982.62,2472.3,461.0
6,driver_arrival,58.3758963,26.6829253,28.0,4453.4,662.0
6,rider_pickup_presence,58.3758963,26.6829253,127.66,4453.4,662.0
6,trip_completion,58.385244,26.7572083,690.0,4453.4,662.0
6,rider_dropoff_presence,58.385244,26.7572083,720.84,4453.4,662.0
60,driver_arrival,58.3729497,26.6913044,414.0,823.2,92.0
60,rider_pickup_presence,58.3729497,26.6913044,512.96,823.2,92.0
60,trip_completion,58.3781643,26.7013267,506.0,823.2,92.0
60,rider_dropoff_presence,58.3781643,26.7013267,563.82,823.2,92.0
61,driver_arrival,58.3770199,26.7497669,421.0,1670.4,213.0
61,rider_pickup_presence,58.3770199,26.7497669,517.78,1670.4,213.0
61,trip_completion,58.3690592,26.7254735,634.0,1670.4,213.0
61,rider_dropoff_presence,58.3690592,26.7254735,723.59,1670.4,213.0
62,driver_arrival,58.3684544,26.7360403,432.0,1775.5,231.0
62,rider_pickup_presence,58.3684544,26.7360403,472.65,1775.5,231.0
62,trip_completion,58.3840143,26.7292014,663.0,1775.5,231.0
62,rider_dropoff_presence,58.3840143,26.7292014,676.82,1775.5,231.0
63,driver_arrival,58.3851081,26.7126123,436.0,4058.5,736.0
63,rider_pickup_presence,58.3851081,26.7126123,551.55,4058.5,736.0
63,trip_completion,58.3734745,26.7785976,1172.0,4058.5,736.0
63,rider_dropoff_presence,58.3734745,26.7785976,1188.89,4058.5,736.0
64,driver_arrival,58.3724485,26.7495481,458.0,2610.3,574.0
64,rider_pickup_presence,58.3724485,26.7495481,573.98,2610.3,574.0
64,trip_completion,58.3812611,26.7080507,1032.0,2610.3,574.0
64,rider_dropoff_presence,58.3812611,26.7080507,1135.22,2610.3,574.0
65,driver_arrival,58.3863639,26.7081194,460.0,2746.8,587.0
65,rider_pickup_presence,58.3863639,26.7081194,546.91,2746.8,587.0
65,trip_completion,58.3616654,26.7072852,1047.0,2746.8,587.0
65,rider_dropoff_presence,58.3616654,26.7072852,1164.59,2746.8,587.0
66,driver_arrival,58.3892643,26.711909,469.0,2652.2,397.0
66,rider_pickup_presence,58.3892643,26.711909,585.07,2652.2,397.0
66,trip_completion,58.3696796,26.6859426,866.0,2652.2,397.0
66,rider_dropoff_presence,58.3696796,26.6859426,962.55,2652.2,397.0
67,driver_arrival,58.3742203,26.7230197,480.0,2240.4,493.0
67,rider_pickup_presence,58.3742203,26.7230197,523.89,2240.4,493.0
67,trip_completion,58.3745688,26.761438,973.0,2240.4,493.0
67,rider_dropoff_presence,58.3745688,26.761438,1067.88,2240.4,493.0
68,driver_arrival,58.3747894,26.7781441,489.0,4170.9,739.0
68,rider_pickup_presence,58.3747894,26.7781441,490.67,4170.9,739.0
68,trip_completion,58.3630729,26.7102008,1228.0,4170.9,739.0
68,rider_dropoff_presence,58.3630729,26.7102008,1292.39,4170.9,739.0
69,driver_arrival,58.3725519,26.7603963,499.0,713.3,196.0
69,rider_pickup_presence,58.3725519,26.7603963,553.57,713.3,196.0
69,trip_completion,58.3785135,26.7558797,695.0,713.3,196.0
69,rider_dropoff_presence,58.3785135,26.7558797,775.74,713.3,196.0
7,driver_arrival,58.3873694,26.7111874,35.0,3677.3,949.0
7,rider_pickup_presence,58.3873694,26.7111874,115.68,3677.3,949.0
7,trip_completion,58.3732424,26.7682217,984.0,3677.3,949.0
7,rider_dropoff_presence,58.3732424,26.7682217,1054.15,3677.3,949.0
70,driver_arrival,58.3754422,26.7644145,506.0,4205.4,1032.0
70,rider_pickup_presence,58.3754422,26.7644145,604.69,4205.4,1032.0
70,trip_completion,58.3614317,26.6974316,1538.0,4205.4,1032.0
70,rider_dropoff_presence,58.3614317,26.6974316,1650.84,4205.4,1032.0
71,driver_arrival,58.3647657,26.7433744,509.0,2398.5,400.0
71,rider_pickup_presence,58.3647657,26.7433744,522.0,2398.5,400.0
71,trip_completion,58.3830559,26.7215705,909.0,2398.5,400.0
71,rider_dropoff_presence,58.3830559,26.7215705,937.06,2398.5,400.0
72,driver_arrival,58.3759696,26.7104163,520.0,948.9,139.0
72,rider_pickup_presence,58.3759696,26.7104163,523.0,948.9,139.0
72,trip_completion,58.3841954,26.7060818,659.0,948.9,139.0
72,rider_dropoff_presence,58.3841954,26.7060818,765.11,948.9,139.0
73,driver_arrival,58.371517,26.7643034,522.0,4034.1,528.0
73,rider_pickup_presence,58.371517,26.7643034,589.37,4034.1,528.0
73,trip_completion,58.3756027,26.6955577,1050.0,4034.1,528.0
73,rider_dropoff_presence,58.3756027,26.6955577,1159.83,4034.1,528.0
74,driver_arrival,58.3810063,26.7786548,532.0,2095.9,230.0
74,rider_pickup_presence,58.3810063,26.7786548,558.56,2095.9,230.0
74,trip_completion,58.3803313,26.7427262,762.0,2095.9,230.0
74,rider_dropoff_presence,58.3803313,26.7427262,769.59,2095.9,230.0
75,driver_arrival,58.3616219,26.7212646,539.0,1073.3,215.0
75,rider_pickup_presence,58.3616219,26.7212646,637.86,1073.3,215.0
75,trip_completion,58.3676111,26.7068335,754.0,1073.3,215.0
75,rider_dropoff_presence,58.3676111,26.7068335,863.13,1073.3,215.0
76,driver_arrival,58.3846735,26.7382455,540.0,3300.1,488.0
76,rider_pickup_presence,58.3846735,26.7382455,576.26,3300.1,488.0
76,trip_completion,58.3769646,26.6835789,1028.0,3300.1,488.0
76,rider_dropoff_presence,58.3769646,26.6835789,1077.0,3300.1,488.0
77,driver_arrival,58.3700684,26.7730926,547.0,362.8,188.0
77,rider_pickup_presence,58.3700684,26.7730926,563.77,362.8,188.0
77,trip_completion,58.3711646,26.7672336,735.0,362.8,188.0
77,rider_dropoff_presence,58.3711646,26.7672336,848.55,362.8,188.0
78,driver_arrival,58.3653403,26.7219256,548.0,2706.5,281.0
78,rider_pickup_presence,58.3653403,26.7219256,584.52,2706.5,281.0
78,trip_completion,58.3794181,26.6840612,829.0,2706.5,281.0
78,rider_dropoff_presence,58.3794181,26.6840612,888.11,2706.5,281.0
79,driver_arrival,58.3712465,26.7728911,548.0,3730.9,993.0
79,rider_pickup_presence,58.3712465,26.7728911,559.66,3730.9,993.0
79,trip_completion,58.3608421,26.7120725,1541.0,3730.9,993.0
79,rider_dropoff_presence,58.3608421,26.7120725,1647.47,3730.9,993.0
8,driver_arrival,58.3713256,26.72149,55.0,1357.1,573.0
8,rider_pickup_presence,58.3713256,26.72149,71.28,1357.1,573.0
8,trip_completion,58.3835299,26.7214706,628.0,1357.1,573.0
8,rider_dropoff_presence,58.3835299,26.7214706,682.44,1357.1,573.0
80,driver_arrival,58.3820375,26.7670214,551.0,2180.8,528.0
80,rider_pickup_presence,58.3820375,26.7670214,631.46,2180.8,528.0
80,trip_completion,58.3626155,26.7722214,1079.0,2180.8,528.0
80,rider_dropoff_presence,58.3626155,26.7722214,1168.18,2180.8,528.0
81,driver_arrival,58.3864619,26.7082562,568.0,3124.2,573.0
81,rider_pickup_presence,58.3864619,26.7082562,681.52,3124.2,573.0
81,trip_completion,58.374414,26.7566712,1141.0,3124.2,573.0
81,rider_dropoff_presence,58.374414,26.7566712,1191.3,3124.2,573.0
82,driver_arrival,58.3863385,26.680028,571.0,2096.4,332.0
82,rider_pickup_presence,58.3863385,26.680028,660.07,2096.4,332.0
82,trip_completion,58.3837752,26.7156599,903.0,2096.4,332.0
82,rider_dropoff_presence,58.3837752,26.7156599,921.54,2096.4,332.0
83,driver_arrival,58.3621938,26.6955228,572.0,2183.8,732.0
83,rider_pickup_presence,58.3621938,26.6955228,621.79,2183.8,732.0
83,trip_completion,58.3752291,26.7235325,1304.0,2183.8,732.0
83,rider_dropoff_presence,58.3752291,26.7235325,1315.88,2183.8,732.0
84,driver_arrival,58.3779256,26.7515657,591.0,2333.5,367.0
84,rider_pickup_presence,58.3779256,26.7515657,649.72,2333.5,367.0
84,trip_completion,58.3868794,26.7153628,958.0,2333.5,367.0
84,rider_dropoff_presence,58.3868794,26.7153628,1006.97,2333.5,367.0
85,driver_arrival,58.3821496,26.6840721,610.0,547.7,49.0
85,rider_pickup_presence,58.3821496,26.6840721,724.18,547.7,49.0
85,trip_completion,58.3847565,26.6920448,659.0,547.7,49.0
85,rider_dropoff_presence,58.3847565,26.6920448,662.93,547.7,49.0
86,driver_arrival,58.372815,26.7133664,611.0,413.6,125.0
86,rider_pickup_presence,58.372815,26.7133664,655.46,413.6,125.0
86,trip_completion,58.3706254,26.7191004,736.0,413.6,125.0
86,rider_dropoff_presence,58.3706254,26.7191004,789.21,413.6,125.0
87,driver_arrival,58.3782122,26.6831443,624.0,2321.7,239.0
87,rider_pickup_presence,58.3782122,26.6831443,738.07,2321.7,239.0
87,trip_completion,58.3605788,26.7044637,863.0,2321.7,239.0
87,rider_dropoff_presence,58.3605788,26.7044637,965.65,2321.7,239.0
88,driver_arrival,58.3725533,26.7587672,630.0,3144.4,860.0
88,rider_pickup_presence,58.3725533,26.7587672,641.92,3144.4,860.0
88,trip_completion,58.3801344,26.7068106,1490.0,3144.4,860.0
88,rider_dropoff_presence,58.3801344,26.7068106,1572.28,3144.4,860.0
89,driver_arrival,58.3855028,26.7347197,645.0,1529.9,195.0
89,rider_pickup_presence,58.3855028,26.7347197,710.34,1529.9,195.0
89,trip_completion,58.3889531,26.7093102,840.0,1529.9,195.0
89,rider_dropoff_presence,58.3889531,26.7093102,957.34,1529.9,195.0
9,driver_arrival,58.3836166,26.7373901,61.0,3099.7,847.0
9,rider_pickup_presence,58.3836166,26.7373901,104.04,3099.7,847.0
9,trip_completion,58.3643183,26.6990287,908.0,3099.7,847.0
9,rider_dropoff_presence,58.3643183,26.6990287,955.78,3099.7,847.0
90,driver_arrival,58.3648089,26.7455618,647.0,3323.8,581.0
90,rider_pickup_presence,58.3648089,26.7455618,669.78,3323.8,581.0
90,trip_completion,58.3880084,26.709612,1228.0,3323.8,581.0
90,rider_dropoff_presence,58.3880084,26.709612,1242.66,3323.8,581.0
91,driver_arrival,58.3726703,26.7589194,650.0,3364.0,521.0
91,rider_pickup_presence,58.3726703,26.7589194,751.76,3364.0,521.0
91,trip_completion,58.3703299,26.7014017,1171.0,3364.0,521.0
91,rider_dropoff_presence,58.3703299,26.7014017,1225.57,3364.0,521.0
92,driver_arrival,58.3671755,26.7587686,661.0,3645.6,566.0
92,rider_pickup_presence,58.3671755,26.7587686,740.53,3645.6,566.0
92,trip_completion,58.387434,26.7096051,1227.0,3645.6,566.0
92,rider_dropoff_presence,58.387434,26.7096051,1304.0,3645.6,566.0
93,driver_arrival,58.369443,26.6982403,665.0,793.2,186.0
93,rider_pickup_presence,58.369443,26.6982403,736.66,793.2,186.0
93,trip_completion,58.376548,26.6994488,851.0,793.2,186.0
93,rider_dropoff_presence,58.376548,26.6994488,853.56,793.2,186.0
94,driver_arrival,58.3843488,26.6813186,666.0,5091.4,916.0
94,rider_pickup_presence,58.3843488,26.6813186,760.42,5091.4,916.0
94,trip_completion,58.3779189,26.7677908,1582.0,5091.4,916.0
94,rider_dropoff_presence,58.3779189,26.7677908,1611.23,5091.4,916.0
95,driver_arrival,58.3820853,26.6945793,681.0,771.2,105.0
95,rider_pickup_presence,58.3820853,26.6945793,696.11,771.2,105.0
95,trip_completion,58.3820553,26.7078081,786.0,771.2,105.0
95,rider_dropoff_presence,58.3820553,26.7078081,853.75,771.2,105.0
96,driver_arrival,58.36183,26.7595169,693.0,1998.9,291.0
96,rider_pickup_presence,58.36183,26.7595169,701.23,1998.9,291.0
96,trip_completion,58.3791373,26.7502486,984.0,1998.9,291.0
96,rider_dropoff_presence,58.3791373,26.7502486,1075.82,1998.9,291.0
97,driver_arrival,58.3678312,26.726653,695.0,1725.9,396.0
97,rider_pickup_presence,58.3678312,26.726653,719.86,1725.9,396.0
97,trip_completion,58.3797649,26.7077251,1091.0,1725.9,396.0
97,rider_dropoff_presence,58.3797649,26.7077251,1116.91,1725.9,396.0
98,driver_arrival,58.3888938,26.7305482,704.0,1892.1,175.0
98,rider_pickup_presence,58.3888938,26.7305482,808.36,1892.1,175.0
98,trip_completion,58.3774678,26.7546012,879.0,1892.1,175.0
98,rider_dropoff_presence,58.3774678,26.7546012,918.43,1892.1,175.0
99,driver_arrival,58.3611098,26.7106112,706.0,2937.8,738.0
99,rider_pickup_presence,58.3611098,26.7106112,723.71,2937.8,738.0
99,trip_completion,58.3871095,26.7195613,1444.0,2937.8,738.0
99,rider_dropoff_presence,58.3871095,26.7195613,1552.06,2937.8,738.0
