id,lat,lon
W_7100042877,58.346329392152235,26.71218079859483
W_6161847013,58.34758010981825,26.69387831959062
W_330045252,58.34970068155614,26.698081634188917
W_7100042692,58.35176566949016,26.703240162230628
W_330041051,58.35424162922248,26.76559341690267
W_6854173294,58.35494500500168,26.708490579211638
W_7004685697,58.355101393689736,26.707514281931967
W_3640971429,58.35557745816198,26.763881271209527
W_2715883106,58.35589005703872,26.748432688014542
W_10049604969,58.356088307173465,26.72199495151151
W_cluster_330045562_6161780109,58.3574711457613,26.713493629785393
W_1038213416,58.35749312689714,26.73082639119762
W_7816253372,58.357620290191356,26.73086148052598
W_330041711,58.35763902018478,26.705266134834893
W_330045486,58.35774383237105,26.743889637021528
W_11097100871,58.35782118752168,26.682470957730068
W_2734708423,58.357880554730116,26.760372789020373
W_248516365,58.35800195692926,26.691982010198025
W_8538740281,58.358190436077955,26.683601664844637
W_cluster_330042596_6161780107,58.358200050051884,26.711036661805483
W_4688608433,58.358590798581346,26.74393579703805
W_cluster_330044495_330044511,58.35859997677543,26.709794946409513
W_1038224749,58.35872253568832,26.733104590411617
W_330042795,58.35879603223631,26.79452288205851
W_8107349381,58.358831390972995,26.731985792725226
W_6694843857,58.358859803331804,26.73755085448558
W_330045671,58.35887299554089,26.729985866221558
W_9152917405,58.35893603344259,26.737539351731176
W_6694844038,58.358985966123484,26.734790682367212
W_9807423026,58.3590629040153,26.730814274144404
W_330046004,58.35907712072142,26.69418281395435
W_1038225267,58.35912453144228,26.733094892201926
W_963476515,58.359147559581025,26.68507663373714
W_330042687,58.35922797112473,26.71230296370091
W_13076693381,58.359389760259916,26.70283799590591
W_5028506733,58.35942565246047,26.716854685209714
W_cluster_330045249_6161780102,58.35943261811424,26.70780145814414
W_2519716646,58.35947605178697,26.729362963421515
W_6694843869,58.359497009651804,26.739776993644302
W_1038232299,58.35950991273344,26.732440359881295
W_7004685694,58.359561976788676,26.70281621239948
W_10621476223,58.35962637116595,26.77670765334089
W_cluster_330045675_8107349318,58.35963014922624,26.72719174672951
W_330046313,58.3596379827672,26.7111069443482
W_6694844040,58.35965058275812,26.734260706182283
W_330044013,58.359660964135294,26.68366199574642
W_963483430,58.35969992483371,26.685002160631747
W_6694844249,58.35971766017389,26.744581317428494
W_322906392,58.35972379520545,26.6897393767332
W_8107349362,58.35972535889808,26.72496867443683
W_330043763,58.35972579084266,26.777581330616165
W_8107349359,58.359745932120966,26.7255572532211
W_5357483227,58.35974648824705,26.74047036512864
W_5357494516,58.35975925689051,26.741454464719258
W_2519716648,58.35976583655582,26.730062105958496
W_cluster_330045744_7997593288,58.3597676669357,26.697679716902357
W_377128797,58.359788360586094,26.777252986776464
W_330041269,58.35979696977483,26.72136697911099
W_7997593295,58.359801265581,26.69760679847125
W_8017174184,58.359824561272205,26.77772101566642
W_8017174182,58.35984722558797,26.777428468844953
W_7816253356,58.35985852316017,26.74093096505551
W_3269694053,58.35986140616886,26.769552426552455
W_8107321198,58.35987466775259,26.72737904392095
W_8107349386,58.359890997883234,26.73261059597412
W_8132449026,58.35989237435458,26.759672665419057
W_13702181377,58.35989951735204,26.72135677190051
W_cluster_13076693390_330046097_6516807783_7004672358,58.359902586805774,26.702518723183182
W_7873238000,58.359914155416554,26.68846110140766
W_5357494517,58.35993085984726,26.741348108422994
W_12050184884,58.35994748624848,26.716125901777076
W_330046298,58.359958822011194,26.74118486770188
W_6694844045,58.35996159585152,26.734208125553803
W_12050184887,58.359970575380935,26.716007284329546
W_8107349366,58.35997325016283,26.72417497780048
W_1038225265,58.359976236067084,26.731581660342275
W_cluster_8107349356_8107349357,58.35997732854013,26.72569730282024
W_7997593289,58.35998118593613,26.69432367820647
W_8107321193,58.35999301817362,26.72757739848943
W_330369531,58.36000202711333,26.717394893520645
W_6694844044,58.36000381281839,26.73373425054232
W_8107321197,58.360009415312156,26.72751677435435
W_12050184886,58.360012128052,26.716316959544816
W_5028506732,58.36001290682791,26.717237580489897
W_8132449029,58.360015206020144,26.76018025140901
W_cluster_248516371_7997593292,58.360017277876295,26.694242531473247
W_11768261116,58.36002602950047,26.7410640638217
W_8107349364,58.360029183602435,26.72479097056701
W_7100042876,58.36003380245365,26.716857507100055
W_7100042875,58.36003883443848,26.716777315625457
W_7873237999,58.36004006235125,26.68923108534722
W_9152533594,58.36004455406349,26.74103077400363
W_7004655423,58.36004620469774,26.715928234838074
W_13139650566,58.3600548306657,26.715929874538446
W_5604951239,58.36005865639333,26.73255429929997
W_330045791,58.360065489341885,26.740679767041993
W_8107321194,58.3600666294447,26.72730647067291
W_6161846933,58.36006895220808,26.716425365935947
W_7997593287,58.36007049956501,26.694338970757
W_cluster_8107349360_8107349370,58.36007155653685,26.72532538122391
W_4522054399,58.36007789170898,26.729695369441377
W_330041627,58.36008099052057,26.71614294547483
W_cluster_11768261115_6329296612,58.36008327385765,26.741124142671108
W_7004655465,58.36009229992684,26.71593709312474
W_248516374,58.36010397256205,26.693162899547637
W_7873238001,58.3601043821104,26.688902907636
W_5604951240,58.360112529258046,26.732890561617577
W_6694844047,58.360114270757684,26.73450536668147
W_6694843851,58.360114308649806,26.73639310911031
W_7401632989,58.360120982755774,26.70662955971909
W_963481563,58.36012539267079,26.687241074954077
W_cluster_8107321189_8107321196,58.360131469404344,26.727682972717812
W_3099060980,58.36013186024733,26.700657246959906
W_5357487987,58.36015037305123,26.740594891747588
W_9152533601,58.36016906609183,26.74086665422519
W_cluster_8107349363_8107349369,58.36017397883145,26.72492194856259
W_7401632990,58.36017486629449,26.70678377617821
W_8107349385,58.36019140417834,26.732511254428964
W_6854075763,58.36019357742918,26.716407618648176
W_4944718949,58.36019510902368,26.688982090353434
W_330045661,58.360196103202455,26.74095669063226
W_cluster_1286291359_330045859,58.360199902761764,26.721375596846258
W_13139650560,58.36020374718644,26.716295256552336
W_6854075764,58.360212752615695,26.71622494486578
W_6694843856,58.36022038815376,26.737928015197237
W_6694711582,58.36022256753418,26.68845445412925
W_cluster_6694844235_6694844255,58.360225427720685,26.742358871469236
W_6694843852,58.36027472288704,26.737137375289183
W_6694711586,58.360276927868426,26.6885741175785
W_6694711584,58.36027861278988,26.68841755887522
W_4387530741,58.36027967116526,26.68885283038045
W_8107349374,58.36028499555542,26.73101210280813
W_6694843987,58.3602918359764,26.740862507650064
W_cluster_8107349322_8107349365,58.3602927874494,26.724454127812365
W_1038226427,58.360305262269804,26.732153897496243
W_6694711583,58.360308510898506,26.688376279589228
W_cluster_1724503703_330043559,58.360318562720586,26.778195744807412
W_330046403,58.36032396474409,26.709385852178134
W_8107321183,58.36033474869617,26.73053987117045
W_8107349368,58.360337424718736,26.723495204991323
W_8538740265,58.36033811584241,26.688325261533343
W_cluster_330045154_330045622,58.3603394760748,26.73086591125884
W_6694843988,58.36033978008427,26.74089821614
W_1914548339,58.36035277933948,26.688741102371132
W_cluster_6694844300_6694844307,58.36035578203411,26.73161689048797
W_7401632991,58.36036216282432,26.707228784321483
W_2548891641,58.360367061887715,26.77019820756349
W_5604951242,58.36037599495513,26.732133708383035
W_963478169,58.36037899834268,26.687778876064826
W_12744273999,58.36037979181481,26.729921896762416
W_cluster_330042023_7004655430,58.360383031610795,26.713236080296348
W_330045657,58.36038641897437,26.730552294986282
W_248516362,58.36039398318001,26.690919885225753
W_8107321184,58.360396288601834,26.729695157780483
W_6694843850,58.36039863701146,26.73699067692419
W_330045619,58.36040503323127,26.732877927688534
W_248516363,58.360410148494374,26.69166435540562
W_cluster_322906391_6694711580_8538740266,58.360437112660556,26.688407104837058
W_12744273998,58.36043731090326,26.729939402028126
W_6694843875,58.360445172596435,26.73831121614876
W_8107321171,58.36044921221863,26.73055796900538
W_cluster_330046401_6161780097,58.36045223540433,26.706360207870436
W_330045658,58.360453408421925,26.72969369583884
W_6694843989,58.36045488384074,26.741055968038552
W_6694844033,58.36045855112414,26.735815977720886
W_4747302745,58.36046161000824,26.777092715259094
W_8107349321,58.36046800255568,26.723613301516277
W_330040770,58.36046909336445,26.776645252454806
W_10700387087,58.36047460766778,26.697755364489534
W_8107321192,58.36047885895649,26.726788882976116
W_13702181378,58.360485564189055,26.721314556799104
W_cluster_6694843872_6694843986_6694843993_9152533590,58.360498952744564,26.740641383470024
W_12744274000,58.360502199097795,26.729958901888658
W_966082206,58.36050231167881,26.68803516364613
W_330042772,58.360503992227635,26.7045738691205
W_cluster_330044714_7997593298_7997593299_7997593300,58.36052385669031,26.69799642608155
W_8107349367,58.3605304569318,26.723669894195247
W_3099060978,58.36053421527551,26.701071351668382
W_6694844240,58.36053429700124,26.744506888941988
W_6161780111,58.360535466492514,26.70756453648541
W_8107321180,58.36055471514035,26.72833289559601
W_330044718,58.360560457931804,26.6977495038198
W_10700387083,58.360571148270196,26.69816931563911
W_6694844308,58.360582904248766,26.73164917624477
W_8107321195,58.36060311681905,26.72811701801447
W_cluster_330040777_330045792_8107321181,58.360610636422635,26.72827453070289
W_10700387082,58.36061116258679,26.697846142249492
W_4034661464,58.360619467750524,26.680077487845416
W_963478180,58.360632328316576,26.687725198484742
W_3099060992,58.3606340520233,26.700247961105266
W_6694844305,58.360635636285636,26.731140175210065
W_6694844036,58.36063936519278,26.736520618495085
W_6694844301,58.36064230271231,26.731492180357204
W_963481555,58.36066581846841,26.68735250886495
W_8107321179,58.36066750882538,26.728410472782635
W_8164622916,58.36067337785535,26.714872326373143
W_6694844299,58.36069419995289,26.734412999306528
W_248509602,58.36070295723411,26.703107924329572
W_7873238004,58.36071959283598,26.689631176567936
W_cluster_10700387060_330044206,58.36073449689783,26.69831045351192
W_4034661473,58.360754064529054,26.679703191755863
W_6694844042,58.360762696014525,26.7350906218881
W_330044012,58.3607631371402,26.67952417538171
W_6694844034,58.36077176459993,26.736569535395308
W_6694844263,58.3607841019961,26.746418326499466
W_6694844035,58.36079745907012,26.736835096005706
W_2548891643,58.36080114997085,26.77070398974024
W_6694844304,58.36080449472781,26.73109958419698
W_6161780110,58.360808622054336,26.707182534025076
W_6694843848,58.36081123151473,26.7376378895491
W_cluster_330041274_330041986_7004655434,58.360813194754556,26.711811201973735
W_330043819,58.36084877289019,26.69581738413325
W_6694844028,58.360858814824184,26.736360386700806
W_963478187,58.36086310920535,26.687558923773647
W_6694843879,58.36086837141685,26.73852444672565
W_10621476207,58.36089927906536,26.774423887649203
W_8164622914,58.360914591119936,26.713529824023524
W_6694843991,58.36092806534017,26.741783281481602
W_6694844026,58.36093186593847,26.73576527321479
W_cluster_6694843884_7725022441_7725022442,58.36093345244751,26.74040525745518
W_6694844024,58.36096841082278,26.736283176358036
W_10700387078,58.36097512204709,26.699230250172906
W_248509583,58.36097696683626,26.708257997898663
W_3099060970,58.36097940162406,26.701866900921477
W_6694844316,58.36099204850076,26.731322211501347
W_5200254993,58.36099243294624,26.721455659185377
W_6516807778,58.36100716482739,26.701986982491118
W_cluster_330044899_330044902,58.361011454307544,26.705744929124492
W_1724503748,58.361013810855056,26.776173710719405
W_330045262,58.3610147119359,26.699183940615804
W_330044776,58.36101601938452,26.682355969006657
W_1610343176,58.3610160318848,26.71734645808183
W_248509603,58.36101901837389,26.704038571839675
W_4034661474,58.361030989937476,26.685181204414363
W_cluster_330045730_7997593285,58.36103124780735,26.694483796696577
W_7578925599,58.361040131063085,26.752598554069973
W_6516807749,58.36104782384936,26.69963022867277
W_10700387079,58.361049369254395,26.699140749170166
W_8538740268,58.361057831373266,26.6898500406627
W_cluster_330045655_8107321167,58.36107211087563,26.726797288792117
W_6694843880,58.361076255500905,26.738109495609944
W_6694844319,58.361090729193805,26.731180979539968
W_6694844019,58.36109146058885,26.742417676757153
W_4688562725,58.36109532056165,26.770516823881586
W_cluster_1286291358_330045647_330045677_8107349317,58.361101216363906,26.721463176692176
W_cluster_3099060963_7004672353,58.36111176750046,26.70174136749148
W_6694844001,58.361118862875514,26.741041365231155
W_7578925595,58.361120504828605,26.75301140635975
W_cluster_330045263_330045358_7997593301,58.361127369723974,26.699310818183683
W_4034661463,58.361129321875104,26.680568496273033
W_330046399,58.36113999235863,26.707946976079786
W_6694844264,58.36114461664551,26.74429243995383
W_6489238979,58.361146350964106,26.729699850351814
W_330044348,58.36115897092716,26.684886281746714
W_cluster_330045157_8107349393,58.36116318083749,26.73069660131368
W_3139882142,58.361172721378985,26.771107646798892
W_5200254996,58.361180872787735,26.721458447669704
W_cluster_330041988_7004655437,58.361196707026586,26.710774622304076
W_3099060961,58.36121935609057,26.702973189758506
W_6694844321,58.36122850682818,26.730924431261833
W_6694844314,58.36126440389531,26.730739581949216
W_cluster_6694844315_6694844318_6694844320,58.361268882890755,26.731204235594895
W_4034661470,58.36126892900826,26.68029378853785
W_330045369,58.36128581065554,26.69272965822688
W_248509588,58.36128597567437,26.708236991255166
W_8163689135,58.361290258459796,26.714560922045013
W_6516807761,58.361306390877594,26.699662897166384
W_6161847084,58.3613132565667,26.71800907097263
W_6694844022,58.361320802548036,26.741591565071253
W_330045618,58.361320999644484,26.736225857945342
W_330044277,58.36133695647514,26.735818986910328
W_330042753,58.361351132863774,26.70371705573999
W_330044210,58.36135866144418,26.69676544995727
W_330042555,58.3613629999089,26.72716487885496
W_248509590,58.36137002498166,26.709136964862765
W_10621469397,58.361371700786925,26.775184816082064
W_963480157,58.361373067872954,26.687625685944845
W_6694843847,58.36137583478953,26.737560383205967
W_8163689134,58.36138220569917,26.713705144386353
W_13148196304,58.361389810750595,26.728665897320024
W_11861679088,58.36139086780023,26.737927716248883
W_330045614,58.3613910271569,26.73438691619282
W_6694843876,58.36139880380361,26.738119070481734
W_6694844317,58.36142022119745,26.731331947498976
W_4034661459,58.361420606584446,26.681257859728184
W_8107349411,58.36142631869443,26.724604750572123
W_13148140699,58.3614324651024,26.729681256811137
W_330044208,58.36145036637171,26.69737411098029
W_8157535463,58.3614563730237,26.715145785265314
W_cluster_6694844271_6694844322,58.36146290837827,26.739075320909613
W_330045290,58.36146329157657,26.691536053070422
W_cluster_10700387069_330045347_330045540_330046095_#3more,58.36146672691467,26.70151295024512
W_cluster_11331190082_330045612_330045621,58.36146701792789,26.73292186177652
W_8107349395,58.361484995272285,26.73095495181339
W_7997593303,58.36149692476235,26.70167556805023
W_6694844020,58.36150283321676,26.742783151802243
W_3269694054,58.36151281166358,26.771536809627758
W_330045152,58.361517023152416,26.730723986263516
W_cluster_1257929908_330044679_963494739,58.36152115552019,26.690428764989665
W_cluster_330045610_330046301_4393475277_6694843994_#2more,58.36152471959869,26.74018848250584
W_564730099,58.36152502971826,26.717351448134366
W_330045624,58.36152593054671,26.7309450697192
W_cluster_6694843995_6694844002,58.3615299920249,26.740662705477657
W_cluster_1286291354_330045850_4813108057_5200254999_#2more,58.36154507413101,26.721457459261153
W_4017555472,58.36154949616761,26.74000526100745
W_6489238980,58.3615546877445,26.729673315511548
W_963490295,58.361557334001,26.68982771517979
W_6694711498,58.361576171913605,26.690300445976458
W_8107349394,58.361576934013904,26.73093938363992
W_6694844296,58.361577187102526,26.73834317377625
W_6694844014,58.3615868087498,26.743767639649274
W_8157535462,58.361587980511494,26.71378841870259
W_4791820174,58.36159418700662,26.739986816492365
W_6985543966,58.361599435546616,26.691193566796954
W_6694844275,58.36160179428739,26.739046267757047
W_4791820173,58.36161012477844,26.740316546948748
W_cluster_330045653_330045654_4522054388_4522054389_#3more,58.36161523291998,26.724870063213842
W_6694711499,58.36161678617596,26.69056772891803
W_5200254985,58.36162131314815,26.7249828136471
W_cluster_8363642843_8363642844,58.361623451568924,26.722476978014335
W_cluster_330044363_963476481,58.361626410439655,26.68490125837699
W_6694844015,58.36162831412117,26.74269781184325
W_963490296,58.36164127707478,26.689813306503115
W_6694843997,58.36164427612139,26.743043096046414
W_cluster_198941250_330044710_330044716_5876077465_#3more,58.361644400698296,26.690956640276937
W_cluster_8107321164_8363642829,58.36164956446733,26.723046914878918
W_330045141,58.36165180622406,26.73070945849296
W_8107349388,58.361652426200855,26.73061989914852
W_13148140694,58.361652564291646,26.73077097879833
W_330347096,58.361669910737426,26.685753863478595
W_248509682,58.36168056123934,26.700351718516913
W_cluster_330045660_4522054387_5200254986,58.36168339408521,26.724406377815598
W_6694683682,58.361684254009354,26.685962412539727
W_1116794090,58.36168902093542,26.6849048022982
W_6489238977,58.36169261646983,26.72640351344595
W_330040898,58.36169698160671,26.696190013369197
W_4522054386,58.3617116509157,26.72459876879494
W_3833080491,58.36172285482883,26.771365743250385
W_330044700,58.3617279824546,26.707380864290855
W_13139172979,58.361735550245065,26.691025402705566
W_6985543982,58.361751320828986,26.691010054247915
W_1287707736,58.361753885833274,26.687845868147154
W_6161780113,58.361756205382825,26.708729424247334
W_963500898,58.361763916577445,26.685960679733615
W_248516305,58.36177198124015,26.704871250870035
W_cluster_6694711493_6694711494_963480142,58.36177413320127,26.687015424918417
W_7004685691,58.36178768833534,26.70103341191879
W_11927874384,58.36179911162206,26.74833101105659
W_1257929925,58.36180347718105,26.690218300214944
W_8145243514,58.361808995971735,26.73165645100049
W_1257929916,58.36180960295912,26.687932367943297
W_6694844278,58.361823220596875,26.736648011381718
W_6161780096,58.36183361610468,26.70503634523827
W_6694844003,58.36184023378786,26.740582838917163
W_7004685690,58.361843348074416,26.701214615427457
W_330044908,58.36187103534813,26.70946098579584
W_6516807776,58.36189358668297,26.701151126264588
W_3099060985,58.36189589821963,26.702993998387985
W_6694844006,58.36189711131898,26.74139405852974
W_564630739,58.3619025009157,26.71754360724774
W_3099060993,58.36190371128013,26.70117906948831
W_8538740237,58.36190598736637,26.691831450504278
W_6694711500,58.36190766618766,26.690182180698926
W_cluster_2324539812_330041829_5200254974,58.36192317486559,26.725145733478566
W_3099060987,58.36193235588003,26.70295199083345
W_cluster_3099060967_3099060997_330045233_330045539_#2more,58.36193353108194,26.70094860536334
W_cluster_7578925589_7578925590,58.36193485120207,26.759420712792448
W_11861679086,58.36193736829632,26.737913583050062
W_8154476054,58.36193803675173,26.73246027362947
W_6694711492,58.36194001144218,26.68704728388083
W_8107321172,58.36195480902435,26.724694634254845
W_6694844009,58.361963711742796,26.741951583563697
W_248509510,58.36198002114128,26.69997386828132
W_330045283,58.361992014784434,26.724746642309196
W_6694844273,58.361996625571074,26.739399525437246
W_5200254982,58.36200551086658,26.72517585694288
W_7401632992,58.36203133538823,26.71183648273809
W_3099065395,58.36203936226833,26.70339357241482
W_1610343172,58.362040507364775,26.717565919400165
W_8164649251,58.36206185693615,26.71609166879484
W_8363642839,58.36207037177142,26.723097626406936
W_3099060988,58.36207189240804,26.702742311095264
W_6694843998,58.36207785007637,26.742925266768083
W_248509509,58.362090949213915,26.699286902128865
W_6161780112,58.36209396446026,26.708199562081326
W_6694844276,58.36209742317356,26.737301401273623
W_6694844279,58.362102674439036,26.73749705181798
W_4034661478,58.36210998426532,26.68250303730359
W_3139884911,58.36211288311229,26.772654088083783
W_8164649249,58.3621155583299,26.716980472539664
W_8919912134,58.362120298690684,26.73628296152979
W_cluster_11335434389_330044275,58.362122369804936,26.735980438912662
W_cluster_6694844288_6694844294,58.36212796350554,26.738267830206155
W_5391050226,58.362136774058634,26.774125963931912
W_6694844293,58.362152184629004,26.738781400813078
W_330041424,58.36216100604414,26.734510852686892
W_1914548340,58.362162123337136,26.686972511380997
W_330046358,58.36217296505107,26.73945889847216
W_cluster_330046302_4393475278_5372323086_7139933499,58.36219254482095,26.740121878525848
W_cluster_1116794013_963506201,58.36219606178764,26.68226316323047
W_7401632993,58.36219839358288,26.711119185689085
W_6864514409,58.36221824922564,26.774285755510927
W_8363642833,58.36222065967317,26.723068078884907
W_cluster_11927798767_330045437,58.36222560578865,26.747853534256425
W_4522028090,58.362226404866185,26.730518109326592
W_13148140697,58.362228326498226,26.730748479414647
W_6694844285,58.362229311094865,26.73749525731703
W_330044419,58.36223199032248,26.73305622985455
W_cluster_11335434399_11335434401_330045131_330045136_#1more,58.3622322595697,26.730654107938978
W_8749133960,58.36223332710234,26.763869820602874
W_330040902,58.3622339528523,26.697805957830926
W_248509595,58.36223971021271,26.706655224340395
W_7231243801,58.36224719689706,26.760216901509633
W_8154476052,58.36226321342335,26.732051392780992
W_1257929933,58.36226901783637,26.689042470082875
W_6355038774,58.36227012672873,26.731835653562992
W_6694844292,58.362271722424694,26.738381958764027
W_8145243511,58.36227942132538,26.731470692810017
W_6694844291,58.36228067080266,26.73876165182777
W_4747302755,58.36229120413632,26.774452609417708
W_330045365,58.362297018844956,26.695423971353748
W_8749133961,58.3623171894102,26.763175029172295
W_1257929910,58.36231722022356,26.688587085787372
W_cluster_330042222_7004655443,58.36232127781421,26.70870767943353
W_cluster_7849914127_7849914128_8538740251,58.36233136669957,26.692920196160653
W_3139884909,58.362344952234295,26.771686619283035
W_8145251868,58.36235359536472,26.715491998936155
W_8145251866,58.362358327920795,26.714027951928482
W_330044913,58.362364649899305,26.70427564219154
W_1914548342,58.36237446814516,26.687274679980167
W_3099065394,58.36239710144199,26.703472095966266
W_330045353,58.36242332954734,26.70444418118002
W_6694844286,58.36243211231619,26.737976229509837
W_7816258989,58.36243437534696,26.718515595117616
W_cluster_1116793985_414256395,58.362437825474586,26.681170585960565
W_cluster_4809583448_4809583453,58.36245047957919,26.74793208753993
W_3099060965,58.36245291549443,26.702211338947524
W_6694844289,58.36245423453676,26.738913162926938
W_963474550,58.36246833179732,26.688714792214757
W_3139882146,58.362470671586784,26.772178197890284
W_1244148758,58.36248417020814,26.75908934224448
W_1914548344,58.36249250190677,26.68739139332185
W_330041021,58.3625049333612,26.759240968637275
W_330041263,58.362506010265044,26.712154951313067
W_8132449030,58.36251240273546,26.759583420936934
W_8363642836,58.362525898036324,26.723088419732008
W_248509686,58.36253740030358,26.698741662251468
W_8919912136,58.36256756962851,26.736364397714187
W_3099060981,58.3625687099735,26.70291673653867
W_330043122,58.36257118418826,26.773651990666547
W_11416744506,58.36258429453474,26.764877213969307
W_248509592,58.362597987268906,26.70744100448156
W_cluster_2711385871_2711385872,58.36260169856848,26.68046940018236
W_7231243795,58.362605978498976,26.75919447681143
W_7231243802,58.36261819505249,26.759577745355728
W_4522028115,58.362631508402394,26.71977927706614
W_7849914132,58.362641420091585,26.691466471167587
W_cluster_1116793975_414256387,58.362659364579834,26.680219178213484
W_11416741232,58.3626634960671,26.76233849613754
W_1914548346,58.362677156332886,26.68749880230906
W_963474578,58.36268425924327,26.684607608031957
W_cluster_4522028111_4522028112,58.36270435767596,26.72101729127337
W_330043087,58.362720197163945,26.772895953541486
W_2548891651,58.362720729309494,26.77268966092303
W_248509677,58.36275009467712,26.709553747056574
W_7849914130,58.362756815659665,26.691347193759025
W_cluster_330043632_4522028093,58.362764480260125,26.730555369709002
W_4522024781,58.36277396162578,26.730366098781776
W_11416741231,58.36278508579389,26.762182149967387
W_2548891654,58.362829000172624,26.773169738246512
W_cluster_3099060990_330045937,58.36283539648666,26.702926630972993
W_4522015624,58.36284402948809,26.728967508203137
W_6983300172,58.362867795990155,26.6794521205124
W_2548891652,58.36287476156454,26.772385303079485
W_6161771164,58.36288778990531,26.705779907092328
W_6694711509,58.36288796022663,26.68871810600546
W_1914548349,58.36289027934967,26.678782795818243
W_cluster_248509501_6985543971_6985666487_8538740241,58.36289240838853,26.694669394517835
W_564730101,58.362893903709015,26.717591064491877
W_cluster_330040790_330040897_7004672342,58.36290563421034,26.699692727330287
W_2324539815,58.36290608421462,26.72558981445754
W_6983300173,58.362907055285945,26.679348362791753
W_7401632996,58.362912724536145,26.713288376521835
W_4522024780,58.36291518190922,26.729953979010443
W_7849914133,58.362919392717195,26.6911651206881
W_7231243806,58.36292151818516,26.75906021348713
W_3269694068,58.3629229512801,26.77322263099744
W_6694844282,58.362928522479926,26.73779975962329
W_cluster_330044657_330045449_7139933497,58.362938734962,26.74029910004173
W_cluster_330044460_7850245326,58.3629624230959,26.689164044641966
W_4393475279,58.36296336447893,26.73995487322447
W_963515767,58.3629654914603,26.68319592689499
W_cluster_11331190083_330041917_5200254970_5200254973,58.362967964728334,26.72542098582328
W_330044654,58.36297102905594,26.73957197379139
W_6161771163,58.362986834188284,26.705652778834555
W_7849914129,58.36299297149822,26.692105693343187
W_5876077457,58.36299375033678,26.68195057558155
W_4522028102,58.36299802267161,26.730352084779334
W_4522028094,58.36300458383869,26.730482269929713
W_4522015626,58.36300556822766,26.72899105247326
W_7401632994,58.36301687603356,26.71243160243653
W_330044389,58.36302000872055,26.73852887699224
W_6694711490,58.363039104134515,26.68793638796908
W_4017555447,58.36304129235219,26.737780806811006
W_11416744507,58.363047522955206,26.76373243994824
W_2548891657,58.3630573509874,26.772432496086065
W_11416744510,58.36308382900782,26.764426102104007
W_cluster_330045226_6161780092,58.36309702429774,26.70366055522727
W_cluster_11335434398_330045479,58.36309793268661,26.736408299553485
W_6161771177,58.36311147127324,26.7054845885528
W_963502965,58.36311221756856,26.680111509958053
W_330045601,58.363141299974394,26.67931427809644
W_6161771165,58.3631413764519,26.705444004003898
W_330043092,58.3631614732413,26.772851758869383
W_1914548350,58.36316242923736,26.68805015350046
W_330045493,58.363167379771674,26.73472138275107
W_11416744511,58.363198177486794,26.76302146064261
W_4522028095,58.36319998330194,26.73046334761517
W_248509544,58.36320096199186,26.708838018919792
W_7849914131,58.363205611314505,26.692760320920854
W_4522024782,58.36320654797492,26.730339214538112
W_6694844337,58.363210211121434,26.742326017439208
W_6161771183,58.36321310348462,26.70398722369381
W_11416744515,58.3632349099743,26.763700765479154
W_330045494,58.36324095565042,26.733086898475154
W_3269694076,58.36324765070764,26.77242135855901
W_1724503891,58.363256422905486,26.774078477223675
W_cluster_330044702_330044879,58.36327148230821,26.71050846187373
W_6694711507,58.36329280468108,26.688182316365257
W_330045495,58.36329602638666,26.73176087615167
W_cluster_8145251819_8145251823,58.36330582358352,26.720920594803932
W_cluster_330045765_8154319181,58.36334279878142,26.700626308172595
W_963506231,58.36334361633966,26.682434192915572
W_cluster_330044379_4522028097,58.36336218308378,26.730459718579635
W_1914548352,58.363376953805435,26.688178839765165
W_4522024784,58.3633785785737,26.730269708035017
W_4522024779,58.36339328747889,26.729918879935077
W_cluster_330369023_7004655447,58.36340901324592,26.70727859207107
W_4522015629,58.36341432651561,26.729418794954388
W_cluster_2324539817_5200254969_5200254972,58.36342873398076,26.725678907285907
W_4522015628,58.36344818525366,26.728611477814653
W_3139873507,58.36345328404625,26.77163946995183
W_cluster_330045329_7004672339,58.36346630288084,26.6988672336123
W_330041915,58.36346663593213,26.725552991070018
W_cluster_2346508036_6985543972_8538740250,58.36349400663817,26.69637386218853
W_330043885,58.363518185338286,26.688269375856738
W_248509539,58.36351908407117,26.709943612149996
W_11189924514,58.36354379633897,26.721438811076524
W_6694711510,58.36354570975483,26.68799105418551
W_6161771152,58.3635637910247,26.70529230215284
W_414256404,58.363567724910794,26.68117612343901
W_cluster_414256400_6694669145,58.36359073287555,26.68248359029753
W_cluster_330045282_330045762_4522028109_7004835493,58.36359740628273,26.720980335973906
W_330044457,58.36359895141787,26.68805689964597
W_1724503923,58.36361212106119,26.78049850589396
W_4907195074,58.36362289613836,26.688558667492554
W_12582099518,58.36363115957955,26.68815284103467
W_cluster_330042316_6161780090,58.363641375320796,26.703146323521185
W_6161771151,58.36364196908831,26.705191835966865
W_330042612,58.36364397232342,26.714237865650354
W_330042190,58.36366076780118,26.707003897764704
W_9476776864,58.363662471521074,26.734691006070943
W_4907195075,58.36366315866084,26.688495074072975
W_9476776863,58.36367259567089,26.73532998319538
W_3269694071,58.363683275345416,26.773597187357996
W_248509538,58.363688966314136,26.70968396506904
W_8145251822,58.36369206561474,26.720483079031453
W_4907195076,58.36369512328942,26.68834336099623
W_cluster_330044296_330045748,58.3637045825598,26.716981086988124
W_5544677885,58.36370770517192,26.72614197590548
W_9026359117,58.36371456963833,26.697197834415537
W_564730106,58.363720484119845,26.71755250233425
W_89000812,58.3637216038759,26.71765299191342
W_321342482,58.363723788517106,26.717747661860077
W_4515996696,58.36372633403548,26.71780233462374
W_330045750,58.36372685416698,26.71873279650038
W_cluster_330045761_4813236409_6669709853,58.36372790318632,26.720195657112974
W_2132673645,58.36373098399368,26.717956121826152
W_7816258992,58.363731015501514,26.71805200539338
W_7004655449,58.36373419436184,26.70678896076204
W_5034277288,58.36373578516727,26.718301162776374
W_2132673640,58.36373598122563,26.717208324801838
W_2132673644,58.36374122005509,26.717832467958306
W_4515996698,58.3637423966536,26.71791808746287
W_13148196313,58.363743424432315,26.720805191468102
W_4907195070,58.363746704451,26.688502029379205
W_8919912123,58.363748830732554,26.739747074850982
W_4017555460,58.363752648177474,26.739946163738328
W_8919912122,58.36375421787168,26.740188510898736
W_4522028108,58.36375860417147,26.720805584372954
W_7004655450,58.36376257640299,26.706867517771883
W_330044456,58.36376570193567,26.68782024794699
W_2832506634,58.363765827567846,26.741531653828545
W_8157535461,58.36377791038493,26.730786930649224
W_2832506635,58.36378027023561,26.742012847684222
W_7004655459,58.363786785091186,26.70692782145366
W_248509540,58.36379404943369,26.710516490055372
W_12582099514,58.363803655458284,26.687914942455
W_330043633,58.36381296127898,26.723213878182303
W_6236881088,58.36381446297272,26.773476877217153
W_6138020919,58.363816222649156,26.771938109345793
W_5544677883,58.3638176632639,26.726194963008098
W_248509531,58.36381900593841,26.70947984885754
W_cluster_414256401_6694669143,58.363825556976366,26.68195881892212
W_4017555445,58.363831464595876,26.738514160567107
W_414256402,58.363839508042794,26.681176065986165
W_330045228,58.36385748990666,26.706740252751906
W_330046250,58.36385749458995,26.74040430317812
W_11416744410,58.3638577628398,26.761510072158668
W_330045345,58.363862005493935,26.712894921547118
W_9026473199,58.36386702995154,26.770314077431014
W_cluster_330045852_7004835495,58.36387342937677,26.721071478592563
W_4688562749,58.363880460788245,26.76984072294113
W_7004835496,58.36388702783411,26.72084080479854
W_4907195090,58.3638885215635,26.68794769321276
W_4907195078,58.363891362573554,26.688155332153187
W_6355038768,58.36389420874946,26.73539156372201
W_4688562765,58.36389749617467,26.766648064627486
W_cluster_330045496_5200254966_5200254968,58.36391219096762,26.725836502423036
W_6694844334,58.36391338214902,26.742506167478204
W_11768261110,58.36391908745529,26.747445787665797
W_2832506636,58.36391976006554,26.74121450384596
W_8157535457,58.36392135435055,26.730278557775552
W_8145251922,58.36392949112816,26.739944008701386
W_13143333977,58.36393157810333,26.769897476380745
W_8145251919,58.36393183586816,26.740169943373544
W_330045504,58.363933467894896,26.72570626976476
W_6694844333,58.36393879036923,26.742501367720255
W_6355038767,58.363938807649845,26.73637400153862
W_2832506637,58.36394118541988,26.741995607587118
W_414256386,58.363946006707486,26.680266168169226
W_4907195067,58.36395501631733,26.68914215940757
W_2711385891,58.36396648945956,26.680519966084965
W_4688562750,58.36396657957367,26.769932628396337
W_6355038769,58.3639754231092,26.734663704326106
W_4907195069,58.363980690474065,26.688434506988337
W_4688562767,58.363998028058056,26.766762086487734
W_4522015609,58.36400123054509,26.721481013634254
W_12582090782,58.36400905799541,26.688428616783103
W_13143333978,58.36401625490117,26.769986656814048
W_cluster_10057391290_330045853,58.36401631121023,26.72110573148589
W_6985543976,58.36402001719286,26.69514660251134
W_414256403,58.3640204240758,26.68118674097196
W_cluster_6516807772_6985666497,58.36402789607719,26.698436354199217
W_6355038770,58.36403248604424,26.735633573374884
W_330041011,58.36403560166877,26.767519855895035
W_4688562752,58.364039009629636,26.77000411326992
W_cluster_2454106574_330044635_6985543975_6985666491_#7more,58.364041916486556,26.698135248860243
W_4907195066,58.36406966822429,26.68949460944179
W_8132449035,58.36407011363517,26.759076999951038
W_2832506640,58.36407125256057,26.74120126010482
W_cluster_12582090971_4907195093,58.364073372173145,26.687619950965356
W_330043568,58.364077018220506,26.681840846027672
W_330369022,58.36407811741952,26.706443932025103
W_963474564,58.364090020245435,26.6844458593283
W_4907195068,58.364093183804506,26.688784922976755
W_2832506642,58.36409545570373,26.741979099484308
W_1257929931,58.364101857599856,26.687147282256635
W_330044302,58.36410596267507,26.682175926659255
W_12582090781,58.364106317475304,26.688423999673894
W_6355038773,58.364110212053966,26.735520186688557
W_4017522151,58.3641144926987,26.742467955832872
W_2346508033,58.36412161933452,26.69560823058346
W_12582090775,58.36412971563386,26.687705425028067
W_4688562729,58.364130964101584,26.77009478517204
W_5023150321,58.36413384915565,26.72014458816254
W_330042289,58.36413397490422,26.70089000256764
W_cluster_330040787_6161780088,58.36413669150299,26.702673679507352
W_12582090774,58.3641382479368,26.687631683987657
W_5023150219,58.364142478373985,26.718712911736805
W_12050184877,58.36414706942785,26.718145769607766
W_4017522152,58.36415227869542,26.744247447436383
W_12582090777,58.36415547845681,26.687846888668467
W_12582090779,58.36415553635374,26.688571581139797
W_2832506646,58.364161235927746,26.744910714676198
W_2832506647,58.36417016881016,26.745202065174205
W_330043627,58.364172496050394,26.723464193676854
W_2832506648,58.36417957965293,26.745508282233285
W_4017555453,58.364184611120045,26.73636311046925
W_2832506649,58.364188705053905,26.7458068101967
W_12582090838,58.3641902013786,26.689087449183074
W_cluster_11416744455_8749133957,58.3641975327672,26.762136245816368
W_6985666495,58.364197921657485,26.6982855217
W_330044696,58.36419997785587,26.71197280862745
W_8749133962,58.36420522636411,26.762846187103168
W_11416744409,58.36420635344963,26.76147029023649
W_330045652,58.36420700259738,26.683334871135557
W_4645599411,58.364207081492594,26.698170586429057
W_330040847,58.36421298848231,26.693022987140647
W_4017555455,58.36421717858947,26.738492165657593
W_1257929917,58.36424272999653,26.686136248950028
W_1257929911,58.36424385837515,26.683747309564104
W_4907195065,58.36424459322569,26.689257376792465
W_7588498515,58.36424760030936,26.758605765868843
W_2832506652,58.364264003728145,26.74196111970716
W_6355038771,58.36426897830199,26.734638256824017
W_5023150213,58.364276663857225,26.718876780770874
W_933480066,58.364281103968914,26.772895671729465
W_cluster_330041074_8132449031,58.3642882159566,26.758758802372242
W_963474555,58.364290208168015,26.686929403636054
W_330041818,58.36430795834297,26.684463912115394
W_6985543978,58.364312699650284,26.696117462306937
W_331179253,58.36431837756736,26.721897608469067
W_9026473200,58.36433335677867,26.774001349635416
W_8538730510,58.36434068483572,26.698915507433
W_8154319183,58.36434720622672,26.69932104270654
W_12582090839,58.36434750212577,26.689138025585606
W_330044868,58.36435098519364,26.71066986005325
W_4907195064,58.36435621077081,26.68913658167812
W_4515996692,58.364362890119274,26.718387608949783
W_4522015606,58.364371127408404,26.72174507575167
W_330043091,58.36437130552907,26.76854606671151
W_8749133966,58.36437238127677,26.764847378917363
W_6864514457,58.364378008583365,26.768080952995938
W_4688562730,58.36437942487023,26.76921293843898
W_3744775396,58.3643892851989,26.689960805519835
W_6864519890,58.36440175067358,26.767454037902912
W_8538740219,58.364403532768556,26.69924963228028
W_cluster_5023150218_8779666239,58.36440550421524,26.72012722653125
W_330040660,58.36441831067524,26.685619710294468
W_8363642858,58.364418432205206,26.721608139093156
W_6864519903,58.36443169787591,26.76811922857793
W_4393665263,58.36445528367706,26.736347419011274
W_8145251921,58.36445657703059,26.739745968269023
W_4393665266,58.36447408657507,26.736493585805402
W_4907195062,58.36447452099201,26.689182886401408
W_4688562753,58.364487794344186,26.767454155756923
W_7243299936,58.36448892938735,26.686838936966794
W_3744775398,58.36448950962689,26.69029065653996
W_6864514482,58.364497766106574,26.768148877153116
W_12582090844,58.3644981676035,26.689156185991692
W_6864514470,58.36450065860352,26.767663447327607
W_6400626306,58.36451416046604,26.7278688555233
W_cluster_330041443_4393665261_4393665271,58.36451799331623,26.73461690338492
W_4907195061,58.36452306828696,26.689128107162308
W_330045606,58.36452552586786,26.686819128004185
W_6355038766,58.36452585002156,26.730252582171904
W_cluster_5023150214_5023150215,58.36452692237056,26.718932049402053
W_4017555457,58.36452928702822,26.73994694738439
W_4522028101,58.36452952777778,26.729994636322743
W_8746132480,58.36453343201315,26.764169637696988
W_2832506660,58.36453641629355,26.744560186883273
W_cluster_10057391292_330040567,58.36453687188031,26.721265196220344
W_4393523573,58.36454262695862,26.74045721544736
W_6400626305,58.36454341332865,26.72789837044808
W_cluster_330044394_330044401_4393665273,58.364543977902066,26.733031427928243
W_2832506661,58.36454535882891,26.74485598422876
W_8749133967,58.36454540604282,26.764820077659444
W_4907195060,58.36454545995856,26.68891750775455
W_8749133963,58.364547510728485,26.762795863239138
W_6400626297,58.364548032399576,26.727198760228326
W_6400626315,58.36454850269976,26.72712440649194
W_8363642859,58.36454870889601,26.721752224424844
W_cluster_330044283_6341745632,58.36455305656822,26.736416938067507
W_2832506662,58.3645544959558,26.74515964262496
W_3744775399,58.364555212561,26.69049603979356
W_330045607,58.364565055815866,26.68711754632861
W_4393665270,58.36456540658661,26.739909421250772
W_cluster_330043079_330046101_4393665267,58.36456641894846,26.7317358570221
W_6864514468,58.36456848698454,26.767326802742033
W_8746132505,58.36456977637768,26.76347101753294
W_5023150216,58.364574334576695,26.72011648974897
W_6864514483,58.364577962536956,26.76774737376093
W_5200254967,58.364579084331005,26.72596738434846
W_4393523574,58.36458448662542,26.740504253026778
W_4522000774,58.364593113295555,26.722223614337743
W_3744775400,58.364594490587116,26.690173511325362
W_6900843054,58.36460341176105,26.741379395312194
W_cluster_330045110_4393665268_4393665281_6355038756_#1more,58.36460569726098,26.730125150419422
W_cluster_330043877_330045571_4393665269,58.36460855086559,26.738470128409507
W_8363642886,58.364613733076474,26.718995112634115
W_4393665272,58.36461510805753,26.741923690039847
W_12582090843,58.36461845672483,26.68953696476633
W_11768261105,58.36462387288391,26.74726419382619
W_4393665277,58.36462646488203,26.74243431633531
W_8157875757,58.36462703047957,26.73907556164142
W_9026359118,58.364632631404206,26.69744823398806
W_6694668998,58.36463376181305,26.687373660980125
W_cluster_322817331_4645599410,58.364637157421605,26.699561455216614
W_330042330,58.364638010276565,26.70573099020095
W_11768261109,58.364641036575755,26.747496351590033
W_8145722348,58.36464194903664,26.739609577079314
W_4688562731,58.36464237337098,26.768250310132398
W_4393665275,58.3646452169622,26.73646513430547
W_4393665274,58.36464566493566,26.73633369333253
W_2832506670,58.364645955224795,26.74544407833135
W_2832506671,58.36465318042082,26.74573544523056
W_cluster_2324539820_330041919_330041921_330046099_#7more,58.36465362600603,26.726006802058723
W_4791820142,58.36465790005999,26.74350815003738
W_3744775403,58.36465901331526,26.69037360676707
W_11768261102,58.364659992939615,26.747362385714172
W_2832506672,58.36466031310572,26.746025787389016
W_1125092692,58.36466357698445,26.747494652359936
W_cluster_330044911_330044938_6161780086,58.3646665620381,26.702113903600193
W_6864514463,58.36466683579952,26.7673765770785
W_4522028106,58.364668193560206,26.720940266944144
W_4522000777,58.36466866322862,26.722313266856627
W_4624114888,58.3646687280478,26.687311478583567
W_6864514475,58.3646700131581,26.76769207475168
W_4393665278,58.36467805156374,26.73023535465225
W_cluster_6864514458_6864519894_7080514283,58.36467956151642,26.766916547144664
W_4624115089,58.3646821520688,26.68696080150804
W_4393665280,58.36468468703242,26.729974479458924
W_cluster_330045578_330045634_330046297_4393475280_#8more,58.364685879108364,26.74036660177593
W_3744775405,58.36469122944821,26.69140397666629
W_4522128950,58.36469188019165,26.74124594315979
W_cluster_12582083750_4624114887,58.3646947330842,26.68747840914789
W_6900843053,58.36469628509637,26.741381279897357
W_4393665282,58.3646977730408,26.744539023641856
W_6864514477,58.36470381937773,26.767563149681145
W_6694669006,58.36470385908194,26.687022653606466
W_8157875761,58.36470767932799,26.73907274460221
W_4907195082,58.364719729284936,26.687195314166942
W_4393665288,58.364721571554504,26.745439773757727
W_8145722350,58.36472196398339,26.739604202116293
W_4393665287,58.36472602511129,26.73996737841982
W_3744775407,58.3647299894359,26.69190939338618
W_4393666089,58.364733048273436,26.74601791541862
W_4393523576,58.36474477807475,26.740489574048762
W_6900843051,58.36474785386029,26.743218470758624
W_5372323084,58.364754181182796,26.743507451688206
W_cluster_2832506674_8883086900_8883086903,58.36475643159778,26.741900609884897
W_8363642887,58.364763162289265,26.71992698226977
W_cluster_1161808978_5372323085,58.36476448944466,26.74242322669622
W_11768261107,58.36476519174008,26.747192764484407
W_6864519895,58.36476526938256,26.767028277056145
W_8593117035,58.364769689954876,26.747333058249698
W_3744775409,58.36476989171354,26.69117357224182
W_2721236323,58.36477221310795,26.747473878916367
W_4907195063,58.36477409897055,26.68864544101183
W_6900843052,58.364774334556635,26.74138105093337
W_4791820147,58.364775301942586,26.741237470388622
W_4017555478,58.364786672832615,26.74002248173428
W_3744775410,58.36479591236746,26.689787857467604
W_3744775411,58.36479640670108,26.69125606655679
W_4791820141,58.364797281863005,26.743502011440857
W_2832506675,58.36479896907767,26.744525815367336
W_8883086874,58.3648016823879,26.743367293843203
W_6900843050,58.36480992902954,26.743224685920715
W_3594346612,58.36481206165072,26.74970052317339
W_8145251830,58.36482039737762,26.70094948844175
W_4393666091,58.364821068345435,26.74543016962597
W_3744775412,58.36482116518869,26.691802627789574
W_cluster_2326736899_5372323083,58.364827055331055,26.744963341208965
W_4393523578,58.364829979199335,26.740561419322713
W_2832506676,58.36483065663144,26.746007130027053
W_8883086875,58.3648428781188,26.743352466581356
W_4522128951,58.36484671480098,26.74124207546143
W_5372323082,58.36485410648791,26.745423094941266
W_cluster_2326736900_5372323081,58.36485488616167,26.746177877149655
W_6694668896,58.364856164684184,26.687896765776415
W_3744775415,58.364858950439945,26.690413561001662
W_cluster_8145251831_8538740282,58.364866404983054,26.70045923833804
W_8363642879,58.3648680492173,26.71995982306486
W_8883086905,58.36487062918723,26.74192131246644
W_8363642868,58.36487062974492,26.72114240771889
W_cluster_12582090694_330046504,58.36487123331261,26.692342474560885
W_cluster_10718514681_1161886110_11768261108,58.364875532198205,26.74721641739137
W_7837708028,58.36487625367241,26.72009734983486
W_8363642876,58.36488217042827,26.72021558064341
W_8363642869,58.36488536853028,26.72102281739422
W_6864519898,58.364888716390475,26.767891299491552
W_4794123198,58.36489237768812,26.742418534894906
W_6864519899,58.36489432083052,26.767663424718176
W_8883086906,58.364895804003346,26.74175618960838
W_4522000767,58.36489687971581,26.722062271200407
W_6864519889,58.3648981182239,26.76757828099109
W_4791820155,58.364900633820106,26.747056255553915
W_cluster_12582090787_4907195094_4907195098_6694668997,58.36490157550908,26.688287604899358
W_6864519897,58.36490218275157,26.76739297563037
W_3744775420,58.364904168385266,26.691621581932417
W_8883086871,58.36490611470358,26.74335559698038
W_8363642873,58.36492356060697,26.720949703471803
W_8883086870,58.36492362578622,26.74335410252
W_8593117039,58.364924403521364,26.747905736213845
W_11416744411,58.36492473177463,26.761342893911625
W_cluster_12582090761_3744775422,58.36493478299969,26.69135536048
W_6694652717,58.36494946491838,26.687116196156083
W_11768261143,58.36495482537299,26.74784706414252
W_8883086876,58.364958833745774,26.743354188836392
W_3744775424,58.36496803552974,26.692297021704068
W_11416744412,58.36497180344568,26.762023015231975
W_2326736903,58.36497506552211,26.74496022267792
W_cluster_2326736904_4393666092,58.364975667837385,26.745353167420635
W_2326736905,58.36497600063399,26.745565791671957
W_2326736906,58.364976879314874,26.74618964971677
W_2326736907,58.36497722296767,26.74591001927535
W_6854075728,58.36498412230498,26.716585246359024
W_1724503961,58.364990328601785,26.76825537940519
W_8145722349,58.3649920026714,26.739585805136514
W_2326736909,58.364992936671115,26.744688669923644
W_292257241,58.365000362099046,26.720089530593658
W_2326736910,58.36500174879679,26.743435407110162
W_2326736913,58.36500521878627,26.744317167981727
W_8883086869,58.36500558096405,26.743196430492407
W_2326736912,58.365013880692075,26.744022265017275
W_3744784732,58.365014527112116,26.690642944054606
W_3594346614,58.365019758298004,26.74981425443789
W_2326736911,58.3650214545679,26.74372258397514
W_330045854,58.36503192472635,26.721548614217106
W_330043088,58.36503368648069,26.767647809772825
W_8883086868,58.36503638355834,26.74319432665748
W_8760848255,58.36504931196371,26.718941400155657
W_8883086878,58.36505138805924,26.74319695244583
W_8538730516,58.36505286351081,26.700805315073012
W_4688562736,58.36505626684835,26.767915667106248
W_4522000765,58.36505910254699,26.721366709811726
W_330042210,58.365062028031616,26.705182902871492
W_4522128956,58.365066987269756,26.741753401181
W_8883086908,58.36507078897903,26.74203539508389
W_2441482881,58.36507188561004,26.767662941766098
W_322817337,58.3650914821143,26.69854470788791
W_4387530742,58.365091634856434,26.701639772949942
W_8363642888,58.36509459949825,26.719934612576424
W_4522028104,58.36509672759347,26.72119805470622
W_4387530743,58.36511182625943,26.70170950996504
W_8363642881,58.36514350579699,26.72094335291045
W_8363642880,58.3651450666696,26.72120639064659
W_3744784742,58.365148361744225,26.689533167025782
W_cluster_330045777_7004655456,58.3651495656931,26.710522998476627
W_11768261136,58.365153496194765,26.747253913492585
W_11768261137,58.36516329238759,26.747393658192003
W_5604951221,58.36516569005711,26.720078992089675
W_11768261138,58.36516856485168,26.74747121941671
W_1946225212,58.365177047689436,26.692974963985204
W_330045454,58.36518458208337,26.698833457875036
W_3744784744,58.3651851595859,26.692425375786836
W_4034633840,58.365186480734536,26.693313309828554
W_5604951222,58.36518648182651,26.72088113967152
W_8746132424,58.36521481415148,26.763363636557983
W_3744784747,58.365237015225155,26.692476030830417
W_4515975046,58.36524859742208,26.71628657483531
W_13208850107,58.36525047123675,26.716362107879032
W_4034633843,58.365251997848816,26.693218050033103
W_8593138977,58.365256279557556,26.70179922267877
W_8746132421,58.36525880281714,26.764033702216462
W_12582090722,58.365258854318434,26.691473545725984
W_2326736916,58.36526293490811,26.743705450810808
W_6854075733,58.365263107077894,26.716471055600017
W_2326736917,58.36526516076017,26.744010019731334
W_6236881089,58.36526620122899,26.77508331259339
W_2326736918,58.36526734869045,26.744295958336952
W_4813236410,58.365269598044875,26.72122779978768
W_2326736919,58.36527023608552,26.744662738582175
W_2326736920,58.365272318787355,26.74494167017137
W_12582090648,58.365272993563515,26.693284186209446
W_330046379,58.36527302145081,26.71034593674177
W_cluster_3744784749_6694668996_6694668999,58.36527770260573,26.689387430101235
W_2326736921,58.36527889291377,26.745266376849923
W_6854075732,58.36527992025082,26.71664133141563
W_2326736923,58.36528446450028,26.745538959272228
W_8883086883,58.365289277571044,26.74371876282242
W_2326736924,58.36529142519997,26.74587819186588
W_3744784752,58.36529186561539,26.689968958834555
W_8746132418,58.365294935792114,26.7646829691718
W_cluster_2326736925_8883086884,58.36529779124035,26.746189739283253
W_6854075731,58.36530211548222,26.71676797879825
W_12120590011,58.36530407211497,26.718756145304933
W_8157875760,58.365307821897936,26.73924590566728
W_4393523579,58.36530876468185,26.740594655141585
W_12582090721,58.365309654443244,26.691496006276495
W_4522128954,58.36531065540088,26.740419615720345
W_cluster_292257024_7837708027,58.365314498156515,26.720071319036897
W_292257243,58.36531518125766,26.720878072729413
W_8883086882,58.36531552227646,26.74494272593806
W_8169747164,58.36532526618888,26.722046084874155
W_8760661547,58.365326352902464,26.721843360963298
W_8363642877,58.36532967988132,26.719908308653913
W_933480096,58.36532992624478,26.772718183507713
W_8883086885,58.365343135987864,26.7462288971498
W_6341745630,58.36534398288853,26.739979755693668
W_6864514460,58.365344898162554,26.765725269510472
W_8363642878,58.36534623557417,26.72037394457605
W_3744784753,58.36535199721955,26.69151238740937
W_6985666500,58.36535786201531,26.701760933714365
W_cluster_330044636_7850085618_7850085624,58.365365857717485,26.696524098974233
W_cluster_10057391287_292257022_4393666097_4522028103_#1more,58.36537247563418,26.72141056092494
W_4624114877,58.36537637357981,26.681402186936943
W_8363642882,58.365377057999204,26.72124626702135
W_8746087114,58.36538278159151,26.76522455424403
W_10230809678,58.365394355899895,26.74081486080206
W_8169747167,58.365394597645704,26.72204314696951
W_8363642889,58.36539486973447,26.719900784416375
W_4515996701,58.36539560517458,26.72155600588289
W_6864514480,58.365400373458606,26.765904884612205
W_cluster_2454106613_2454106617_248516428_330045201_#4more,58.36540314440649,26.70153612847084
W_330044322,58.36541098171618,26.68173893779265
W_4034633848,58.36541101704248,26.692300858626055
W_cluster_12582090647_6400973251,58.365414860360794,26.693079043114427
W_cluster_8760661548_8760661550,58.36541681224934,26.721850170058463
W_330043121,58.36542897091836,26.76784895363346
W_933398272,58.365431511511645,26.78133516512299
W_8760661549,58.365435427199316,26.7219848827577
W_330041020,58.36543602409954,26.76762756095685
W_6694669005,58.36544810644705,26.692074744790787
W_11362432142,58.365449109006285,26.76657492555805
W_13148196316,58.365453093393405,26.72155880076701
W_13148196314,58.365459455500066,26.72130424449339
W_5876297459,58.365459554036065,26.7212669822345
W_7139933488,58.365465424977515,26.740250803011488
W_4624114878,58.36547971088719,26.682289551053955
W_6694668981,58.3654925322171,26.692210413905965
W_1946225216,58.36550115375813,26.694272373524814
W_6694669003,58.36550499158463,26.693360628323124
W_12582090646,58.36550783082367,26.693008669834562
W_cluster_2957275405_2957275406_6694668995,58.36551193220604,26.690124621967616
W_6694668979,58.36553051623463,26.691535101348435
W_6985666501,58.365549895338575,26.70164821297376
W_1946225214,58.36555505529805,26.691505830055384
W_1946225217,58.36556277649625,26.694200906904364
W_8760661546,58.36557788123341,26.721863602630886
W_11417047700,58.36558022884185,26.773572393719753
W_12116932168,58.36558487938424,26.691470701158785
W_12582090642,58.3655855121848,26.693267117785563
W_11417047704,58.36558599619433,26.774142731951294
W_330041080,58.365586617108825,26.76529738218155
W_6341795915,58.3655882144373,26.74239073325278
W_330043752,58.36560395723214,26.680640886664
W_8169747165,58.36560505706267,26.722052773699197
W_11362432141,58.36561958422651,26.76628220263015
W_330042217,58.36564098223735,26.70444292659254
W_6400973252,58.36564462084426,26.6937966444615
W_2957275408,58.36564852505804,26.690006170184343
W_6694668945,58.36565144792989,26.694097755801813
W_6694668952,58.36566263603293,26.695438055951087
W_8145251859,58.365669067256626,26.72187416646397
W_6694668994,58.36567955478841,26.69069267684822
W_11417047702,58.36568301591351,26.773137073262667
W_2957275409,58.36569021434354,26.690123572424703
W_330040667,58.36569500052408,26.68604097256961
W_6694668983,58.36570722814196,26.690102399474853
W_8746132466,58.36570996088809,26.76394369070794
W_12582083756,58.36571902140829,26.694939492925386
W_2383206018,58.36572459228958,26.713048502415383
W_12582090643,58.365724979711544,26.693710485754337
W_cluster_11362432116_11362432117,58.36572572810544,26.76499614318841
W_6694668986,58.365731375806135,26.69289340533346
W_6854202472,58.36575258167665,26.721413035908725
W_12582090527,58.365775498642726,26.694856961242888
W_11417047699,58.36578277190006,26.77434060329592
W_330043702,58.36578767327127,26.68384340791411
W_11416744402,58.36579705081364,26.761213769144938
W_12582090652,58.36579812253279,26.693048881136967
W_330041444,58.36580602037325,26.734519893741954
W_11362432127,58.365806034659,26.76583587993214
W_11416744406,58.36581027030256,26.76160834727858
W_330044434,58.365815959005566,26.732992938293254
W_8749133956,58.36582051083682,26.761898851982657
W_6694668951,58.365822435412454,26.69525635250369
W_330043073,58.36582494923705,26.731664946887072
W_6694668993,58.365826873113676,26.691184852212125
W_cluster_330045797_6341745597_6341745605,58.365830229225494,26.736238543169428
W_11362432130,58.36583217663567,26.76476075466509
W_2957275411,58.365837428725904,26.69057181843616
W_cluster_330045111_6355038758,58.365838607048175,26.72991592839247
W_2957275412,58.365841125277136,26.68976091177244
W_6694669000,58.36584450245519,26.691717304589975
W_8154398132,58.36584940825014,26.720138360709505
W_11417047697,58.36585871761011,26.774420795640594
W_12582090526,58.36585985463773,26.694751797302157
W_6341745590,58.365861261692494,26.737309676327587
W_8145251860,58.36586995744398,26.721406812462575
W_10057391288,58.36587068531966,26.721535001390542
W_8145251861,58.365872397196085,26.721868123119307
W_6341745587,58.365875849598645,26.73781021062016
W_11362432128,58.36587598089335,26.765579369626316
W_2957275413,58.36588045602843,26.689868592238987
W_cluster_4522107034_4522107037_5200254957_5200254958,58.36588839893544,26.725789900915142
W_330043880,58.365894010442545,26.738433956681646
W_cluster_12116932167_6694668992_6694669004,58.36591141761058,26.691569040610197
W_11417047686,58.36591329125195,26.77384117890276
W_cluster_11362432118_11362432125,58.36591491942299,26.765115559722346
W_cluster_8164649265_8164649268,58.36591688392231,26.70261392835961
W_11362432126,58.3659200541733,26.765417894049268
W_8363642890,58.36592379428495,26.719654050034364
W_5604951223,58.365930135533496,26.71853220901092
W_5604951226,58.365937384808035,26.718806659358858
W_6341745629,58.36593750822989,26.739946675666307
W_322817329,58.365941629135335,26.701051963063883
W_cluster_6694669009_963522899,58.365945435281915,26.685869189610184
W_6694668988,58.36594737537453,26.69289016196938
W_11417047698,58.36594743591223,26.77451167523252
W_cluster_330042756_7004655458,58.36594931169483,26.71252791642723
W_cluster_330045631_4393475281_4393523580_7139933487,58.36595411692082,26.74043010459588
W_cluster_8154398126_8154398133,58.365959169834134,26.72133585874204
W_8760612367,58.365962855102794,26.725286457370217
W_11416744393,58.36596299226656,26.761772090742653
W_6694668984,58.36596343356815,26.690903681368976
W_11362432131,58.365967702964774,26.764904456825892
W_3744784762,58.36596919357368,26.691579134130578
W_10230809677,58.36597188355199,26.740820883278555
W_2957275414,58.365974164117354,26.69014074068249
W_cluster_1946225229_1946225234_330043541,58.36597831978983,26.695732237012045
W_8157535477,58.365981069258275,26.741277190046024
W_11417047683,58.365982904867096,26.77399747322552
W_6341745586,58.36598322412589,26.73787590493787
W_12582090649,58.365985893408585,26.69374736802748
W_6694652726,58.365987115065174,26.686237679862014
W_1946225231,58.36599093542108,26.695522913841682
W_6694668944,58.36599789261227,26.69520048559539
W_6694668982,58.366000173957545,26.69023691562303
W_330044576,58.36600312765891,26.742373010839444
W_11416744394,58.3660099212631,26.761796388015345
W_6341795913,58.36601479371032,26.742591370271086
W_8760612370,58.3660156595022,26.72494829559522
W_933398399,58.36602716752321,26.77639289835056
W_2957275416,58.3660330025672,26.69033012522712
W_1116794882,58.366033553251896,26.691824366099894
W_11362432119,58.366035027314304,26.764639585536173
W_6400680187,58.366040313462705,26.719872083795387
W_6694668941,58.36604038640808,26.69546932967313
W_2957275417,58.36604770636677,26.691547511490633
W_377141977,58.36606197020899,26.748662353564615
W_11416744490,58.36606260351692,26.762452050564377
W_8145251858,58.3660677288443,26.721901284935463
W_330045225,58.366075015951175,26.712351010329154
W_6694668938,58.366081921532256,26.695599560510228
W_6341745588,58.366089489324075,26.737662996585758
W_11417047680,58.366099972810794,26.773968180190394
W_1116794885,58.36609997767172,26.69173336653083
W_6694668940,58.366106517922816,26.695669599988204
W_cluster_8760612374_8760612380,58.366107624439316,26.724360444828136
W_6694668977,58.366110402262954,26.696587447491346
W_1946225238,58.36611560445595,26.695751567021365
W_13598454484,58.36611639635189,26.69555567720042
W_6694668939,58.366126348849036,26.69573745850885
W_11216008688,58.366131481286956,26.76380584426561
W_2957275419,58.36613827619237,26.691413055966528
W_330043118,58.36613978235149,26.76815195602215
W_2711385932,58.366143864212724,26.678388993206525
W_cluster_1116794754_6694668948,58.36614473412412,26.693954524156716
W_6694668953,58.3661449842914,26.695717983325892
W_11416744396,58.36614605164301,26.762166725085642
W_8760612368,58.366149692691515,26.72500314632337
W_6694668985,58.36614975718558,26.690662070057623
W_11416744407,58.366151996699905,26.761162487014577
W_10718514683,58.36615418040838,26.746913794311396
W_cluster_1116794888_2957275421,58.3661682782438,26.691638247989605
W_cluster_10218500735_10218500736,58.366168643013616,26.763550572354834
W_6341745598,58.36617201992078,26.736215140515405
W_6341745599,58.36617412276821,26.736364002758915
W_11416744401,58.366175007754,26.76233096252671
W_cluster_11768261158_4017522156,58.366176605704744,26.747035676067686
W_8750983797,58.366180436316625,26.717505162988527
W_5604951237,58.366181590359986,26.71847790355127
W_8760612385,58.3661831086363,26.7238781821315
W_6341745600,58.36618501126106,26.736854483905244
W_8760612365,58.36618988593665,26.72531734077558
W_8760661553,58.366190133742926,26.722101675156853
W_11416744397,58.36619972327369,26.761904503066617
W_6341745589,58.36620379749762,26.737868971085526
W_1125092659,58.36620569605425,26.747167082269844
W_933416609,58.366209273640415,26.775241233545778
W_11716486348,58.36621201606856,26.74722925476594
W_6694668989,58.36621210913419,26.69257250043872
W_4515996281,58.36622023228925,26.71812001467893
W_6694668976,58.36622060790836,26.69647437304184
W_8750983791,58.36622146360858,26.717781909406902
W_5470175762,58.36623778484685,26.776650009114515
W_8760612371,58.36623845441253,26.72484691156999
W_9244446807,58.366241275960654,26.774950282127058
W_330043704,58.36624699924033,26.68556089082927
W_1116794764,58.366248165248564,26.694277537946228
W_cluster_5604623591_8750983796,58.366251940506714,26.717999086686063
W_8748921373,58.36625296587089,26.76271741912138
W_8164649267,58.36626660053351,26.702679871271897
W_8760612388,58.36626691725963,26.723342009891425
W_6985666517,58.36626886386903,26.704005913709327
W_cluster_2606836387_330041939,58.36627413952172,26.718250515941296
W_11216008682,58.366278228811936,26.763167473781746
W_6694668975,58.3662822847522,26.6972599432102
W_2957275424,58.366284236150484,26.691044286069946
W_6341745592,58.36628639443124,26.73745796035706
W_330045884,58.36628716737198,26.721372587383353
W_6341745593,58.36629306848138,26.73786608724049
W_cluster_2957275423_2957275428,58.36629867872878,26.689255051257017
W_5636758148,58.36630069546279,26.696500350425005
W_11416744400,58.366303118738855,26.762445990672912
W_cluster_12582090418_6694668950,58.36630957818496,26.694908929718284
W_1116794889,58.36631467837644,26.69145185565359
W_10218500737,58.36632567225908,26.763664898831568
W_2957275429,58.36632900206778,26.691171578626818
W_5604951228,58.36633269734392,26.718780782251034
W_cluster_330043288_330045983,58.36633574224769,26.700706261095
W_6694668929,58.36633822447424,26.691159704000825
W_6985666519,58.36633909100384,26.703458525257055
W_2957275431,58.36634187291722,26.690030346168925
W_2957275430,58.366347381315244,26.690265324894753
W_cluster_1721789090_2454106622_2454106636_248427946_#11more,58.36634739849572,26.703749376135274
W_933398431,58.366348763803956,26.77412179267816
W_6400680214,58.366349100317834,26.721230399618747
W_1116794735,58.366349623316964,26.69460210901946
W_12583116309,58.366353992261004,26.70349378252579
W_cluster_330045873_8760612396,58.366354052962016,26.722767179165597
W_12582090419,58.36636372285207,26.695053752015443
W_6694668954,58.36636383333327,26.695969074666998
W_6694668901,58.36636690921745,26.68754482135087
W_8760661552,58.36636842302438,26.721855675112923
W_8760612398,58.36636965881445,26.721763022076544
W_1116794857,58.36637157300517,26.692851437318666
W_8132449036,58.36638012151011,26.759479010278614
W_2957275937,58.366389595681255,26.68996873526528
W_6694668947,58.366397071597085,26.69480117329558
W_6694668930,58.36639983123467,26.69134308550225
W_6669709860,58.36640046307476,26.72151390738922
W_2957275935,58.36640101579383,26.690196996274683
W_2957275941,58.36640155023347,26.690418002785844
W_8760612375,58.366406407967325,26.724052836932724
W_2957275938,58.36640839003097,26.68957030582926
W_4458192681,58.366409489549405,26.747122380150255
W_330041069,58.36641225436387,26.758751490491488
W_12116567737,58.36641979142573,26.700659911641402
W_330046374,58.36642401799512,26.708724989997087
W_2606836395,58.3664268285766,26.71923299526498
W_6694668974,58.36642796763466,26.697108620196268
W_5636758149,58.366433590783245,26.695351933567842
W_933398469,58.3664353186012,26.773343685399823
W_2957275944,58.366437587029495,26.68990677998123
W_8760612387,58.366438026606374,26.723429896038326
W_4458192683,58.36643882569153,26.74756060273095
W_9807423064,58.36644304799241,26.695287582723243
W_6694669033,58.36644387314792,26.683517903092127
W_12116567711,58.36644574912337,26.700814040906888
W_9244476143,58.36644585163028,26.773256102394047
W_2383206022,58.36644775440419,26.712032443097765
W_1946225239,58.36644807655688,26.694947561235566
W_6694668931,58.36644831241737,26.69275436666263
W_2957275942,58.3664490093205,26.690135895908025
W_11362432078,58.366449154736145,26.76605417026042
W_6694669066,58.366450464119445,26.68451470366111
W_8748921370,58.36645465579639,26.76211696027251
W_8760612389,58.366454909769594,26.723304131149856
W_2957275949,58.36645509332603,26.690348991376105
W_1116794890,58.366457137128094,26.691269940344327
W_6985666515,58.36645871335347,26.70380245714518
W_11362432150,58.366459316608484,26.765324749852105
W_1116794757,58.36646116794677,26.693546512103353
W_cluster_13148196322_330045870_330045874_6669709855_#1more,58.36646487434054,26.721313583997595
W_8760612361,58.366469627924786,26.72505022760779
W_6854075752,58.36647236008812,26.71572926984604
W_8760612400,58.366475580320575,26.72177620480223
W_12582497075,58.36647742292205,26.697056575911567
W_13148196321,58.36647890674176,26.721034517015347
W_cluster_11809544604_2441482882,58.36648266761017,26.772947168775424
W_10882885815,58.36648391031334,26.692842085978608
W_933407368,58.36648397997497,26.77537212823476
W_2957275945,58.366486197404924,26.688952054774017
W_1116794733,58.36648619968159,26.69507799331491
W_12582497078,58.36648671508919,26.696732414231587
W_6694668928,58.36648936755043,26.690966430154027
W_8760612399,58.366489673819494,26.72197949966543
W_6694668991,58.36649198364147,26.693400100386157
W_11362432134,58.366492673087826,26.76608020539764
W_7992943367,58.366495494475444,26.76215052947247
W_2957275953,58.36649582572111,26.69007087431503
W_8750983798,58.36649636733972,26.7181795188719
W_963530486,58.36649696830047,26.70078591697302
W_2957275956,58.366502232012806,26.68982331226722
W_8750983799,58.366504614097686,26.71903051012909
W_cluster_10218500731_9244416008_9244416009,58.36651221934383,26.76191914993695
W_1116794931,58.366513858632324,26.692671409094824
W_6854075751,58.3665179065126,26.71593607009407
W_2957275958,58.366518305094125,26.690527059213434
W_cluster_10718514679_10718514680,58.36651952240898,26.746899385295553
W_3034243052,58.36652518369115,26.768302068719972
W_2957275961,58.36653398780034,26.6901782254968
W_6694669064,58.36653569202685,26.684876485111875
W_cluster_8760612360_8760612364,58.366536141554185,26.72557600206399
W_4645599426,58.3665382295318,26.70389272559248
W_2463289428,58.36654063267686,26.70403867932355
W_11362432147,58.366542905474475,26.76506369898762
W_8760612359,58.36654452640319,26.72538141927817
W_cluster_12582497068_12582497083,58.36655075934307,26.69612848319717
W_8760612381,58.366552399894296,26.72444739939711
W_11362432136,58.36655438867954,26.766185260474998
W_11216008656,58.36655439920698,26.762191156274866
W_9244446797,58.366555926698915,26.7756820786333
W_6669709856,58.36655600044902,26.721214068524876
W_2957275962,58.36656028994156,26.689986895559283
W_8760612382,58.36656159722249,26.72429725158994
W_11362432076,58.36656509672315,26.765410367117383
W_2957275964,58.36656602809612,26.69046544867117
W_6694669053,58.36656740371336,26.685280964354668
W_963527063,58.36657089187723,26.702059401691947
W_1116794761,58.366572432306796,26.693877151616444
W_8760612394,58.36657526656935,26.722599984913213
W_cluster_6400680185_8750983800,58.366576601921,26.719583921087526
W_11417047679,58.3665793788632,26.77430765806511
W_8760612397,58.36658949715243,26.721790179347266
W_6341745594,58.366592527533086,26.73822384499867
W_10718514675,58.36659468632658,26.74634862502996
W_10230809670,58.36659585415368,26.740964163845625
W_2957275966,58.36659818140793,26.69009373642818
W_12582497085,58.36659995024392,26.695927388744284
W_10230809669,58.366604047435814,26.741285109684675
W_1116794891,58.36660586280988,26.69107976417735
W_10718514676,58.36660640192892,26.7465500670082
W_330040879,58.36660698403648,26.70039800068856
W_9244446806,58.366607760921816,26.77349385263198
W_963527051,58.3666087321347,26.70199412948286
W_2957275967,58.366614019683695,26.69040349375054
W_9244476142,58.36662446553519,26.77334093460569
W_cluster_6694668914_963522908,58.36662785280973,26.688072227941436
W_324551000,58.36663250032489,26.68138625394542
W_5470175764,58.36663273655319,26.775435794623487
W_3525428725,58.366637366958614,26.77115124344686
W_6341745584,58.36663949160554,26.738351010964422
W_331179236,58.36664479044611,26.721155423223927
W_963527047,58.36664902801812,26.701710558680816
W_4387530745,58.36665486057601,26.703099658692917
W_9244446805,58.36665741165481,26.773078175378103
W_330041840,58.36665948468356,26.72093292737373
W_11362432138,58.366663597337855,26.766476657334785
W_1116794929,58.36666465130147,26.692480878691093
W_12583083776,58.36666587667359,26.703939688037178
W_8157875811,58.36666705151778,26.721314383567712
W_8760612386,58.36666727699155,26.72432343454408
W_11216008658,58.366669288049955,26.76142632724648
W_6694652783,58.366676728522684,26.68874321116164
W_cluster_9244416005_9244416007,58.36667747485973,26.76201290333537
W_10882885823,58.36667821318174,26.690988197151725
W_cluster_10218497795_11216008655,58.366678488364876,26.762220063523873
W_6669709861,58.36667861582082,26.72113925997744
W_1116794758,58.36668041962575,26.694227478531136
W_11216055255,58.36669381401834,26.747971749284982
W_2961022571,58.36670138125134,26.69480675137717
W_2454106640,58.36670758414247,26.703915066713503
W_4458192687,58.36670998616006,26.747746348132054
W_13534274107,58.36671310214813,26.768414676754443
W_10218500742,58.366715309444075,26.764405156573893
W_330041945,58.36672468786957,26.717816352334832
W_8760612402,58.366729074438794,26.72228836874194
W_11216008689,58.3667325976156,26.764331199572094
W_5352317221,58.3667342133346,26.703041730677256
W_6694668932,58.36674165904885,26.692383462226946
W_4458193089,58.366742409775654,26.747700820303105
W_6694668902,58.36674432927209,26.688508953876557
W_9244416006,58.36674798909029,26.761534849724097
W_1116794892,58.36674894765928,26.690896985737574
W_2454106645,58.3667527318621,26.70456337028012
W_cluster_330042554_6355038760,58.366756325953425,26.729736620811522
W_8760612291,58.366758565730784,26.729266203074122
W_330042559,58.366758956034396,26.73162794615614
W_10882884631,58.36675919475154,26.697558749186392
W_8760612289,58.36675953160707,26.729085864039387
W_10221047798,58.366759798205024,26.77444906228213
W_cluster_12582497092_12582497093_2961022550,58.366761202639815,26.694959218029467
W_cluster_8760612283_8760612287,58.3667617682696,26.728615104369723
W_330041842,58.366763490490854,26.72130370951597
W_cluster_1116794783_6694668990,58.36676416271906,26.69412915291817
W_8750983795,58.366764328364546,26.717057275218224
W_8760612276,58.36676436535963,26.72806109871057
W_10221047778,58.36676671041637,26.774396029817666
W_12583083773,58.366767375813616,26.704526155972445
W_8760612271,58.36676817352118,26.72727547277511
W_8760612264,58.36677036512411,26.726828814397187
W_10218500743,58.366771182753055,26.764165481863397
W_10882885817,58.366771659583726,26.692459094494275
W_8760612262,58.36677248178811,26.726389848410815
W_8760612256,58.36677416060711,26.726040795230002
W_8750983803,58.366774807041146,26.719534488672107
W_330044430,58.36677502264433,26.732954928764677
W_cluster_4522107032_4522107035_5200254954_5200254956,58.3667752828557,26.725642005535498
W_10221047782,58.366775927969144,26.77432606052243
W_10718514671,58.36677755219307,26.745896056867032
W_6694669060,58.36678020993976,26.683944612965277
W_cluster_12583116303_12583116310_12583116314_2962632254,58.36678940165378,26.703369625221505
W_8760612403,58.36679089987771,26.722220365558368
W_12582636553,58.36679281585981,26.703215075139607
W_330042610,58.366794020476156,26.7344459838615
W_8760612401,58.36679640667465,26.721819489834125
W_6694668937,58.36679684794044,26.69450218322119
W_2957855194,58.36680256749905,26.694490168642098
W_11809544581,58.36680808245052,26.772751756877646
W_cluster_8132023604_8132023613,58.36680885829803,26.760510223591744
W_12582636552,58.36680943553376,26.70325544626263
W_11809544589,58.36681579106557,26.77269239445881
W_1116794928,58.36681723421354,26.692287938045425
W_11216008683,58.36681805104828,26.764401053413902
W_cluster_330044791_6341745604,58.36682734881928,26.736100343256233
W_cluster_6694668970_6694668971,58.366828362661856,26.69824820604235
W_1116794893,58.36683015275977,26.69079012767219
W_8760612288,58.366833154783315,26.729073676664648
W_6341745601,58.36683423029245,26.736432581335162
W_6694669065,58.36683502937476,26.684175905593
W_6694668934,58.36683559817813,26.694631756036923
W_6341745542,58.36683932944543,26.736684666261603
W_1278323238,58.36684811403954,26.70100190827164
W_12582635400,58.36684811697303,26.702855484807614
W_3744784765,58.36685647827234,26.690496579532514
W_cluster_10882884648_2957855195_2957855197,58.366858358762194,26.694308499551667
W_10882884653,58.36685862936857,26.693895356551128
W_11809544593,58.36686127321928,26.77286422929502
W_8760612404,58.36686179672214,26.722235192391647
W_13534274108,58.36686197476003,26.768341910816186
W_11809544587,58.366862656294764,26.772328010775453
W_6341745583,58.36686358433157,26.737869036890356
W_2463289432,58.36686466055458,26.703987764605618
W_11809544592,58.36687092202584,26.772784684517003
W_8145251949,58.36687905363243,26.730394450978697
W_6694668935,58.36688057030629,26.694771702233663
W_8132023605,58.36688276047259,26.76074184717668
W_8760612411,58.36688286403216,26.723004900582183
W_6694668933,58.36688594929324,26.69397716707375
W_cluster_330042567_6341745511_6341745515,58.366886055144164,26.738404397191715
W_10882884623,58.366887552144995,26.69703118290677
W_2962632287,58.36689246027773,26.702418895532176
W_2454106649,58.36689591125082,26.703791273867353
W_1946225260,58.366896504320316,26.694372781827063
W_11809544585,58.36689835964035,26.772051214719014
W_12116929037,58.3669019479332,26.69035738522316
W_6341745379,58.36690273421145,26.738963560346182
W_6400680228,58.36690279261331,26.720396163356057
W_2962632275,58.366907624653756,26.703147961071387
W_6694668969,58.36690893717677,26.698176069108086
W_6341745543,58.3669253509598,26.73680504497687
W_6694669059,58.36692678841797,26.68456344256397
W_8760612290,58.36692875271719,26.729259601145955
W_2454106651,58.36692875654522,26.70354656674371
W_8760612347,58.366932589906625,26.7250322694531
W_6694668957,58.36693567741334,26.696644978086457
W_6694652780,58.36693765084505,26.688856976902407
W_6864519912,58.366941450078905,26.758895393526174
W_cluster_12619106344_12619106345,58.366941850247684,26.705094241788622
W_11422606329,58.36694247427216,26.71833903189829
W_3830640614,58.366943022978155,26.678629917297986
W_1116794806,58.366944308784596,26.69449509751285
W_748327990,58.36694514944807,26.72050300241825
W_11809544583,58.366945666631615,26.771683749714892
W_8760612272,58.36694760486958,26.727772353816086
W_8760612267,58.36694921024483,26.726839056052185
W_cluster_12116929038_2957275971,58.36695029529286,26.690331151164163
W_12116567757,58.36695770300925,26.70050801482023
W_8760612409,58.3669579339754,26.722251017539016
W_8760612284,58.366958181007355,26.728608298017924
W_8760612259,58.36696126801874,26.726681193169906
W_8760612258,58.36696196044602,26.726500684196985
W_1116794918,58.36696220564825,26.692104634185746
W_cluster_330042608_4393475282_4393523582_7139926784,58.36696422325011,26.740714982197446
W_7160745746,58.36696595343336,26.77152619107458
W_cluster_3037609388_6864514451,58.36696607950276,26.768744113682885
W_11216008679,58.36696725546897,26.763729666861657
W_cluster_13534274102_13534274103_13534274112_13534274113_#1more,58.366968866283024,26.768496928877916
W_8132023606,58.36696902433095,26.761196795354916
W_8760612277,58.366972277160386,26.72822479047823
W_11809544624,58.3669747366874,26.76971050245969
W_10718514661,58.3669802343971,26.746015790709016
W_8760612265,58.366982321939886,26.727077591636984
W_8132023611,58.366985286378636,26.76047826099471
W_8157875813,58.36698592225349,26.721821417500042
W_9694890969,58.36698773681582,26.741194443548036
W_8760612337,58.36698982178075,26.724414419436094
W_12716124090,58.36699536868226,26.720261762751033
W_963527038,58.36699692779635,26.70049742667883
W_10882884641,58.366998616805255,26.697927794321664
W_9244447614,58.36700293463768,26.768661654636873
W_330042607,58.36700952073595,26.741663320405586
W_8760612268,58.367009585249036,26.72743804705875
W_6864514453,58.36700999464942,26.768393587943446
W_10882884644,58.36701065491622,26.69701645357219
W_10221047780,58.367012152134336,26.774637186441442
W_6864514454,58.367012688771936,26.768294088188487
W_cluster_2961020619_2961020624,58.36701283066278,26.698814638494753
W_11809544591,58.36701395144301,26.77285948805353
W_10218497794,58.36701618787232,26.763039802219016
W_360477754,58.367019769261745,26.771082618027766
W_6864519923,58.36702050204236,26.759093818815046
W_10882884654,58.367024455790634,26.693680939740002
W_10221047779,58.367026459601526,26.774499324471176
W_6341745581,58.36703215827943,26.73786402669337
W_2463289433,58.36703329948672,26.70408908293658
W_8132023607,58.367036211290255,26.760910543945666
W_2454106653,58.36703916019111,26.703710419546972
W_10221047781,58.36704007791486,26.774378218079097
W_12619106336,58.367042168665556,26.70458505336189
W_6694668927,58.367042705575486,26.692002912358234
W_6690958992,58.36704335145756,26.720353686365826
W_10882884665,58.36704612537766,26.693653402880372
W_11542419963,58.367047982959605,26.775144966767986
W_330042917,58.367049987023535,26.742311881826545
W_cluster_8132023608_8132023612_8132023615,58.36705139158591,26.76076702961628
W_8760612254,58.367051479942205,26.72606787594715
W_6694668966,58.36705328192939,26.697837758901905
W_6694278405,58.36705579143129,26.722066155161286
W_11809544650,58.36705817250862,26.768761801067733
W_10718514669,58.367058519967486,26.745320390587136
W_8760612292,58.36705942862293,26.729171767167408
W_6341745544,58.36705961689781,26.737150695397855
W_1125092643,58.36705965455526,26.74698030122742
W_360477761,58.36706158248704,26.771613090186293
W_10718514664,58.367061611427516,26.745655736559065
W_8760612263,58.3670616730943,26.726845366382822
W_cluster_10882884664_2957275974,58.3670645894254,26.693750161455327
W_10882885822,58.36706903423218,26.692082850228463
W_10718514665,58.3670755742803,26.744773627553787
W_cluster_12619106357_12619106358,58.3670781374668,26.70542232045732
W_8760612408,58.367079666445,26.72226578707033
W_9244476141,58.367080457191825,26.77354261693866
W_8760612257,58.36708078297174,26.726498910457753
W_6864519910,58.36708089153079,26.758872905302805
W_cluster_11716486344_377141560,58.36708156545763,26.746841860522863
W_2961022557,58.36709250051882,26.698739604334147
W_8760612349,58.36709325404848,26.725485186656677
W_12582636024,58.36709769805306,26.701534815830748
W_11216008652,58.36709841795325,26.762678072044256
W_4458193096,58.367100378592916,26.7475454528771
W_2957275975,58.367101559075316,26.691229614458557
W_12582636035,58.36710529421533,26.701634063389104
W_11716486343,58.367106635605445,26.746711430820277
W_6341745607,58.367107865432295,26.735284100023765
W_1116794913,58.36711371350436,26.691913067112015
W_8132085817,58.36711694877263,26.76047429234289
W_8760612333,58.36711886108948,26.724360595656645
W_8593138965,58.36712002240302,26.699941879323173
W_cluster_8760612334_8760612336,58.36712046805785,26.72443955382417
W_11716486345,58.36712087898142,26.74696516296265
W_8760612410,58.36712223624404,26.72280337652022
W_6341745606,58.36712405506259,26.736165647030745
W_6341745573,58.36712547665627,26.737337889352318
W_4458193097,58.36712565077355,26.748018754412865
W_2606836418,58.36712651611688,26.718506617923534
W_6341745507,58.36712696303521,26.739163775895953
W_8760612335,58.367128168387545,26.724637262456813
W_6694668965,58.36712842325687,26.697975401135952
W_8760612407,58.36713085709138,26.721684557011304
W_4452347872,58.36713142841281,26.748125033034334
W_10218497796,58.36713271742262,26.76252725068171
W_6854075754,58.367138916367004,26.715178123943637
W_6341745577,58.367141095272395,26.737596222902862
W_10882884663,58.367148267945666,26.693925497261837
W_cluster_9244446810_9244446811_9244446812_9244476148,58.36714887648039,26.77363277275448
W_4688498004,58.367150957474635,26.772931083164053
W_8760612330,58.367155035562895,26.723558982526338
W_11573371638,58.367158316598776,26.719696738388418
W_6694652778,58.367162022583145,26.68904661807222
W_7992965591,58.367162124979444,26.758465190761473
W_4645602877,58.36716592557236,26.702988876412313
W_11216008651,58.36716696244061,26.76273470335625
W_933407362,58.36717199599176,26.775644325734913
W_10882885821,58.367174559269415,26.691146758345944
W_6694668972,58.367174763563625,26.69759279983629
W_6854075753,58.367177109927965,26.715389943611893
W_10882884662,58.367178907295255,26.694005741356523
W_248424254,58.367180602420085,26.704130070562325
W_7160745741,58.367184874846785,26.769893398856613
W_11216008650,58.36718845884011,26.762751139548598
W_2962632271,58.36719206509557,26.70048346664208
W_6694668960,58.367192176249695,26.696600557113264
W_6341745552,58.367193622386324,26.737457377759267
W_4645602876,58.36719401457704,26.702785230508596
W_9201686689,58.367198924433126,26.74089872293327
W_6341745496,58.367199322078385,26.73928015996706
W_cluster_6341745380_6341745506,58.36719977103677,26.73897145250712
W_10718514673,58.36720235148644,26.744977660535813
W_8760612331,58.36720405592869,26.724258397533752
W_2957275976,58.36720885236111,26.69002462619315
W_7992965590,58.36721291533485,26.758679364078308
W_10218497793,58.36721450110639,26.76216774324078
W_12469026336,58.367218318656555,26.74528351469932
W_10718514667,58.367219159674384,26.744938908543823
W_10718514663,58.367220187692425,26.745320080809915
W_330042628,58.36722201155718,26.710736962178196
W_4645602873,58.36722331120268,26.702753703534025
W_8760612332,58.367224607843816,26.72437618085549
W_6694278401,58.36722792314701,26.722625290705558
W_9244476139,58.36723075432719,26.773359611263725
W_cluster_6694278403_8750995756,58.36723204830337,26.722373645277305
W_12116567714,58.36723224879551,26.700652520799334
W_8132085818,58.3672328072086,26.76085673831407
W_8145251950,58.367233769972984,26.729643573684797
W_cluster_5919075516_6694278406,58.36724080790396,26.722893212310474
W_cluster_6694278396_8760612405,58.36724112548366,26.72183821235962
W_2962632267,58.367244184040636,26.702150476496133
W_1278323227,58.36724737524707,26.701283990212083
W_2957275977,58.36724911379743,26.691038077413467
W_2961022552,58.36725037669461,26.698654672960455
W_8750995747,58.367254503260185,26.7210926687151
W_8157540220,58.36725685223131,26.70592217812888
W_7160745750,58.36725956400102,26.771578308610977
W_8145251951,58.36725966110452,26.730166088457516
W_cluster_11573371637_11573371639,58.36726142821471,26.719944457494183
W_cluster_330045851_330045882,58.36726214365562,26.721260464600487
W_8760612345,58.36726693030868,26.725137357220383
W_12619106353,58.36726696237277,26.705162980265243
W_10718514674,58.36726697698009,26.746222610929692
W_9244476149,58.367267180680784,26.773439203334352
W_3037609387,58.36726736543146,26.768569672125118
W_6694669051,58.36726791387808,26.683146268748686
W_9244476137,58.36726968608373,26.77312945727702
W_7992965589,58.36727051032046,26.758882380980005
W_6341745569,58.3672711076766,26.737225872096335
W_10718514677,58.36727321443838,26.746424266915795
W_10218500745,58.36727326344457,26.761986672073835
W_1116794909,58.36727336945942,26.691711171360954
W_cluster_11809544637_11809544638,58.36727379524162,26.769795046675938
W_330043544,58.36727998417656,26.69971181328514
W_8132085821,58.3672800695899,26.76057865287724
W_4645602874,58.367280890904325,26.70310551272658
W_8760612346,58.36728171090531,26.7254541521293
W_8132085825,58.36728445903155,26.761921471313222
W_10718514684,58.36728493478795,26.74667357396061
W_6341745553,58.36728713244071,26.73759462634048
W_8157540222,58.36729310802927,26.70587008383223
W_cluster_12582636542_1721789092_330042816_4645602871,58.36729650584799,26.703216146348495
W_2962632249,58.3672968020655,26.700411642139095
W_11573371635,58.36729939190005,26.719439049393873
W_8760919554,58.367300073032155,26.73398459552703
W_6690958991,58.367309308973205,26.720853613701106
W_9244476179,58.367313807579606,26.773192590285092
W_4645575533,58.36731488839028,26.700579516370215
W_9244476128,58.367315226191685,26.77363905790148
W_6341745560,58.367320973289864,26.73710328432661
W_8132085826,58.36732265107007,26.76169096741857
W_9244476150,58.36732327913699,26.773367906719088
W_12116567720,58.36732429603283,26.701107962725892
W_cluster_6694278393_8760612326,58.367326919870365,26.723423456111703
W_6690958994,58.36733236705613,26.720471737633073
W_cluster_12619117010_12619117011,58.36733852013144,26.706050553628582
W_2454106656,58.367342322320205,26.7040745314437
W_6694668926,58.367343302704136,26.691622701781185
W_12583084737,58.36734495849916,26.703117965717965
W_4645602869,58.367347895584224,26.702874018978434
W_4452347873,58.367348954787786,26.749311469207047
W_8760612341,58.367358124836215,26.724692050582867
W_cluster_330044940_8760612295_8760612296_8760612299,58.36736154644908,26.729543626272655
W_963530492,58.36736452251491,26.70137274066032
W_2454106658,58.36736807007741,26.703285457506627
W_10882885820,58.36736873592568,26.69170367345782
W_6694669057,58.3673688773586,26.684168573263445
W_6341745603,58.36737075266042,26.73615286652904
W_9244402775,58.367370914563715,26.747368827468144
W_2957275980,58.36737191971316,26.68948971259449
W_8760612253,58.36737439085329,26.72565906546027
W_6694669052,58.367374896408315,26.683550593994134
W_5577259516,58.367376290054835,26.71895469739745
W_8593138961,58.36737929212989,26.699469953442723
W_9244402776,58.367380992209355,26.747514732551746
W_12116567719,58.36738277145331,26.7014953169051
W_8760612327,58.36738280772635,26.723766766250122
W_6694669038,58.3673853341664,26.68304983546596
W_6341745492,58.36738641959253,26.73893298205985
W_cluster_6341745485_6341745493,58.36738743486848,26.739299113986764
W_360477758,58.36739585566642,26.773117366146554
W_12583083784,58.36739905267186,26.703516470846274
W_8760612338,58.36740285286834,26.725026390315648
W_9244476134,58.367403989253106,26.772942961966294
W_6694278398,58.367406171117075,26.72285738776362
W_8593138972,58.36740735500824,26.699448861000032
W_3037611371,58.367408708977344,26.768903263608454
W_11809544580,58.36740969815968,26.772819511426064
W_2957275982,58.367411272152815,26.690868803418766
W_9244476151,58.367411731448584,26.773409560324076
W_12208864488,58.36741549925769,26.741401902725205
W_2957275984,58.36741798203282,26.691528378693533
W_9244476129,58.36742096944418,26.773656158025066
W_cluster_11573371634_11573371636_5577259518_6400680217_#1more,58.36742519482036,26.719712912644088
W_2454106660,58.36742816631047,26.703871598233192
W_4645575537,58.36743232821191,26.699565567523365
W_2454106663,58.36743518484943,26.70348898938627
W_cluster_8760919557_8760919560,58.36743682213931,26.734397910022256
W_11716486341,58.36743720176186,26.745600900086213
W_2962632261,58.367438293879495,26.700079857063635
W_2961022572,58.367438933336295,26.698096675957252
W_6341745551,58.36744051580556,26.736796082308224
W_8593138960,58.36744515037082,26.699632977496734
W_4393523584,58.36744708096442,26.741163048287405
W_8760612305,58.36744827511235,26.721936749972667
W_6694669025,58.367449621716915,26.682063140256805
W_8132085827,58.367450215454475,26.761801556379396
W_3738158674,58.367450400133045,26.693658959756895
W_12469026324,58.36745058638232,26.744969716545455
W_8760612297,58.36745188374211,26.72902551864448
W_6341745582,58.36745289222902,26.737838173345033
W_9244476152,58.36745302737056,26.77355099960625
W_cluster_12582414136_2957275986,58.36745466290261,26.68968436363308
W_11809544578,58.36745568533571,26.772466238123325
W_8760612342,58.36745847810716,26.725081853109906
W_6694278409,58.36745862979168,26.724233336188153
W_2962632258,58.36746116141845,26.701448502929605
W_9244476178,58.36746286885628,26.773275562537933
W_8132085824,58.367462951205766,26.76116491358932
W_2606836432,58.36747121810377,26.718174825820505
W_2962632263,58.36747488974271,26.70028911187416
W_2957275987,58.36747512717231,26.690792692240723
W_6690959017,58.36747648749996,26.72012719190628
W_7243299932,58.36747679746487,26.684553749739102
W_6694652776,58.36747686497555,26.68917307551797
W_8760911268,58.367478034282456,26.735563369654713
W_cluster_6694278411_6694278414,58.36748065738689,26.72436905690687
W_8157540221,58.367481484372625,26.705610577256163
W_12469026352,58.36748200353395,26.74432985543511
W_12469026342,58.36748282240854,26.74537203328275
W_8132085835,58.36748367924387,26.76182970595191
W_9026347695,58.367486233061875,26.74084841423226
W_8760919558,58.36748865043459,26.733837711994333
W_248163125,58.36749156920457,26.679649683048282
W_11809544576,58.36749211326768,26.77219268063672
W_8132023614,58.36749276645418,26.761018563783406
W_7040722659,58.36749337458985,26.706996412449836
W_3738158675,58.36749526266405,26.69379019045465
W_2454106666,58.367498033738954,26.70367341315419
W_10718514668,58.36750283474485,26.744281843299387
W_10000100034,58.36750296262988,26.77610391786843
W_12583083787,58.36750322175119,26.703974897652227
W_7160745754,58.367503935026015,26.770914874205
W_6690959016,58.36750520308934,26.71999226852205
W_12583083783,58.36750879600238,26.703433844066932
W_4515975060,58.367509162192874,26.71213627351564
W_8132085840,58.367510913420176,26.76159910360619
W_1465411102,58.3675129756049,26.679051902264007
W_6694278395,58.36751738683287,26.723200606525992
W_8760612243,58.367520487845866,26.726273123972028
W_9244476131,58.36752565236209,26.77332763667201
W_3738158676,58.36752767071181,26.694799619370766
W_8760612250,58.3675281137847,26.72601717644062
W_12468979150,58.36752815543538,26.747811106978524
W_4645575518,58.36753213613913,26.700226748383834
W_6694669043,58.367534004132295,26.68240715645442
W_8760612235,58.36753601931606,26.727913801417706
W_12469026347,58.36753750434792,26.745002934590723
W_3738158678,58.36753761312653,26.693922639771333
W_12116567605,58.3675385035055,26.701106493859214
W_2961022566,58.367540873797935,26.69847767310994
W_11809544574,58.36754139079191,26.771821949188855
W_6341745546,58.367543879725716,26.73797185301107
W_6694669050,58.36754588645236,26.683760851617656
W_6341745547,58.36754599408945,26.73830310784131
W_4645575534,58.3675467705125,26.701377696957472
W_9244476132,58.36754809915651,26.77317143001321
W_6341745537,58.3675483598869,26.739993800654446
W_2454106668,58.367548663410076,26.707136975190586
W_cluster_12619117040_12619117041,58.367550318127755,26.706565014868787
W_8132085836,58.36755385728917,26.761895213808845
W_8145251946,58.367553904679,26.73008418759604
W_12582636505,58.367555655829584,26.700298341473335
W_2962632276,58.36755784976867,26.702008351714476
W_cluster_330045869_6690958988,58.36755800416769,26.7212637730981
W_6694278420,58.36755893346099,26.724850139739235
W_11809544664,58.36756558754538,26.771640773816216
W_cluster_11809544651_360477751,58.36756601370011,26.769971770325157
W_6694669141,58.367568855835955,26.680026919484597
W_12582636496,58.36756902783707,26.700677873807702
W_8760612323,58.36756905733478,26.72354548954729
W_11716486352,58.36757181030806,26.74590487837016
W_3738158679,58.36757318964313,26.693888999552062
W_11573371640,58.36757402332144,26.718895008005052
W_12583083788,58.367577986076,26.70371923731016
W_8750995754,58.36757817699455,26.722239478956723
W_8760911263,58.3675802142388,26.735200908304225
W_6694669045,58.36758146669122,26.682568092552664
W_3830640656,58.367582362474906,26.68061635131052
W_324550997,58.367585153926406,26.69367146704182
W_cluster_330041860_8750983815,58.367585615400564,26.718529628766408
W_2454106669,58.367585992965765,26.703375762547317
W_6400626343,58.367586607678106,26.735513157615497
W_cluster_8760612340_8760612344,58.36758696815942,26.72502307822023
W_8132023616,58.36758822630466,26.760770405750314
W_cluster_2957275990_6694668925,58.36759103695461,26.691370805521547
W_12583083790,58.36759372528478,26.703922688611414
W_6341745489,58.36760194978128,26.738919425294334
W_6694652774,58.36760256785625,26.689267864923497
W_6694278418,58.36760407964737,26.725128411778318
W_7160739693,58.36761401306657,26.775817754357792
W_8760612239,58.36761902344206,26.726739354585032
W_cluster_2463289434_8593138970,58.36762186955643,26.699425157938688
W_8132085820,58.36762281117651,26.760629321768754
W_2961022546,58.36762470488168,26.697805697058314
W_12469026397,58.367628653929515,26.74418555186277
W_1946225286,58.367628971777265,26.69381655302906
W_6694668924,58.36763619857778,26.691252466201625
W_cluster_12582635513_12582635514,58.367636678172204,26.702265799042713
W_12619117001,58.36763832995972,26.706013361403944
W_2454106673,58.367638852538086,26.703125070429326
W_cluster_248429351_4645599430_7040722658_8538631818_#1more,58.36764156376454,26.70691484506207
W_6690959018,58.36764285512698,26.719442477745247
W_5628622528,58.36764400949135,26.741589285226826
W_2606836440,58.36764970756071,26.718023151440995
W_6690959012,58.36765047439893,26.71878038666928
W_8163652500,58.36765175545417,26.728828266575857
W_3738158680,58.367653514370524,26.694653751173163
W_7040722657,58.36766042597617,26.70675828321886
W_cluster_1465411048_324551001,58.36766150501678,26.680478204564196
W_cluster_4522107030_4522107033_5200254950_5200254952,58.3676627031631,26.725493072895873
W_12582635511,58.36766533417135,26.701303535423772
W_10882885824,58.367665758946536,26.691331521968443
W_2962632270,58.36767151337169,26.70268532219646
W_cluster_6694669041_6694669047,58.36767300154974,26.682899397882714
W_5352317119,58.3676775334539,26.711881747994475
W_cluster_11809544643_11809544658_3037609390,58.36767992325248,26.769036529395787
W_4645575532,58.36768197896691,26.700738796141966
W_12583083750,58.36768390836734,26.706815180785934
W_12690960728,58.36768706214254,26.694484919373263
W_11716486342,58.36769418904479,26.74570366324274
W_8750995752,58.36769565973127,26.722987593368117
W_3830640659,58.36769769807083,26.679937550896014
W_5919075518,58.367697849374146,26.722795787098338
W_12582635509,58.36770392426406,26.701521493694223
W_12690752821,58.36770531233372,26.694304083100256
W_10882885830,58.3677056767866,26.69269250214096
W_8750995753,58.36770690347599,26.72224889477396
W_4034421255,58.367707767816945,26.69371536074862
W_4645575547,58.367708723931706,26.702658172475406
W_4645575529,58.3677104911573,26.702529614315267
W_cluster_12582636538_2962632268,58.36771259944934,26.70293488404879
W_10882885829,58.36771357261339,26.69280149025191
W_330041877,58.367717003992084,26.734377002517057
W_6694669142,58.36771839681737,26.679918047826124
W_11573371631,58.36771858705652,26.71932735027511
W_8760612229,58.367720124315895,26.72807477306815
W_4034421283,58.36772298374668,26.698996618207254
W_6694278422,58.367726267934444,26.724644740994073
W_6694317464,58.36772735180192,26.725903670061925
W_12582635512,58.367727502501005,26.702197343868054
W_3037611341,58.36773507239045,26.76665948957975
W_6694317466,58.36773982352287,26.72598169077855
W_12582636519,58.367741205152576,26.70287652568477
W_10882885828,58.36774275801401,26.69287439706168
W_6690959019,58.36774282747112,26.719691933742336
W_6690959008,58.36774696518388,26.717935711623284
W_377128482,58.36774887607752,26.76842549911918
W_8760612242,58.367749878454646,26.726525870755104
W_12619117032,58.36775027024571,26.70645703366199
W_6400626341,58.36775130254254,26.73549996020023
W_11362442273,58.36775252782064,26.759586594296334
W_3037609382,58.36775435917684,26.76882562214018
W_4645575542,58.367754390409026,26.700593571870815
W_4034421285,58.36775663093314,26.694242957305793
W_8132085823,58.36775981090289,26.760693862447837
W_8593138973,58.3677609106711,26.699121761997656
W_cluster_3037609361_3037609428,58.36776183283969,26.768587460714635
W_1465411105,58.367763629963655,26.680335917902283
W_12582636521,58.36776757611832,26.702629302267145
W_7850274929,58.36776988750174,26.707022496357023
W_12469026319,58.3677700845993,26.74525236115079
W_cluster_11331190093_330044798,58.36777558131853,26.736166939189737
W_6694317462,58.367776332218405,26.726211999697373
W_8760612302,58.367777469426954,26.728475859283265
W_6341745378,58.36777958246442,26.738908199428813
W_cluster_12690960727_324550996_3738158681,58.36778187887733,26.69447281834865
W_2454106675,58.36778379955825,26.703816484417
W_6694669042,58.36779077496794,26.682184684819756
W_2961022577,58.36779566989488,26.699236676859574
W_6694669048,58.36779825748789,26.68433857959169
W_8153691238,58.36780241150671,26.733897570642565
W_6694317467,58.3678028916615,26.725947869585788
W_10882885825,58.36780409076078,26.693206847172696
W_10882885826,58.36780598050414,26.693095893463617
W_2957275995,58.36781055790035,26.692009556770277
W_8760612246,58.36781948602516,26.726483965965706
W_6690959010,58.367820307205136,26.719062789103415
W_8760612303,58.36782106853769,26.725000061628077
W_2454106677,58.36782870410326,26.703000573546667
W_6694669044,58.36782986142942,26.682372363048657
W_12582635497,58.36783466526953,26.701855253351244
W_8760612300,58.36783712290467,26.728737616517144
W_4034421267,58.367839908728655,26.69334909695389
W_12469026406,58.367843431163664,26.744604499561888
W_8750995722,58.36784518611638,26.720499477534627
W_6694317465,58.367850100332674,26.725847848136418
W_6690959009,58.36785107258646,26.71912579090556
W_cluster_12582414163_2957275997,58.367853342111125,26.690978781842386
W_cluster_10718514688_11716486339,58.36785479947891,26.74648385500848
W_12469026401,58.36785660640826,26.7441406559125
W_4034421391,58.36785712334814,26.693524157067614
W_10718514657,58.36786128136974,26.745179056428956
W_11573371633,58.3678625899294,26.71954517601525
W_cluster_1115576608_3037609391,58.36786371859259,26.768209368150156
W_331741357,58.36786417913466,26.737935975966035
W_2454106679,58.36786688086965,26.70377835348927
W_3037609429,58.36786757134263,26.76850215555933
W_cluster_3034243065_360477765_8919395723,58.36786781638521,26.767744567408634
W_8760612249,58.36786892177424,26.726795883335758
W_11362432168,58.36787007623312,26.758002076195226
W_8164649226,58.36787070719397,26.734954294593695
W_3099325003,58.36787498482007,26.768678170715027
W_4645628597,58.367876788937984,26.699549312648024
W_13534274115,58.36787906992903,26.76810619331926
W_10882884660,58.36788167217633,26.691143487625634
W_4034421268,58.36788639477394,26.693483049608332
W_cluster_330043888_6341745514_6341745517,58.367887338614494,26.73841288629961
W_4645575545,58.36789699080408,26.70077406948159
W_6694278425,58.36789911791312,26.72200448477355
W_6690959014,58.3678996488561,26.718546615589926
W_6694669046,58.36790041512092,26.682609159771857
W_4034421260,58.3679048214686,26.693864590492424
W_6694669024,58.36790627270522,26.681676136693834
W_3037609356,58.367906313039704,26.768420023671112
W_3099325005,58.36791318845543,26.76874561135713
W_4034421273,58.367915525408726,26.698757377700577
W_6694317463,58.36791607761636,26.726124253016383
W_cluster_1465411112_330043514,58.36791641717361,26.681529723818954
W_6341745377,58.36791645942069,26.738995220736392
W_8163652501,58.36792120703362,26.72904243421165
W_12621319560,58.36792533582541,26.693429208954594
W_6694278417,58.367926494403626,26.724406777029063
W_11362442269,58.36792951956582,26.75823209100822
W_8132085845,58.367933893285326,26.759936463579425
W_9935098162,58.367935636862384,26.715364009351116
W_12468979132,58.367937063694605,26.741404070928347
W_330043217,58.36793843352265,26.69914161841337
W_3037611339,58.367938773017734,26.769835331510112
W_13534274114,58.36793896171985,26.76809776653328
W_8760612224,58.367941157251224,26.728623487690754
W_8157388688,58.367942663439315,26.72726077281328
W_8593138969,58.36794297092693,26.699199698175985
W_11716486350,58.36794537380115,26.746096035345225
W_8163652498,58.36794658428116,26.729150613291665
W_12469026405,58.36795187304786,26.744351585474565
W_cluster_12618907355_12619074362,58.367958136025145,26.706549322976656
W_3037611369,58.367959378257,26.76821267257916
W_4034421261,58.367962085564585,26.69381093343222
W_331741347,58.36796401709519,26.739944591329525
W_3037609378,58.36796429998439,26.769696194332337
W_8760612234,58.36796516950811,26.728553561384956
W_2463289440,58.367966021770165,26.703150869817623
W_12583084531,58.36796704974232,26.703944177351385
W_8132085844,58.36796720155885,26.75997726210085
W_8760612238,58.367970793429095,26.727437816803306
W_4034421259,58.367971318075064,26.69357786694781
W_10882884655,58.36797261658628,26.69247087044975
W_11362442270,58.36797382810294,26.75853331942353
W_12619074361,58.36797929499821,26.706728972576784
W_3037609364,58.36797944882868,26.76923046565599
W_6690959023,58.367983916301874,26.718923885302164
W_8164649225,58.367984448232406,26.73492745965746
W_6341745534,58.36798856620024,26.740446108921443
W_8750995723,58.367988996369675,26.720547570431307
W_cluster_330041937_6690959006,58.36799316285657,26.71814536699245
W_360477750,58.367993313325954,26.769797712387586
W_3099325006,58.367997553546864,26.76841327238007
W_2957275999,58.36799813251943,26.69254910846685
W_3037609399,58.36800586879179,26.76874038991398
W_8157388691,58.36801221599273,26.727699372254328
W_12582496790,58.36801370407761,26.69777040721652
W_4034421251,58.36802010441751,26.69373487694022
W_331741359,58.36802067105765,26.73790814999173
W_13171833021,58.36802268756276,26.734613162567758
W_3099325007,58.368026095242755,26.768452058927355
W_3738158683,58.36802641702989,26.69585614819862
W_6694278423,58.36802821185749,26.721315107922084
W_4938504997,58.36802921909395,26.70434023010035
W_3099325004,58.36803701653758,26.768680529384923
W_12619117049,58.36803789591071,26.706237385110157
W_cluster_330045078_4393475283_4393523587_7139926781_#5more,58.368039743766204,26.741014268307733
W_8760612315,58.368042572526576,26.72334042381566
W_12618907354,58.368044382012016,26.70663766526684
W_2463289441,58.36804636137292,26.70324745839183
W_cluster_1465411115_6694669139,58.36805107658793,26.682190720998175
W_6690959002,58.368053470177536,26.71828642191494
W_7139933510,58.368057034923226,26.74183805635893
W_11573371630,58.36805816480974,26.719238160663735
W_11716486338,58.36806312748787,26.746279972289624
W_12469026396,58.368065313866985,26.745254849363516
W_12619117047,58.368065888839645,26.70630279231799
W_12619117072,58.36807096886478,26.705737803478804
W_8132085833,58.36807662936199,26.75956353632072
W_cluster_12468979127_330044587_4393523588,58.36807705429942,26.742279268886758
W_248424237,58.36807867856571,26.704911771736853
W_3037611348,58.36807920812311,26.769315795672856
W_8760612317,58.368085673606195,26.723210858261925
W_4645627390,58.36808569579524,26.702432442283097
W_8760612233,58.36808722810647,26.728171947876266
W_12619074359,58.36808845754629,26.707019514785074
W_12619117046,58.368089731864345,26.706360200051336
W_6694652734,58.36809044737946,26.684236827442696
W_4034421266,58.36809067357265,26.698569564021614
W_12469026400,58.368099629944815,26.746117491296555
W_8760612316,58.36810060732496,26.72334680719701
W_cluster_12618907345_12618907346,58.368101979770984,26.707906395332838
W_12469026404,58.36810571827364,26.744527050918137
W_cluster_13534274205_13534274206_3037609343_3037611337,58.368106847222876,26.76960176345204
W_4034421272,58.36810716920874,26.695368111604562
W_2962632247,58.368111192644534,26.70165566010025
W_8760612247,58.368111334131,26.72683777012807
W_12583084534,58.368119786321806,26.703965633111412
W_2454106702,58.36812366852518,26.703043223319938
W_6694317470,58.368125347896026,26.725914088794596
W_12582618677,58.368127314628985,26.702640464533765
W_12737124817,58.368136997963944,26.734384445440185
W_cluster_8760610254_8760612228,58.36814057068234,26.728506916461114
W_cluster_12106165026_402116697,58.36814088205625,26.76756089683994
W_11362442275,58.368141663848476,26.75928087715085
W_6669645881,58.368144357205246,26.72012686259751
W_6694669018,58.36814591233874,26.682875156959796
W_12116553761,58.368148518904675,26.702179951903073
W_13656619283,58.368149627143936,26.734627594132046
W_8760612226,58.36815231614514,26.728582038642326
W_4645623684,58.36815318567574,26.70221700600611
W_cluster_12582414139_12582421401,58.36815785838695,26.69185285874395
W_966086652,58.36815953033395,26.699817845886134
W_8760612304,58.36815986691694,26.72492255605319
W_331741377,58.36816093105443,26.737892409705346
W_6690959020,58.368162632236405,26.719120580943606
W_6690959004,58.36816493510203,26.71783921644512
W_12618907349,58.368165803765635,26.70686896177092
W_4645599422,58.36816882051939,26.70287737665077
W_cluster_1116794650_3738158686,58.36817245975645,26.69578138881538
W_10882884656,58.36817551679274,26.69221167372557
W_330044416,58.36817899398698,26.73285492488667
W_cluster_330041942_6400680220,58.368179111697046,26.718567467564053
W_7139933512,58.36817916982421,26.741563664999568
W_6694278427,58.36818103343711,26.721955602340962
W_2962632281,58.36818299572378,26.70097968004694
W_6694317468,58.36818439409975,26.725512099187178
W_10718514689,58.36818439439268,26.74619722315987
W_8169719245,58.368187002160084,26.709431652011368
W_330043019,58.368187991587575,26.73131693355647
W_cluster_11716486325_4017522185,58.3681894730336,26.74405551354105
W_cluster_12582636533_330042937_332634287_4645599416_#2more,58.368197352852015,26.702671328024397
W_cluster_330043806_330044930,58.36819750633528,26.728884934726114
W_13656619285,58.36819888724958,26.73456072977228
W_12618907339,58.36820040840606,26.707390718235967
W_3037609362,58.36820078691909,26.76899928145417
W_963523618,58.368201935130934,26.692291613528354
W_cluster_12469026394_12469026395,58.36820195534676,26.745225660227156
W_8760394789,58.368202187063034,26.730208296463335
W_331741375,58.3682024317485,26.738510382573658
W_6900843056,58.3682045054698,26.7416564697466
W_4645628598,58.36820756175504,26.699732653024366
W_8760394784,58.368209989031655,26.729606366095105
W_11716486346,58.36821248848984,26.74646009412789
W_6694669017,58.36821256283519,26.684004458040647
W_8760394781,58.36821461771262,26.72924650726723
W_3037609412,58.36822567273422,26.76935193349083
W_12468979125,58.368225856196986,26.746089918697482
W_330044439,58.36822689049948,26.684059884798923
W_8760612312,58.3682269015991,26.723186676113993
W_8593138959,58.36822820993626,26.695921932811984
W_3034243051,58.36823078720217,26.770148468125402
W_6669645877,58.36823313213732,26.72133827871889
W_4034456371,58.36823503202576,26.695958112959264
W_13143337629,58.368237078597446,26.746087615919592
W_8157540224,58.36823807980289,26.727561908330415
W_7992943348,58.36824330155038,26.75745406028302
W_6669645882,58.36824453679272,26.720760077550793
W_12583083746,58.36824493191467,26.702816054131652
W_cluster_12618907380_12618907407,58.36824800418517,26.706132563957716
W_6690959003,58.36824839427404,26.718011539410014
W_6694669015,58.368248903760986,26.68413609737131
W_cluster_330045081_377142025_7212370973,58.36825068266203,26.746335377698774
W_6694317460,58.368253878584795,26.725287289486378
W_12621273662,58.36825400454835,26.69589145496502
W_4645623682,58.36825556182523,26.70232691153104
W_13656619282,58.368256515211556,26.734284574684356
W_8760612310,58.36826059992071,26.722696504668818
W_cluster_11716486328_4522128957,58.368261070843054,26.745459931618413
W_9026473195,58.36826311384359,26.770294751408347
W_2187463752,58.368267659074505,26.69966051965621
W_12468979124,58.36826813541813,26.746077820383373
W_2957855198,58.36827165841369,26.692489465786032
W_1116794313,58.36827167030419,26.696182410431074
W_3037609402,58.368272079706756,26.76854001931239
W_7077284767,58.36827321191045,26.69547009851385
W_12621319445,58.368273292137594,26.694410282144716
W_5885339608,58.368275327846064,26.734088025818853
W_cluster_8154319187_8154319190,58.36827691477571,26.708328363440906
W_11716486326,58.36827708742542,26.745294006744853
W_2962632289,58.36827710342113,26.701548962356622
W_7992943349,58.36827833194189,26.757597578533293
W_cluster_11414556640_12106165025_402116699,58.36827854978893,26.767451104579507
W_13656619284,58.36828011171932,26.73435909716511
W_3738158688,58.36828341177766,26.696664696719335
W_12618907379,58.36828548169499,26.706299771702447
W_12582421303,58.36828630871261,26.686089073419446
W_8760612307,58.368286504540016,26.721720075209912
W_8760610252,58.36829279730371,26.72833224563779
W_1116794994,58.36829470273516,26.692174397320564
W_13143337628,58.36830108613636,26.746071942797887
W_8760612314,58.36830249792652,26.723381295422314
W_6669678787,58.36830286940155,26.718441014010438
W_2957855199,58.36830356631335,26.69257397361188
W_11573371627,58.36830899469493,26.71787772443848
W_2454106716,58.36831006038083,26.7035575491502
W_13656619281,58.36831567879529,26.734402419127715
W_1116794412,58.36831643332042,26.696462193521537
W_12583083758,58.3683169142286,26.705946181458618
W_12468979123,58.36831697719304,26.746068751790524
W_12618907406,58.36831726379093,26.706255063783033
W_12621319429,58.36832018715305,26.694603207988727
W_8157540225,58.36832146911165,26.728045704153544
W_4034421263,58.3683219629873,26.698232040491842
W_8760612308,58.368326335763896,26.722277703626723
W_12469026423,58.3683268508202,26.746292267700746
W_331741372,58.36832936652472,26.73786364006301
W_6669645880,58.36833091896442,26.720585893149263
W_1946225289,58.368331057975226,26.692539888791515
W_4017522168,58.36833253529793,26.747395973319627
W_6694652737,58.36833400405317,26.68451858098524
W_12619117085,58.368338332430405,26.706003609521737
W_4034421252,58.368338521797234,26.698284035348557
W_cluster_11716486330_12468979141_8157879941,58.368338920625774,26.747218152193287
W_cluster_1465411118_330044621_330046164_330046240,58.368339488566406,26.683756146735192
W_330045083,58.36834132625939,26.74789180164602
W_12582421336,58.368341508071744,26.68813249378324
W_3738158690,58.36834250896114,26.696626070468263
W_6694278429,58.36834581742491,26.72356078346603
W_8157535498,58.368347523536855,26.709836824044885
W_6694669140,58.368351116968846,26.68195965027521
W_12582421386,58.36835413596022,26.689559376558382
W_12116553744,58.36835704787441,26.700859576840365
W_cluster_11331190087_248424222,58.36835734210815,26.70369065558905
W_331741370,58.36836240316464,26.738471080279684
W_12737115352,58.368366259808035,26.73505998029194
W_2961022570,58.36836654893451,26.69840037619913
W_8760911272,58.36836740592941,26.73600645650124
W_8760394787,58.36836926116848,26.73021625228348
W_6983300161,58.368370497729444,26.683547153394525
W_1116794409,58.36837095355126,26.696804286171975
W_8760610255,58.36837778775584,26.72779399167999
W_13171833031,58.368380662053085,26.735901572372732
W_3738158691,58.36838170149705,26.69728521500644
W_4034456383,58.36838315324448,26.695586244496752
W_12582421360,58.368383930323226,26.6918177263927
W_6694317473,58.368384079829674,26.725817383298924
W_330044272,58.368387036231496,26.713665008151484
W_13656619280,58.36838816082708,26.73448939506879
W_330044797,58.368389579157096,26.73600099185888
W_12618907376,58.36839055188134,26.70656778518203
W_8760394780,58.36839111442801,26.729250625749053
W_3037609406,58.36839324766667,26.769091014392483
W_3738158692,58.3683945571696,26.697366300767744
W_cluster_1946225291_2957855200_2957855201,58.36839481290323,26.692384293064425
W_8760911277,58.36839668314284,26.734961462776962
W_6694317454,58.3683973781583,26.723980205092257
W_12621319444,58.36839754873123,26.69495501520489
W_8760394785,58.36839987443907,26.73046558874229
W_cluster_11716486333_4522128958,58.36840345515995,26.74538283903609
W_8760612311,58.368403528855026,26.722711280970035
W_cluster_12106165024_402116704,58.36840423637171,26.76732173240884
W_330041688,58.36840796340711,26.734336940249758
W_11414556638,58.36840799745993,26.767959136230907
W_360477785,58.36840971757314,26.77091020211903
W_8760612309,58.36841022600186,26.722278754076214
W_6694317459,58.368411409072024,26.72486589876239
W_8760394782,58.36841279706985,26.729693361249403
W_12116553743,58.36841383232488,26.70083003684452
W_6694278430,58.36841441529679,26.72292743280217
W_cluster_6694278426_8164622905,58.36841572740858,26.721916663087406
W_13695797059,58.36841602353659,26.735889000676316
W_1116794390,58.368418177384015,26.6970997761054
W_8760612306,58.36841894827296,26.721704161158417
W_10889766881,58.36841896426142,26.748093297219175
W_cluster_12583083749_248424236,58.368419613960626,26.70584635386728
W_1946225295,58.36842275289559,26.69279891833147
W_13695797061,58.368423562777515,26.735973558900664
W_6694317471,58.368423928517565,26.725468188741967
W_4811922036,58.3684241672444,26.74822710491351
W_330040733,58.36842430710498,26.721359848717096
W_321346173,58.3684244789856,26.714666405185802
W_4393526196,58.36842462018414,26.741822893929967
W_8760394788,58.36842530639212,26.730216337462103
W_cluster_2187463755_2961022540,58.368425700463206,26.698842602926092
W_13695797060,58.368426597478155,26.736007894873975
W_12618907309,58.368429898791746,26.707749499641064
W_4645575515,58.36843011895236,26.700765967952858
W_8750995729,58.368430681028634,26.720945956148967
W_4393526198,58.368431090682535,26.741735668064685
W_4034456378,58.36843209334801,26.695620010894153
W_cluster_1946225296_330044627_330045527,58.368434092429816,26.692658649987138
W_8760911287,58.3684349093969,26.73611877191338
W_2187463756,58.368437822548955,26.698994122373154
W_12116553742,58.368438682081376,26.70081751899047
W_3738158693,58.36844197089545,26.697248459975196
W_7139933513,58.36844674765454,26.741438462510782
W_8750982597,58.368448655909205,26.713466903960743
W_7588474673,58.36845657227256,26.7572425138638
W_cluster_12621273684_12621319658_12621319659,58.36846156432881,26.69524711034271
W_12619117092,58.368462718307924,26.70490617343561
W_12619117115,58.368462726003926,26.704636773728975
W_cluster_10682636800_11200740115,58.36846837572603,26.708790370216537
W_13171833026,58.36847242795638,26.735714905625134
W_7100002206,58.368473768036246,26.713530973462124
W_8760610259,58.368474668094855,26.72862588853199
W_1116794380,58.368476693932124,26.69742337510691
W_331741367,58.36847885569714,26.73783723282973
W_2187463758,58.368481465933556,26.699258706257794
W_12621319436,58.36848239860377,26.694717874489463
W_8169719246,58.36849037310857,26.709419757243115
W_7588474674,58.36849311808984,26.75737986857978
W_8760610258,58.36849377244869,26.728740612809847
W_11573371621,58.36850402213433,26.718139414288334
W_4515975026,58.368507332229285,26.71367958940198
W_2957855203,58.36851021919344,26.692306537310902
W_cluster_12737124826_12737124835,58.368516967611455,26.735971835775686
W_3738158697,58.36852006655684,26.697876334658016
W_12618907398,58.36852195423044,26.706450968868133
W_11573371609,58.36852400651478,26.71758917305824
W_6983384643,58.36852722607306,26.702160009941576
W_cluster_6694278428_8760612320,58.36853202805376,26.72340479866405
W_13695797058,58.36853303134716,26.7356606068475
W_6694317477,58.3685350002089,26.725789375529732
W_11414556639,58.36853916262445,26.767829387541106
W_1116794365,58.36853948750112,26.69769480213207
W_12116553766,58.36854079441573,26.70169955622705
W_12116553749,58.36854340872211,26.702012353034252
W_8132449039,58.36854446197627,26.75769575326619
W_cluster_1115576970_12106165023,58.36854849703872,26.767182664438874
W_12737124827,58.368548933574175,26.735706470569074
W_cluster_11573371624_11573371628,58.36855070373715,26.718006735214043
W_8760911282,58.36855448419576,26.73439532614638
W_3037609384,58.36855579128822,26.770778316464135
W_8760394777,58.36855696533612,26.72914730506173
W_3037609398,58.36855706153114,26.768886356312024
W_8760610246,58.36855755874515,26.730877375662786
W_402116702,58.368561318081156,26.767912489325806
W_8538627110,58.36856305473049,26.709310100631473
W_cluster_12619117117_330042881,58.368567922941985,26.704529741594374
W_3738158698,58.36857320935501,26.697826308117982
W_6669678788,58.36857506555765,26.719202090442828
W_8760394774,58.36858453252711,26.72944179321234
W_13695797057,58.36859237907745,26.735607171969335
W_cluster_331741352_4393475287,58.36859341756289,26.73781621255184
W_4034421270,58.36860285567457,26.693557863862715
W_8760612321,58.36861205351422,26.724571518155436
W_cluster_12116553762_12116553763_12116553765,58.36861236932182,26.70204322472323
W_10682636799,58.368615310921534,26.70859138293727
W_12106165029,58.36861993599697,26.767152792483746
W_4017522591,58.36862284881308,26.744018017589557
W_9244476120,58.36862617191703,26.773028104319742
W_1116794316,58.36863015411696,26.695967364767686
W_12619117088,58.36864258431244,26.705085868362275
W_8760610261,58.368644121911835,26.727470403873937
W_4393526200,58.36864679596817,26.741052556618865
W_6690958985,58.368650536509435,26.720527811934833
W_360477763,58.368653414181956,26.773145364783197
W_330042752,58.368653578578936,26.728624686287944
W_12621319458,58.36865521158432,26.694118605671633
W_6113585145,58.36865599194628,26.770659205861573
W_12621319430,58.36865958765381,26.694559763655075
W_cluster_12618907217_12618907292_12618907293_2403929898,58.36866136883408,26.70925544630094
W_3738158701,58.368663106391885,26.69850861556144
W_2454106725,58.3686649794981,26.709857466601218
W_cluster_6694317449_6694317452,58.36866576673643,26.723947340728017
W_2187463763,58.36866681074946,26.698708754584196
W_6694317474,58.36866723401171,26.72542373559223
W_331741385,58.368668308261846,26.741297697418027
W_330041753,58.368669980478344,26.68345284910525
W_2187463764,58.36867197383115,26.700411955824364
W_11573371615,58.368672050578645,26.717886964250262
W_11573371623,58.36867324977466,26.71835020150488
W_1116794322,58.368674396556436,26.696254676253396
W_cluster_360477783_6113585150,58.36868525157743,26.769347567963393
W_4034421278,58.3686917957481,26.693342050430065
W_8760612322,58.36869435603369,26.724878568746394
W_cluster_12583083767_12619117091_12619117099,58.36869512261117,26.704928165353984
W_cluster_12116553767_2187463768_8145801737,58.368697018429465,26.702370545253853
W_2187463769,58.36869706458663,26.69885550520743
W_cluster_1115576960_12106165022,58.368698951336576,26.767041674188246
W_12621273663,58.36869993456332,26.69528437196662
W_6669678790,58.36870035371145,26.71969186390807
W_12619117090,58.368700722518895,26.70501974246441
W_9244476160,58.368701766797344,26.773366250385486
W_9244476119,58.36870196710671,26.77297223332755
W_6113585152,58.36870370510239,26.77006983843719
W_8164622908,58.368710287382655,26.721858790884138
W_1115576989,58.368712054156035,26.76782739755608
W_8760610248,58.36871365271677,26.731002854004473
W_8164622907,58.368718172488954,26.721395652445263
W_8760610314,58.368722310384626,26.726482110072187
W_8760610243,58.36872493405894,26.73119986194155
W_1116794327,58.36872637663033,26.69658585367373
W_6694652741,58.3687297527063,26.68595180294359
W_cluster_11573371607_11573371610,58.36873179431469,26.717731273968372
W_8760394779,58.36873299733011,26.728931768736352
W_6983384626,58.368741726785615,26.698483842581204
W_8538627109,58.36874375607249,26.70974211928767
W_6694278431,58.3687455058461,26.72294107753803
W_12737124802,58.3687531999918,26.736372464604365
W_1116794191,58.36875820783353,26.698655497066735
W_12618907215,58.368760831866396,26.7091925770829
W_330041714,58.36876389338598,26.715514435677466
W_331741328,58.36876405536349,26.737678707951382
W_8145801739,58.36876501588721,26.702489460154506
W_12582421387,58.36876532741369,26.691871154221165
W_11748535990,58.36876631743672,26.771682420362062
W_6769863090,58.36877124861384,26.73702566325438
W_1116794356,58.36877251996147,26.696879988026932
W_2961022573,58.36877438946263,26.69881450467137
W_12583083764,58.36877896297757,26.70529755159533
W_12621273670,58.368778998241346,26.69514420315917
W_cluster_3037609423_9244476118,58.368785066666945,26.773338536982745
W_11573371616,58.36878565936248,26.7181687930698
W_8760610260,58.36878585864936,26.7272207642153
W_12618907228,58.368786417270805,26.708200057637356
W_8760394765,58.36878811236837,26.73006485111153
W_4393526203,58.36879471090066,26.738263267098358
W_8760394776,58.36879810758272,26.729183577470977
W_331741338,58.36880027993173,26.740780663161246
W_cluster_12618907222_12618907223,58.36880280781545,26.709602488965345
W_2961022579,58.36880341050199,26.698933573958474
W_11573371611,58.36880525647141,26.717687268618636
W_8760394767,58.36881287718723,26.730223807539755
W_8760610267,58.36881569492315,26.72798908212935
W_6769863087,58.368822569487925,26.737218273241172
W_8760610249,58.36882430181731,26.730659105663737
W_7589004497,58.36882633698179,26.74958868685571
W_1116794360,58.36882849065004,26.69722822716969
W_331741336,58.368829230041854,26.739909167691792
W_8760610270,58.36883118655633,26.727671355520982
W_8750995717,58.36883342775786,26.720375254855217
W_8760610266,58.36883376725144,26.728082789426892
W_291351703,58.36883417924062,26.736923485628065
W_cluster_330041694_8760911284,58.36883547656642,26.734332189549487
W_cluster_12583083748_330042883_7850274925,58.36883623052089,26.705399467719225
W_6694317480,58.36883680737623,26.72567575257064
W_cluster_1115576954_12106165021,58.36883757328356,26.76691358126501
W_4017555599,58.368838273714736,26.741047906398045
W_12111209888,58.36884341882937,26.705557015145303
W_8154398142,58.36884679322123,26.72681790000352
W_8760610247,58.36884885170442,26.730972594564232
W_331741331,58.368856950022995,26.73945101407582
W_4393526204,58.368859203181444,26.741004676094573
W_1115576966,58.36886277436036,26.767733587202557
W_11573371620,58.36886348934625,26.718068856129513
W_8760911274,58.368863558782024,26.73644771030763
W_6694317455,58.36886682282972,26.72476269647409
W_1116794363,58.36887071397943,26.69749846501471
W_8145801738,58.36887147346616,26.703119848917158
W_12106165027,58.368871959486135,26.76799455292843
W_12618907413,58.36887586901021,26.705842216126864
W_6769845178,58.36888278277685,26.73636209666831
W_2187463781,58.36888391211313,26.702248971476628
W_11422606311,58.36888893681125,26.716090013027966
W_11573371619,58.368892186811145,26.718334782193814
W_8157388676,58.36890455702175,26.76562373462159
W_8760610316,58.3689047575472,26.726454715657855
W_12619106304,58.3689062916657,26.70544059355504
W_6113585149,58.36890872181572,26.76960200824267
W_4393475297,58.368909368094606,26.73684241305304
W_2187463784,58.368913736079875,26.70198085567932
W_cluster_8760610268_8760610269_8760610273_8760610274,58.36891560394846,26.728385922012837
W_4522128962,58.368919982676424,26.7450203145676
W_377125887,58.36892139839369,26.76796721988897
W_6694652761,58.36892373219613,26.68973796619608
W_cluster_8154398141_8760612220,58.368926471174774,26.7271181404524
W_360477748,58.36893004966638,26.773197948986976
W_8164622906,58.36893277736016,26.72186627142916
W_6694317451,58.36893326710077,26.723919098201538
W_5651813112,58.36893359879588,26.74378721980178
W_8529639582,58.368934124776864,26.768051239218597
W_cluster_12618907415_12618907416,58.368943297223126,26.70575379137632
W_6690945682,58.36894336227173,26.719307713065945
W_331741389,58.36894483015522,26.741643368022835
W_8760612219,58.368951661367255,26.726337941899253
W_8529639583,58.368952107387486,26.7681612071456
W_7997533723,58.368953371937174,26.6974339967154
W_330045528,58.36895498758657,26.69414387564275
W_4712105327,58.368956271407725,26.768775370326175
W_4393475298,58.3689564279064,26.736796934355073
W_6864514444,58.36895802407033,26.77408546528923
W_11748535985,58.36896271866051,26.772526112784224
W_4393526210,58.36896297834226,26.73995963706607
W_8760612222,58.36896479676581,26.72693750175406
W_6694278434,58.368964908103905,26.720576438433273
W_6113585151,58.368970707604724,26.770409471080054
W_12618907218,58.36897125216423,26.709342813180953
W_11573371614,58.36897375598566,26.717852590905505
W_6690959001,58.368974389095726,26.716959075951344
W_3037609347,58.368978848168354,26.768346331806306
W_6113585143,58.36898376576007,26.770579301615133
W_4393526209,58.36898422018015,26.7396724706408
W_cluster_1115576941_12106165020,58.368986418396545,26.76677687285234
W_cluster_4522107029_4522107031_5200254945_5200254947,58.3689883263328,26.72525662557864
W_cluster_8760394766_8760394769,58.36898872753787,26.72992126731685
W_89000809,58.368993064922726,26.713804032862146
W_cluster_12618907202_12618907203,58.368997355769686,26.710081236423477
W_8169719239,58.36900142647915,26.70007001632964
W_cluster_1946225297_330044628,58.369011775516675,26.691943024159258
W_8760610250,58.36901489042799,26.730915262412253
W_1115576957,58.36901509049312,26.767677885433617
W_3037609418,58.36901516534168,26.76811566520339
W_12618907417,58.36902445483319,26.70628594082294
W_330045470,58.36902695831182,26.683036999708815
W_564634813,58.36903130174404,26.71375278276959
W_4393526211,58.369033150995755,26.73812133002983
W_331741341,58.369045312532634,26.739990655680998
W_12618907486,58.36904630544132,26.707395683545997
W_12032124448,58.36905037364125,26.68940488589044
W_8760610251,58.36905754940537,26.731127418112013
W_4017555603,58.36905910909419,26.74121500825961
W_6694652742,58.36906757503254,26.687099412304008
W_6694317478,58.36907936145427,26.725615921399896
W_7139926779,58.369086380676784,26.741421306148467
W_cluster_10039943257_6400680225_6669530431_6690959000_#1more,58.369087822538994,26.717201247111703
W_12032124443,58.369096786436735,26.690248760857127
W_6690945683,58.36909940436207,26.71973246131731
W_6983384638,58.36910054953683,26.69829667804986
W_330045623,58.369102125179566,26.74165709056444
W_cluster_360477824_6864514442_6864514443,58.36910490927835,26.773902644947157
W_12106165018,58.36910585621666,26.766767537920607
W_9026347707,58.36910672061804,26.710623593110245
W_8154398193,58.369107709587134,26.77178483203239
W_cluster_12583083728_12583083729_12618907419_12618907420_#3more,58.36910786438972,26.70611652819523
W_12111209887,58.369108695041554,26.706243702118567
W_12618907485,58.36911018334866,26.707168143961276
W_12032124424,58.369110992635214,26.689291018755053
W_4811921812,58.36911355822856,26.745257382295478
W_4811921805,58.36911481257315,26.741802298366643
W_4387530747,58.36911985345903,26.701822193503872
W_12032124437,58.36912187481245,26.689334000546285
W_6113585148,58.36912258684564,26.769360270642842
W_7997533711,58.3691245101625,26.698288097425124
W_4017555604,58.36912523563325,26.741137087610056
W_12737115363,58.36912656712846,26.739711251995185
W_4387530748,58.36912728905158,26.701852558488163
W_6983384637,58.369129102207836,26.698445495936955
W_8750995733,58.36912984809885,26.721253432663012
W_8154398192,58.36913398401454,26.772114579907015
W_cluster_11808951399_360477820,58.36913710291721,26.7690921393285
W_cluster_1115576928_8919395728,58.36913930843167,26.7664449211124
W_4017555651,58.369139688438736,26.739847908921643
W_8760394773,58.369149278585716,26.730542098880665
W_7080514577,58.36915086748117,26.766725702140313
W_2187463789,58.369151819204895,26.698595389464927
W_cluster_330041556_330041559_6694669086,58.36915314810176,26.686906857699604
W_10215416368,58.36915513534072,26.714185118539284
W_6139493898,58.369160466591936,26.737048238682007
W_10226282522,58.36916122752162,26.69809017481942
W_12618907531,58.36916182799734,26.707955076089824
W_8760610275,58.36916615465673,26.72765031371465
W_330040956,58.36917096425665,26.721450888598994
W_2961020617,58.36917175138269,26.700698835774983
W_12583083727,58.36917248232887,26.706173256750606
W_360477813,58.369172704399766,26.76995977881374
W_4017555652,58.36917591205276,26.73972900858427
W_6983384639,58.369177694396164,26.698751581142197
W_cluster_8157388671_8157388672_8919395726,58.36918366507749,26.76609368425063
W_4273733034,58.36918783658466,26.728259384739335
W_330040950,58.36918797540715,26.721261008676578
W_12108451798,58.369189791087656,26.708638785456422
W_12618875099,58.36919046778331,26.70976751220033
W_cluster_12618875092_12618875093,58.36919566022061,26.710553804460503
W_5844434777,58.36919787960964,26.781252897131147
W_1115576945,58.36919811263807,26.767616169340094
W_cluster_2953907149_2953907150,58.36921491936225,26.774403998320537
W_2187463791,58.3692186918929,26.698998414762407
W_8750982587,58.36922270132028,26.71471979321144
W_8760610285,58.369224676866814,26.72712626636686
W_12032124451,58.369232612947236,26.689554227357174
W_12032124447,58.36923421996593,26.690106529094997
W_6694669087,58.36923429832408,26.687293495273675
W_cluster_12618907470_12618907471,58.36923911379202,26.706481425350447
W_12108465810,58.36923947065865,26.70852538300823
W_3037609373,58.36924110930186,26.773721600890777
W_8750995732,58.36924227232265,26.721283145025783
W_12619002852,58.369243388244726,26.710569653277155
W_11743394270,58.36925059721914,26.772082374912316
W_cluster_8760610289_8760612218,58.369261654649115,26.72631417468392
W_12032124444,58.36926343051771,26.690858250583332
W_10215416366,58.36926362840652,26.714022187844346
W_12737115382,58.36926597922933,26.738177896902922
W_7850274935,58.36926601580983,26.710606733553828
W_330045868,58.3692689839528,26.721464988372524
W_10215416365,58.369270580358965,26.71423957072986
W_6864514441,58.36927211603053,26.77388567804862
W_8750995731,58.369273350861704,26.721325464753814
W_7080514571,58.36927599091533,26.76584537789432
W_12618875084,58.3692774977672,26.710084067553947
W_330042748,58.369285650251676,26.731069785224534
W_8760610313,58.3692858902459,26.72530046781738
W_2187463794,58.369286691700566,26.701766597574828
W_6694278432,58.369290836317006,26.72110600738281
W_6694669088,58.3692908875303,26.687222053430133
W_7139926755,58.36929422466318,26.741426452836002
W_8760610312,58.36930019537561,26.72560514763329
W_10215416359,58.3693015185812,26.71429846690215
W_7850274936,58.369302807752554,26.710552585400013
W_12032124442,58.36931423482363,26.690027706781233
W_330043530,58.36931625438697,26.78220021198774
W_7080514570,58.36932262470359,26.76595430139645
W_6694669092,58.369327726232115,26.687632674903394
W_330044608,58.36932801185936,26.68470697993199
W_11422606323,58.3693307659067,26.716060823687183
W_6694317441,58.36933372099953,26.723029461111366
W_3037609341,58.369334165447256,26.76790348447627
W_12032124432,58.369338896403384,26.69112733909114
W_10215416361,58.369342999885326,26.71477591752577
W_12619002848,58.369345336959846,26.710652580819865
W_8760610280,58.36934882060129,26.727514545436645
W_10215416362,58.36934909542798,26.71440782790463
W_cluster_12618907493_12618907494,58.36935594532733,26.706747639604785
W_10226282524,58.369358849962744,26.697683009927147
W_7850274934,58.36935975064426,26.71083075657183
W_cluster_12142638063_2187463795_330046306_4645599415,58.36936135572246,26.702009732808932
W_8750995736,58.36936331874884,26.72106526399985
W_12032124431,58.36936599975083,26.69123035208059
W_6694298460,58.36937162680513,26.721581275802404
W_2403929905,58.36937576215827,26.71060292923038
W_cluster_8760610278_8760610279_8760610282_8760610283,58.36937722745027,26.728075703739762
W_7040722669,58.36938051302945,26.711594190270205
W_cluster_1115576597_12106165030_3034243050_8529618912,58.36938077370235,26.767701978710253
W_3050057433,58.36938106135228,26.774394391077266
W_12737115389,58.36938611549736,26.738027944867998
W_6694298467,58.36938624780935,26.722607332745135
W_6694669093,58.369387578537506,26.687573341563752
W_10103735995,58.36939228119739,26.715005609624114
W_12032124395,58.36939351380819,26.68787107265948
W_cluster_8154398140_8760610287_8760610293,58.3693935954222,26.72681965809409
W_12032124446,58.36939696515372,26.690700498771708
W_6694317483,58.369397858660534,26.72562080022735
W_7850274933,58.36939816667074,26.71077984314568
W_330042736,58.369398447696156,26.732565705950815
W_12032124449,58.36939857371547,26.68906506833563
W_10215416363,58.36940092888377,26.714533052560217
W_8760610288,58.36940195094523,26.726190009523634
W_8154398190,58.36940348379263,26.772144296373597
W_12032124427,58.36940471614964,26.690339911092334
W_12032124430,58.36940689317075,26.691353416171495
W_2961022576,58.36941020262706,26.70054091675158
W_12108465805,58.369412715081815,26.708915757110002
W_332629844,58.36941343469669,26.77042386140765
W_6694298464,58.36941442150305,26.72205564847785
W_291352447,58.36941541038722,26.741616510137195
W_12032124428,58.369416718574236,26.69032630142814
W_12032124421,58.369422110865244,26.690401982213007
W_8153886342,58.36942341457677,26.732995268605855
W_3037611333,58.36942433605735,26.76814905063653
W_6113530407,58.36942551277344,26.772713907758956
W_12619002849,58.36942688264034,26.710530201703378
W_4017555653,58.36943062090957,26.739150883649547
W_3037609395,58.369431221857745,26.76803327696864
W_7040722666,58.36943621038915,26.711639206910412
W_6694317444,58.36943852377116,26.723439417228004
W_10215416364,58.369444855139896,26.71465680290583
W_8153886346,58.36944652039445,26.73339441796265
W_12032124426,58.36944812412828,26.69031388934927
W_2403929909,58.369457792199114,26.711690655864256
W_12032124425,58.369459182284096,26.690355502771528
W_1612063336,58.3694622963138,26.712936114501524
W_12032124450,58.369465351557594,26.689305511843347
W_2403929912,58.36946555832843,26.710475012135113
W_3037611342,58.36946959032621,26.776272151135636
W_1612063322,58.36947505092874,26.713056697193803
W_12032130481,58.36947615140313,26.69061313749782
W_390213589,58.36947679083941,26.701903287570765
W_3037611364,58.36947992305405,26.767995349899635
W_11422606309,58.3694810862566,26.71548011730802
W_2403929914,58.369481192629436,26.71087540529756
W_330041462,58.36948150108695,26.73423588044379
W_4393475303,58.369481625773155,26.73778227504207
W_6694669094,58.36948426677922,26.687481886884992
W_6694669091,58.369485051712324,26.687067682812554
W_10215416373,58.36948544782488,26.71368910467226
W_cluster_12106138897_360477782,58.36948826072819,26.768881124017486
W_11808951395,58.369489258862274,26.76933514323333
W_390213588,58.369491230158324,26.7015086274144
W_cluster_2403929921_2403929922_330045077_8538627105,58.36949150036982,26.711343877933672
W_360477894,58.36949223633327,26.77326596795886
W_8538627106,58.36949486212464,26.711640096098996
W_7040722656,58.36950540086229,26.711893007047696
W_12618907519,58.36950548761515,26.707768814621808
W_4017555647,58.3695086875318,26.739998359334518
W_cluster_10039943243_333242666,58.369509573458856,26.714276785230858
W_2961022560,58.36951241793543,26.700773560453452
W_2403929917,58.369512578568404,26.711052417453445
W_cluster_360477897_6113530409,58.36951565482542,26.77218989917114
W_7850274932,58.369517468828626,26.71059288023714
W_6694317481,58.36951816279183,26.725262764956103
W_6694317448,58.36952385527355,26.723942008479863
W_12737124819,58.36952561266441,26.73812229788124
W_2271652431,58.369526902360924,26.69715369771348
W_2187463801,58.36953158256948,26.69822325471189
W_330045352,58.369538200411725,26.71454784200333
W_12032130478,58.36953889997777,26.690859944606213
W_6113568573,58.36953991982956,26.769337889702378
W_cluster_12618907536_12618907537,58.369540566853225,26.70716201517916
W_7160739696,58.36954278887152,26.776220062961933
W_8750995738,58.36954443358843,26.721829835080054
W_360477826,58.36954459630975,26.773670768678087
W_5651813110,58.369545094805275,26.742995592089173
W_6690693926,58.36954617714494,26.7215988760398
W_360477806,58.36954985539959,26.769768261161907
W_cluster_330041759_330041761,58.369550471291234,26.68620041644956
W_6694652746,58.369554223034136,26.688842497622275
W_cluster_1946225300_330046060,58.36955423139179,26.691258281561066
W_12108465814,58.369556150845476,26.709232019424984
W_360477778,58.36955770371506,26.768243562678098
W_cluster_2187463802_6983384640_8163689154,58.369565822088596,26.69846040400793
W_12032130477,58.36956582267434,26.69096244672023
W_2961020629,58.36956910507761,26.700471876945464
W_8760610290,58.36956911094388,26.726490260295623
W_12032124434,58.3695701627657,26.68889688858018
W_12032130491,58.36957220925619,26.69022288575108
W_4522128971,58.369573102212655,26.743480869402074
W_12032124452,58.369573383533,26.68918763656356
W_6669530432,58.36957416397982,26.718459950486263
W_6694298465,58.36957545889327,26.7224687510553
W_6138020974,58.36957621486783,26.778086728681384
W_2403929927,58.3695773234077,26.710728632825766
W_6694298462,58.36958039881387,26.722178791007682
W_12619002856,58.369580612443656,26.710793051887833
W_10215416369,58.369582623251226,26.713807294916162
W_5651813109,58.369585022262925,26.7428858976675
W_6694298458,58.369586218007086,26.721839079204
W_4515975019,58.36958700185637,26.71223405964225
W_11573371606,58.3695883849537,26.715142835591596
W_2403929924,58.36958942757704,26.7112367510903
W_10226282523,58.36959092571649,26.697565296173757
W_cluster_330045885_6690693925,58.36959106259955,26.72154723933777
W_12122534924,58.36959390788836,26.755119272751084
W_2961022534,58.36959495936252,26.70069696258144
W_8750982590,58.36959707693794,26.714689934176842
W_12619002895,58.369599079286104,26.707927873992954
W_5354357260,58.3696001134984,26.780279105258497
W_12619002857,58.369600394064136,26.710842634872062
W_5127935850,58.36960145567847,26.77530650914513
W_12032130498,58.36960598858246,26.69015216065483
W_8153886341,58.36960785163171,26.7327155785695
W_11422606315,58.36960788859889,26.716079282395775
W_12032130497,58.36961206525627,26.690176552466617
W_2403929925,58.36961475025178,26.711473473186643
W_6694317433,58.3696163317888,26.72247184910161
W_12619002858,58.36961720099337,26.71088745579293
W_8760610294,58.36962118447966,26.72627087778753
W_13534015625,58.36962231430083,26.691073066901666
W_8153923626,58.369624227237566,26.774618314634573
W_cluster_332629954_5930766905,58.36962426378373,26.776175614657465
W_11748506173,58.369624296119675,26.773232641697273
W_10103735994,58.36962565574188,26.715586136048245
W_8153886345,58.36962670944828,26.733360237910503
W_5470175727,58.369627723300304,26.778683171051547
W_6399984803,58.369628419235795,26.72162677615209
W_10226282521,58.36963422408743,26.69783467633153
W_cluster_12032124435_12032124436,58.369634948365004,26.68883460749907
W_12032130488,58.36963616614066,26.690411902976056
W_6687618460,58.36964030656718,26.721600015224276
W_12122534909,58.36964195255936,26.755256721042873
W_13143333971,58.36964263438377,26.778113150020246
W_8760610296,58.36964376813462,26.72637361148554
W_2961020625,58.36964790347232,26.700446251460303
W_cluster_2454106726_330045070_8538627107,58.369654678743345,26.712054529839893
W_6694317446,58.36965742493443,26.723948316176365
W_2711385935,58.3696582017109,26.683552380342416
W_11743394273,58.36965826633922,26.771727088966443
W_6694317436,58.36966322427563,26.723264492745304
W_6983384633,58.36966929476179,26.69804310012903
W_9026938444,58.36966960097925,26.775599758312406
W_6138020973,58.36967213119436,26.77813467482405
W_6694317487,58.36967405212634,26.725667376016986
W_12108465818,58.369675631140616,26.709045390868322
W_cluster_330044936_6355038764,58.36967660714607,26.727875447357587
W_12108465813,58.36968130638136,26.709567238394552
W_330040632,58.369684092757296,26.776130961319193
W_618320304#0-AddedOnRampNode,58.36968459131313,26.776262072465894
W_3738158713,58.36968651300389,26.69814620374802
W_4811921809,58.36968819076628,26.743005321412074
W_cluster_12618750727_12618750728,58.369690117858575,26.70548107306074
W_6694317447,58.36969076911877,26.724167206893345
W_6694317442,58.36969301061946,26.72337417703257
W_12618907515,58.369694901717764,26.707568782110112
W_6350274467,58.369695114154624,26.72779325147377
W_8760610298,58.36969836528575,26.726620887797207
W_2961022578,58.36970157211554,26.70062067335671
W_12032130484,58.36970456471373,26.690655071566763
W_12032124445,58.36971128327928,26.69031329373299
W_8760610295,58.36971181810651,26.726317356837423
W_12108465822,58.36971359159749,26.70982321954816
W_566156476,58.36971454943956,26.707048263342053
W_4273733038,58.36971532699068,26.73034273686713
W_cluster_11422606312_11422606313_6690945669,58.36971619716412,26.71627773431519
W_cluster_6694317484_8760610311,58.36971917994967,26.725225304504676
W_12618907514,58.36972262192303,26.707515047067787
W_360477788,58.369732215937226,26.76740154222061
W_6690945679,58.369732462694785,26.718234581161823
W_8760610302,58.36973325919486,26.72744286273605
W_1612063329,58.36973450905401,26.712567227383435
W_8760610297,58.36973486022194,26.726592741594565
W_11407869079,58.36974064806292,26.69005131950828
W_11573371601,58.36974067447995,26.71573205251474
W_9217855602,58.36974201249378,26.71331026424879
W_6983384642,58.3697431331409,26.698009135210203
W_12032130483,58.36974497849208,26.690728053436104
W_5844434740,58.36974650303613,26.77689639808758
W_2403929934,58.36974679733522,26.710009960880345
W_8163689155,58.36974735532564,26.699690173374883
W_12111209900,58.369752388826456,26.707688993846688
W_5844434729,58.36975279097532,26.77756817091274
W_6138020972,58.36975474990252,26.778179798594934
W_329983502,58.369755601822504,26.739429177479686
W_2187463811,58.36975926397119,26.698108145628865
W_11748506174,58.36975985330891,26.77360238038047
W_10215416379,58.36976025482197,26.713354732989984
W_8529618911,58.369762413265775,26.767511090090487
W_322906422,58.369765688658035,26.712813476740692
W_11748506175,58.36976600684308,26.773679266109678
W_cluster_12108465804_12618907562,58.36977091994324,26.707623026746944
W_11573371602,58.36977180341894,26.715149392217878
W_cluster_6694317429_6694317430,58.36977449327858,26.723591323528264
W_6983384641,58.369774513501895,26.6982143433606
W_12122534918,58.36977698373865,26.755088773146664
W_8760610300,58.36977899087482,26.726986257784723
W_7160745720,58.3697797861642,26.77821878787292
W_7080514572,58.36978175028285,26.76722907487735
W_12619002892,58.36978415334718,26.7083060144358
W_6694317435,58.369784762932454,26.722898915473188
W_8789351804,58.36978713176293,26.716309302769385
W_5085860020,58.36979168260869,26.77612566455546
W_8153923634,58.369793012396315,26.775243922547038
W_12618907549,58.36979365316421,26.707548648501525
W_11539308704,58.369794332880026,26.73324392768758
W_12032124417,58.36979442396913,26.690227092781416
W_4811921803,58.3697948530047,26.74312027589714
W_3050057436,58.36979656686117,26.77501756892988
W_11748506171,58.36979837066371,26.773188618027575
W_2187463814,58.369798925873205,26.698435680174516
W_7850274930,58.36980177741828,26.71013464188294
W_11573371597,58.3698028175613,26.715727792069657
W_6113585109,58.36980598284613,26.77105603104759
W_12618772150,58.36980951107702,26.70596231535832
W_9026473182,58.36981047470204,26.767318802827834
W_7080514558,58.369812817965816,26.76418040798391
W_6694317445,58.36981333001351,26.72381632575858
W_6694317432,58.36982312668561,26.72307075672549
W_12111219929,58.3698305838232,26.710084147751456
W_390213586,58.36983573580941,26.701304003173348
W_9026347708,58.3698382524359,26.71224996392499
W_12032124418,58.36984198895965,26.689877605049315
W_330043202,58.36984429235146,26.73650860677013
W_8760610309,58.369849936215594,26.725553187298118
W_4017555631,58.36985351017919,26.739168960834924
W_9807250897,58.36985368200769,26.76960747459121
W_8760610299,58.369856908294715,26.726924115743625
W_330043444,58.36985768315152,26.777457593263815
W_12111219930,58.36985806452757,26.71016221547831
W_6445636983,58.369858956933925,26.718781111553437
W_cluster_8157762210_8760610301,58.36986043466761,26.727356751487417
W_2403929938,58.36986136149138,26.710269713222804
W_5470174120,58.369865548203606,26.7780045683979
W_8153923630,58.369873611511615,26.77551965770033
W_2271652438,58.36987397607238,26.696974479695463
W_329983504,58.36987677602687,26.739435464128533
W_10215416375,58.36987857290807,26.713328302816794
W_12895143064,58.3698803318561,26.764898269995406
W_2271652439,58.369880868596525,26.69590361628995
W_7139926777,58.36988140508136,26.741320274956625
W_330043126,58.36988396296114,26.73246596202964
W_9217855592,58.36989020469217,26.711987481319905
W_6669530433,58.36989425322349,26.718004395485302
W_9026347709,58.36990068128121,26.712653058765426
W_12122534917,58.36990232567661,26.755443471527002
W_4312326939,58.369903211676224,26.701160351432893
W_2187463817,58.36990412643202,26.698141781632575
W_2711385937,58.369905520432724,26.684011378978138
W_cluster_6694317419_6694317420_6694317426_6694317427,58.36990711358353,26.724073721181117
W_12122534920,58.36990950610336,26.754924089321307
W_323378818,58.369909878373164,26.738095006390424
W_4312326940,58.369914396801704,26.70121940417304
W_11573371598,58.36991796284111,26.715526175854155
W_9217773674,58.36992080410861,26.76546724949688
W_6139493901,58.369921081186696,26.736943775080736
W_6445636980,58.36992250025792,26.720154155773034
W_6694298470,58.36992255527711,26.72100273034444
W_12864755413,58.36992711748577,26.764014683131112
W_8760610308,58.369927292050626,26.725187617529784
W_5470175725,58.36992766433394,26.778035461398034
W_12108435910,58.369928765731444,26.712720696030658
W_11748506176,58.36993049658577,26.77354795265997
W_390213585,58.36993267261134,26.701623195100872
W_7080514556,58.36993700673942,26.765045761080827
W_11748506177,58.369937377733756,26.773629962459108
W_cluster_8157762209_8157762212,58.369937957953645,26.727700267640788
W_cluster_10046802510_10046802511_2403929945,58.3699382624761,26.710595760750426
W_12122534948,58.36994077110837,26.754694292537668
W_4515975016,58.36994540591163,26.713252544685382
W_11407869078,58.36995793028469,26.690318483961047
W_cluster_12108465809_12111219903_12618907550_12618907551,58.36995896092266,26.70804148620262
W_cluster_1115576605_330041647_377125864_6111455434_#3more,58.36996083990631,26.767227553901307
W_6694298457,58.36996197945645,26.72294504949894
W_11748506169,58.36996768683037,26.773145650128424
W_360477807,58.36996916450076,26.769546207256006
W_11573371647,58.36997209773287,26.718482594522126
W_8157774660,58.36998290414493,26.768052393167242
W_8157762211,58.36998591467351,26.727191504663935
W_330044609,58.369988960846634,26.690596854692604
W_12122534947,58.369989162402035,26.75482490136057
W_6694652750,58.36999243291007,26.69043545094717
W_12142638087,58.369994824162994,26.701584207662005
W_6690945676,58.37000277948616,26.717080762179258
W_6113585094,58.37000322617953,26.769907877721145
W_330040429,58.37000416792728,26.729147842582748
W_12111219985,58.370005302706836,26.7107714575945
W_2271652441,58.37000582310286,26.695723218774013
W_6694317425,58.37000642358473,26.72360335692468
W_cluster_12122534916_12122534945,58.3700066347181,26.75569609198406
W_12895143063,58.3700106569798,26.764704063478156
W_8153886338,58.37001132003677,26.733240239156505
W_8760610306,58.37001273548694,26.725494143735673
W_1612063323,58.37001413262197,26.712019464405945
W_333242663,58.37001680009077,26.7133687219758
W_9807250898,58.370021122256354,26.76982057879621
W_6690693912,58.37002161569379,26.7263281215688
W_12122534915,58.370022206006425,26.755854793292364
W_cluster_2187463820_2187463821,58.37002340112787,26.698332052354175
W_2711385945,58.3700238246598,26.684273066477864
W_cluster_330045351_6400680227,58.3700240062337,26.715796272548033
W_8538627075,58.37002577576861,26.712965044853394
W_2271652440,58.370025922863746,26.696889413599052
W_12108435888,58.370033170280585,26.71333918647923
W_6983297849,58.37003443212268,26.690383970185085
W_2187463822,58.37003869421801,26.701254594411022
W_323378826,58.37003876129125,26.738093709753684
W_12122534919,58.370041185807935,26.755305070289708
W_cluster_2711385939_2711385947_330041552,58.370045370958785,26.685108290367165
W_9217773672,58.37004631801651,26.765293761283125
W_cluster_12618772143_12618772149,58.37004806020041,26.7058051119772
W_1612063334,58.370048482213555,26.712117136946105
W_4017555610,58.37004867167231,26.740890659724116
W_cluster_1721789100_330045818,58.370049063032766,26.704913617503852
W_8789351802,58.37004965808139,26.715942225564532
W_564730108,58.37006126593954,26.71193070112569
W_6694317421,58.370065876162265,26.72389230453617
W_6694669110,58.37006616660368,26.690656352281618
W_5844434747,58.37006877058397,26.777935255781628
W_9807250896,58.37006973394381,26.76988248673713
W_cluster_6687618458_6694298454_6694298468,58.37007323341962,26.721565493916874
W_2187463823,58.37007401985715,26.69942396980283
W_6113530410,58.3700767891689,26.772120469212705
W_6694317428,58.37007708839215,26.72396880102177
W_12122534922,58.37007957115214,26.75471247548759
W_7997533707,58.3700809793184,26.69719288487991
W_6690945672,58.370081996926075,26.716836871241757
W_2711385954,58.37008400693114,26.684639893803723
W_cluster_12108465817_12111219907,58.37008710094822,26.708384372771953
W_4812043159,58.370089064172234,26.74043496224764
W_11748535992,58.370095218947846,26.772029406971303
W_2711385955,58.37009699615972,26.684152237364174
W_11748506178,58.37009835769812,26.77349473886066
W_5354357258,58.37010572312141,26.777750230667188
W_2711385957,58.37010610759361,26.684788249567283
W_11748506179,58.370106773888104,26.77358135476052
W_cluster_12737115360_13227671693_4393475311,58.37010681956997,26.738039015515273
W_12895143058,58.37010740663235,26.76456734622117
W_11573371648,58.37010788243787,26.7182707360152
W_cluster_11809179165_12032124403_12032124404_12032124405_#8more,58.37011195022081,26.690498338617143
W_1541570309,58.370113613224184,26.74650321506744
W_12122534911,58.37012168960992,26.7552262195912
W_4303708967,58.370124109247236,26.713640512191635
W_4017555643,58.3701263026663,26.74086120079559
W_564634810,58.370126972528276,26.71199341609019
W_1465411131,58.37012727659606,26.690262126628035
W_2403929949,58.37013182705156,26.712515106417147
W_11748475167,58.37013826007939,26.773102502801557
W_7589004547,58.370138294545605,26.746675694260258
W_11101814946,58.370142860282535,26.697686220863478
W_12111219997,58.37014386039808,26.711077344807066
W_11743394276,58.37014410795556,26.77179369829549
W_89000808,58.37014532868456,26.712088313059425
W_360477790,58.37014960044941,26.767506663599352
W_2711385963,58.370151892708094,26.684889213033593
W_330045515,58.37015195517729,26.695534944990957
W_2187463825,58.370153459802026,26.699059690005733
W_12122534946,58.37016186216041,26.755380306383643
W_6113568575,58.370164783693056,26.769846311168706
W_6690945663,58.37016523517372,26.714924504097223
W_8510441398,58.370165377258694,26.69912420657993
W_330043127,58.370165962764254,26.73418098978963
W_2271652443,58.370168909232746,26.696813312864293
W_6113568574,58.37017011419721,26.769165053803917
W_8113083908,58.370173449595924,26.725300409589703
W_cluster_4522107026_6399984807_6399984809_6690693895_#1more,58.37017419129665,26.724934577250103
W_6793570606,58.370176055414525,26.753041484596537
W_9217773671,58.370176131811874,26.765114260132325
W_8157774661,58.370177791347686,26.768690968323497
W_cluster_12864755409_12895143066_12895143067_12895143068,58.3701819542102,26.76451881374925
W_2711385965,58.370181964317375,26.6846634655027
W_8510441399,58.370183158292356,26.69919961392989
W_11748535994,58.370185601297884,26.772600812093884
W_6694669113,58.37019125283799,26.69045918124232
W_cluster_332632245_4522107028_5200254940_5200254942_#3more,58.37019169676983,26.725139748502627
W_3050057437,58.370195981473266,26.77491792945574
W_cluster_11743374948_6113585086,58.37020671163319,26.771543027971244
W_11748506184,58.37020997176053,26.772921693607827
W_cluster_2271652444_7997533706,58.37021142012141,26.697166809363083
W_12618750726,58.37021171448897,26.706278983688065
W_12122534908,58.37021549712929,26.754543149637964
W_8593138975,58.370225628808896,26.697744660932408
W_cluster_10039943241_12108435838_12108435840_12108435843_#22more,58.370225982065946,26.71316855623296
W_2463079667,58.370226096946155,26.7300384868858
W_12122534921,58.37022729435437,26.755122578316016
W_cluster_11586953651_11586953664,58.370229893816486,26.729964950581962
W_9807250895,58.37023000363142,26.768210436569607
W_6111455426,58.37023038095885,26.76777417731138
W_4017555630,58.3702322314176,26.738800852665317
W_12235122209,58.37023241455067,26.735433191383763
W_13148196324,58.37023243007811,26.715455266634404
W_cluster_11101814947_11101814948_2187463831_330043290_#1more,58.37023312075598,26.69783656661987
W_2187463828,58.37023638078354,26.698610247055143
W_7997533710,58.37023937178558,26.697402819388714
W_564730107,58.37024518622117,26.71152166387744
W_566156478,58.370245527104174,26.70763192290461
W_11573371643,58.3702466609295,26.718480921117767
W_8510441397,58.370248111551845,26.697947212504907
W_330041835,58.3702516691108,26.715504002760106
W_566156477,58.37025346874463,26.707098159136653
W_9217773675,58.370260403469615,26.76635528957942
W_11748536006,58.37026259536022,26.771906100504165
W_cluster_5577214563_6690959025_6690959026,58.370263936046456,26.715406122081752
W_6139493441,58.370264189269946,26.7401615283652
W_9217853543,58.370264431494206,26.712771475112717
W_12118358750,58.370276798643395,26.71032665323992
W_6113585089,58.37027947771384,26.771048691205735
W_11748506181,58.37028047870181,26.773531351416874
W_6983384636,58.37028231463498,26.697711696247833
W_6694377407,58.370287503628134,26.739921688688064
W_2187463830,58.37029606611132,26.698974198887857
W_cluster_9217773679_9217773694,58.37029698240811,26.764944903149146
W_6694298471,58.370301510748526,26.721549678423088
W_360477892,58.37030201042867,26.773061108325482
W_cluster_11748506180_6113530400,58.3703045481472,26.773429141672604
W_5200254935,58.37030595944081,26.725063985118886
W_11748475106,58.370310107027954,26.77044778373961
W_12122534925,58.37031406682707,26.754237153070868
W_8510441395,58.37031468184743,26.698564278375315
W_360477791,58.37031504781659,26.768204237745977
W_12042152929,58.37031519902042,26.725100496070816
W_12971837374,58.3703161233021,26.697461481390658
W_7267220519,58.3703179108386,26.738798510193178
W_10215416413,58.37031941298711,26.712657690052
W_4812043076,58.370319760662575,26.740370872659174
W_8789351800,58.37032210378929,26.715674383754074
W_11586953642,58.37032688724658,26.729876171688467
W_360477899,58.37032815791516,26.77215679935111
W_6690945666,58.37033281019659,26.71487460370377
W_8529639521,58.37033525813787,26.767462022040416
W_cluster_11748475126_11748535995,58.37033698651339,26.772576076691866
W_10215445321,58.370340496484935,26.712407250992992
W_9217773676,58.37034190982207,26.76554360473586
W_6694324115,58.370347017729095,26.728099015404535
W_2925994734,58.3703530734685,26.708475516544677
W_10215445320,58.37035520797119,26.712439098590078
W_12619002833,58.37035566631201,26.709220999321776
W_330041644,58.37035752017049,26.76661585576716
W_12122534914,58.370359515360974,26.75437855279918
W_6694317490,58.37036025716229,26.726344988287654
W_6694317418,58.37036074903937,26.724479771958375
W_564720997,58.37036191526637,26.71154755025395
W_12122534912,58.370362034109746,26.754990186266852
W_8789351799,58.37036496993608,26.71560429224262
W_5153252200,58.37036746529685,26.728889663187022
W_9026938441,58.370370034954014,26.774657322822733
W_12118386596,58.37037139436079,26.70985919000163
W_566138942,58.37037711355534,26.711316988255213
W_9217855595,58.370386300592706,26.713127253713836
W_cluster_8154398152_8154398154,58.37038660434061,26.721608498152484
W_8529639520,58.370386924026064,26.76762254407515
W_8529618907,58.37038785219367,26.766749678601485
W_9217773673,58.370388251568556,26.766180590782035
W_1541570314,58.370389071328844,26.744961683126828
W_cluster_330040589_4393475319,58.370389179555985,26.73868840601901
W_6694377406,58.37039288179656,26.739756803451897
W_6690693910,58.37039354956262,26.72595325955422
W_8154398153,58.370396527447944,26.722456151610796
W_6694298474,58.37039747583888,26.721156083868603
W_5005713630,58.37040256719489,26.713332259540852
W_11743403274,58.370407163217926,26.767738484653105
W_12118386595,58.37040895567842,26.709946578194607
W_cluster_12619002834_12619002835,58.37041058200818,26.709119175348143
W_5844434746,58.37041297252249,26.77831464942053
W_6694317417,58.37042090015332,26.72476034202864
W_12118358749,58.37042109545559,26.710628049431556
W_8153923628,58.370423300188286,26.77532453491501
W_cluster_12122534907_12122534938,58.37042895444635,26.755276060484046
W_11748475146,58.370432976153275,26.772562980022006
W_564730150,58.370434220917275,26.7109517181769
W_8163689142,58.370438157251876,26.688643768572383
W_11748475147,58.370439033517336,26.7726359358508
W_6694317424,58.37044128770502,26.723301139594156
W_6694324116,58.370444259806234,26.72829725134816
W_2187463835,58.37044540741299,26.698468287384273
W_564642460,58.370448872896574,26.711474871494932
W_8529639525,58.37045296802038,26.767292522055975
W_2187463834,58.37045360238387,26.69897388323508
W_9217773678,58.37045586593132,26.76538557675735
W_12111219992,58.3704560662621,26.71004670938735
W_4393475320,58.37045711866619,26.73848721058574
W_4017555637,58.37045815745639,26.740144888397705
W_12122534923,58.37045861501442,26.75406810618439
W_6694377405,58.37046488452601,26.740184669910025
W_3037609430,58.37046571862174,26.77796575550865
W_6694317489,58.37046705931459,26.726224155823036
W_12142638065,58.37046731933182,26.70099540440697
W_cluster_12142638064_330045648,58.37046943606786,26.70128668289732
W_1610343180,58.37047288272409,26.711567500605405
W_11743403273,58.37048601236041,26.768179696937093
W_564720995,58.37048617673595,26.71140858090214
W_12111209883,58.370491133967306,26.70978657986551
W_12122534906,58.37049203554246,26.75538605647161
W_5577214564,58.370492175239065,26.715899351956864
W_4017555614,58.37049388440348,26.740356601882297
W_4393475321,58.37049466992873,26.738667283452507
W_12111219917,58.37049542989285,26.709462938799106
W_12042152923,58.37050112444935,26.730940362722993
W_10682978942,58.37050169043684,26.733660491527104
W_12111219939,58.370506965755965,26.709638750222194
W_8529639524,58.37052193345001,26.767483188460528
W_cluster_6691161624_9217855607,58.37052293283768,26.713137256721318
W_6329096520,58.37053365340177,26.706491875563255
W_9217773677,58.370534035586104,26.76540198191986
W_cluster_9217773654_9217773691,58.3705392604556,26.765214416718855
W_2187463839,58.37054148891091,26.69949093928689
W_11743403275,58.37054295566258,26.76758510647521
W_cluster_1402624955_6350274470,58.37054492594838,26.726432623204275
W_2187463841,58.370546216760886,26.69890351843289
W_11743403298,58.37055266505345,26.768135326109622
W_6113530398,58.37055455295286,26.773354715420535
W_5844434745,58.37055527181303,26.77859240325804
W_4017555638,58.37055637673368,26.73955080335904
W_8529639523,58.37055795664409,26.767141054338442
W_11748475112,58.37056252087967,26.770766502537867
W_10215416405,58.37056532590124,26.712376360774407
W_11573371641,58.370565534580166,26.719189016705776
W_330041573,58.370569583749315,26.684507008673823
W_4645376396,58.370570629199015,26.708998536128224
W_330042908,58.37057276025776,26.709462474257133
W_6113530401,58.37057299270946,26.773573411472572
W_cluster_5153252209_6694324113,58.370574799592056,26.728738663921675
W_10215416411,58.37057491609169,26.71212755192846
W_7787606402,58.37057635756836,26.732984851856553
W_9026347686,58.37057875460814,26.740974813456955
W_11743403304,58.37057880405236,26.76843465680282
W_6113568572,58.37057938159488,26.769052974465296
W_4811921808,58.37058088056113,26.741315669917505
W_11586953660,58.37058129519049,26.730966591575694
W_6793225606,58.3705822865716,26.75575536520664
W_9217773689,58.37058650393512,26.764969817209746
W_8529639573,58.370588395523974,26.766199610014763
W_11743374960,58.370599967170726,26.773895306201606
W_12583083711,58.370600217629224,26.709411305764984
W_6350274462,58.37060180786166,26.727161793626838
W_8529639571,58.37060231530118,26.766395596262992
W_8154398156,58.37060769748309,26.722337906556287
W_11748475148,58.37061009806559,26.772515513453055
W_11748475149,58.37061517356686,26.77259189493197
W_6694317416,58.37062298740568,26.724301821604204
W_11743403306,58.370624129029345,26.768764975135657
W_564720996,58.370624775055894,26.71101580476954
W_1541570304,58.37062538033471,26.7456863409798
W_6350274463,58.37062631673806,26.727367598236164
W_8789351798,58.37062725565738,26.715210708583193
W_8529639522,58.370627269755545,26.767325222666365
W_11573371644,58.3706291943475,26.717831515990568
W_11743403271,58.37063078833682,26.768027115913405
W_2187463843,58.37063492299653,26.699846574595213
W_6113585105,58.370635105065936,26.76967247140812
W_cluster_9217773645_9217773650,58.37063751675914,26.76580199970766
W_8529618890,58.37063822896614,26.76633945864066
W_cluster_6694298475_8154398155_8154398157,58.3706413565335,26.72162444182123
W_6350274460,58.370644184241414,26.727069666845093
W_564730149,58.370644310136825,26.710280391862085
W_6694324117,58.37064463161392,26.728124591258272
W_cluster_13148196329_4515975013,58.37064601086467,26.714759422179284
W_11743403308,58.370649681313914,26.76908841454006
W_7125030973,58.370653005222366,26.779746551695034
W_cluster_2296334226_330044630,58.3706540179147,26.68958243204458
W_cluster_10882887267_11586953663_330044426,58.37065461266654,26.73166487432
W_9026938442,58.37065537748209,26.774554302268132
W_11743403276,58.37065720918831,26.7674411000553
W_330043289,58.37065763392564,26.699343448329326
W_11748475127,58.37065792538569,26.770928456508603
W_11743403302,58.37066120513577,26.769253134199072
W_6113530399,58.37066216696839,26.77463563072973
W_4017555642,58.370670707421056,26.74034470442793
W_6350274468,58.370676487375476,26.726339805356563
W_6350274450,58.37068311829731,26.72738545180366
W_13148196328,58.37068422110494,26.7147767216973
W_6350274459,58.370688036754764,26.727038044555307
W_330043381,58.37068865404645,26.699472593421635
W_6694401928,58.37069117421414,26.73808956044619
W_332632247,58.37069172412204,26.72473224928428
W_cluster_1250012232_6691161625,58.37069318408365,26.71420431020152
W_6690945656,58.370695863734134,26.714681066948852
W_11808951386,58.370700087033235,26.769348270126294
W_11748475115,58.37070062185821,26.770947497132187
W_564634834,58.37071179460853,26.711050309108746
W_330043201,58.370712892395275,26.73598142092091
W_330045517,58.370714002913736,26.69488494012671
W_11101814950,58.37071656835118,26.697404889242552
W_12142638066,58.37072130433198,26.700835469677248
W_8789351797,58.37073112720174,26.715069180212616
W_6111455390,58.370732381958476,26.76576376240855
W_11101814949,58.37073282641359,26.69755757928827
W_11586953653,58.3707371884072,26.730953780700517
W_cluster_330044231_330045019_330045020_4452349300_#3more,58.37073933824763,26.72729885963574
W_cluster_11743403269_360477792,58.37073999756243,26.76787476715916
W_1244148769,58.370744237100745,26.754962749856084
W_11743403277,58.370746836030634,26.767139468392767
W_6402976315,58.37074858765671,26.724946006614765
W_6111455433,58.370751770772884,26.766347597603563
W_360477908,58.37075527964656,26.770073078015844
W_8163689141,58.37076454772972,26.68930930900799
W_11743374968,58.370767298228195,26.77532696445056
W_9217773649,58.370769171651375,26.765646589111707
W_6402976311,58.370769203074964,26.7257640123241
W_11743403295,58.370769373792626,26.76639637286111
W_cluster_4645376468_6329096540,58.3707745074553,26.704174699702776
W_9217773634,58.37077745146026,26.765852186683958
W_11743403278,58.370779197828156,26.767253791522645
W_11748475150,58.37077958935954,26.772470146911118
W_8157535452,58.37078125935569,26.733258875527248
W_360477907,58.370784127223345,26.770432910432916
W_11748475151,58.3707846703525,26.772549605808504
W_8157535453,58.370785115628834,26.732997464032533
W_8760848299,58.370788804776126,26.722024500452957
W_11808951385,58.37079048966336,26.769325114973018
W_9217855560,58.370793380427784,26.712062008689124
W_11748536012,58.37079498470421,26.77564766110261
W_cluster_6113530426_6113585091,58.370797161051016,26.769588505006574
W_7125030972,58.370802110876944,26.780014697633526
W_8529639527,58.370803079475245,26.767051058802142
W_11808951387,58.37080498322814,26.769543152334244
W_6690945657,58.37080946120104,26.715035384563485
W_13148196330,58.37081160796144,26.71450713130133
W_11743374958,58.37081283244868,26.77328690208947
W_cluster_9217773641_9217773648,58.37081566773841,26.765434815924618
W_7834233464,58.37082024880615,26.715767306308173
W_360477805,58.37082100798426,26.766538774835492
W_cluster_12618772085_4645376435,58.370821160683526,26.70442492241988
W_4393475323,58.37082622779665,26.739749510767734
W_566156499,58.37082699261381,26.706217971221836
W_11743374959,58.37082810250907,26.773490747371245
W_11362442282,58.37083465658681,26.75490280350874
W_6402976408,58.3708365475858,26.735884081606567
W_8157535455,58.37084020185822,26.732580955292526
W_4645376423,58.370841856619236,26.706041597891517
W_6113530391,58.37084289479627,26.775772150524627
W_6690945655,58.37084336966496,26.714451999769075
W_12111219982,58.37084430608676,26.709397674878097
W_13143337621,58.370854014915146,26.754974810247965
W_6350274456,58.3708584873049,26.726986640098684
W_11743403280,58.37085977068673,26.766961962178
W_8529639519,58.37086722667339,26.766666682205933
W_3234018587,58.37086953167784,26.755010602244607
W_377125837,58.370869894353234,26.769778640344402
W_566138940,58.37087428510795,26.710261241255484
W_6402976403,58.370876305000195,26.7350863013138
W_cluster_12068017887_12068034380_330041833_330041863_#7more,58.37087790494711,26.71471447170548
W_330040428,58.37088266225879,26.728514579103308
W_cluster_10682978944_7787606399,58.370887741141686,26.733801010590533
W_11743312267,58.3708915726129,26.76765803278568
W_4100519985,58.37089842176288,26.754572427327982
W_12068034382,58.37090096793937,26.71458470505953
W_13148196326,58.370908277553305,26.714600202554372
W_8760848301,58.37091291554745,26.722349014533958
W_4645376800,58.370913608193035,26.70529411767159
W_6113530422,58.37091465888025,26.76979886287992
W_8760848303,58.37093078954967,26.722059454666585
W_8529618914,58.37093267190344,26.76684728676498
W_cluster_330046408_6498319154,58.37093587347748,26.712002212045693
W_cluster_323378780_4017555618_4017555619_4393475324_#12more,58.37093766700959,26.74026957689861
W_6793570651,58.37094229549155,26.747069957652446
W_cluster_2512921963_6111452977_6111455391_8529618903_#3more,58.37094285651146,26.765783736725233
W_11743396287,58.37094292286655,26.76774368340009
W_cluster_330043282_4100521389,58.37094321087611,26.7548856396849
W_6113530424,58.37094654820032,26.769501885222212
W_cluster_11331190086_7080514546,58.370947392217516,26.76234640488592
W_6694317390,58.37094805759257,26.721780669170045
W_11748475152,58.37094935007636,26.77242477819782
W_3037609432,58.370954615150296,26.777827805165256
W_11748475153,58.370955513730884,26.772506965711514
W_6694317389,58.37095630142793,26.721689145615393
W_6691161621,58.37095850749885,26.71324330195481
W_13148196327,58.37095947724603,26.714844248970557
W_11743396289,58.37096389474177,26.76801621177418
W_11743403281,58.37096410530883,26.766796819999378
W_6694317401,58.37096562044534,26.72371176260429
W_13148196325,58.37096830484503,26.714734769189207
W_5954028789,58.37096887574587,26.77606282218337
W_12810434000,58.37097388804065,26.704247907910226
W_11743396272,58.37097639352212,26.769018071345055
W_6113530423,58.370978249524,26.76974955694119
W_6694317396,58.370978822739204,26.72354498230258
W_11743374956,58.370982774296344,26.77324221989688
W_6694317394,58.370983893782395,26.72298217220147
W_6694298483,58.3709840231841,26.721137952510798
W_6691185870,58.370986479361996,26.711780247287805
W_cluster_12068021756_6690945653,58.3709865440122,26.714778043571982
W_4393526239,58.3709917940908,26.740741516462073
W_12068017884,58.3709947732204,26.714198795071585
W_6694278436,58.370995529305844,26.716154297849194
W_11743374957,58.37099739758234,26.77343581324225
W_6350274454,58.37099817345876,26.727039410951818
W_cluster_4645376403_4645376440,58.37099817963856,26.705747629798214
W_11743403282,58.37100228171203,26.76689811292571
W_6111455388,58.37100246392989,26.76601292870201
W_6793225616,58.37100262883701,26.756135049170624
W_11743403293,58.3710049018442,26.766364387351437
W_cluster_12068165570_12068165571,58.37100530560551,26.71521757839641
W_6111455386,58.371007861846984,26.766165381076945
W_11743312265,58.37100803092549,26.76749161612825
W_6111455387,58.37100865573672,26.76610827826247
W_12672522487,58.37100987649504,26.715536536335144
W_2408301440,58.371013559335786,26.727136563304118
W_6113530425,58.37101477414561,26.769183813816827
W_11586953628,58.371015352979384,26.73069985296975
W_3234018593,58.371017534838074,26.7552856623275
W_cluster_2296334228_330044632,58.37101964246457,26.688946530854448
W_6498319156,58.37101981810298,26.711867673447486
W_cluster_4645376418_4645376803,58.37102453481304,26.704944794360163
W_4289958968,58.37103181413102,26.69074602901347
W_11743396288,58.371033610802215,26.768921110263676
W_6173270114,58.371037726229844,26.77841637955756
W_4017555621,58.371038165284155,26.739957023801683
W_cluster_330043387_330043443_5085860327,58.37104046973796,26.779172819986815
W_321346179,58.37104258991439,26.710773399610833
W_564642452,58.37104491179188,26.71040976719068
W_8760848302,58.371052116666036,26.722094400592315
W_8529639517,58.371053365167455,26.76624559803484
W_360477910,58.371054632665725,26.76610352936392
W_7080514548,58.37105488623724,26.76253184796857
W_6498319153,58.37105802086572,26.712201059145993
W_11743396273,58.3710643237325,26.76886911135176
W_7160739740,58.37106693699042,26.779625674817712
W_8157762187,58.371068105325016,26.730415501051713
W_6694317388,58.371069433441754,26.72101214242184
W_966091293,58.37107252011859,26.69737175514815
W_6694298480,58.37107528417059,26.720235635062252
W_6691161620,58.371075349941044,26.713039263929765
W_564730148,58.3710759135798,26.708910952741192
W_330041755,58.3710764270745,26.765988335072322
W_12068018040,58.37107800700186,26.71198224953678
W_cluster_12810433974_12810433993_1721789112_330045670,58.37107816191439,26.70374170293692
W_6694298481,58.37107862328592,26.721727159590987
W_6694278447,58.37107876708555,26.716347317523542
W_330043515,58.3710802360562,26.681803808587286
W_7080353645,58.37108047878516,26.71842556033841
W_330042932,58.37108480545482,26.70091940805476
W_6694317402,58.371086392889545,26.724156318161228
W_11743396291,58.37108657313845,26.767713507041158
W_3234018595,58.37108768707827,26.75519491449047
W_11748475145,58.37108891644005,26.77211770629662
W_6111452976,58.37109812762073,26.765821855892817
W_11743403284,58.37110130009814,26.766575729833054
W_11743374961,58.371101787735405,26.773754481098063
W_12068165569,58.3711018831865,26.71506755973571
W_11743396290,58.37110590952559,26.767975619211686
W_6138020966,58.37110642962591,26.779558244825694
W_1157929128,58.37110769563348,26.73104754867239
W_6793189061,58.37110991569136,26.75465472528086
W_6793225645,58.37111329982565,26.761390013656396
W_2925994746,58.37111467628849,26.70645457105715
W_330041568,58.371117962085485,26.683727019314478
W_11748475125,58.371121357655866,26.77238024933705
W_330042111,58.371122036950915,26.72319289878745
W_11748475155,58.371122827195535,26.772398531665512
W_13143337618,58.37112547576053,26.75471308268288
W_6694317403,58.371127552707506,26.72441789488668
W_11748475122,58.37113181174477,26.772299151089292
W_6694278446,58.3711330135112,26.717443366416642
W_6793225601,58.371137017896714,26.75586521551429
W_6793189060,58.37113778022448,26.754759838018042
W_6113530403,58.371138697762326,26.772889401864674
W_8154398143,58.371140623640784,26.681094156281567
W_11743312263,58.37114545158295,26.767295314860526
W_3234018598,58.37114770917622,26.755114151652975
W_360477834,58.37114876640085,26.773198759271256
W_7160739741,58.37114912435284,26.779472673862422
W_7080353647,58.371155377624056,26.715900518649818
W_8529639579,58.37115603572049,26.765661974562963
W_330040670,58.371156914408196,26.680423193452032
W_6694317395,58.37115811893659,26.723431264944384
W_1610343141,58.37116080691535,26.71058318876464
W_4645376410,58.3711643964312,26.705108766649772
W_8529639580,58.37116478698311,26.765290951697352
W_7080514550,58.371165082974024,26.76272188972935
W_6793189059,58.371172054543344,26.754882172592076
W_7080353646,58.37117474835255,26.71853131254522
W_cluster_6498319161_6498319163,58.371178159653255,26.71262558051292
W_6694401938,58.37117946197571,26.73947902906107
W_12810433972,58.371184068515745,26.703941855030216
W_9807250894,58.371186016584,26.76643909297742
W_7913959386,58.371189088150395,26.76817918958407
W_7080514547,58.37119261497092,26.76178027393338
W_6111455392,58.371195436151616,26.765646327747845
W_6138020965,58.37120819885249,26.779354348707585
W_cluster_2403929960_6694278435_8538627073_8538627081,58.37121085401052,26.715725188872874
W_6111455430,58.37121100157603,26.766398754250496
W_12947470711,58.37121265864292,26.68109521601108
W_12068017894,58.37121295361484,26.713684004040854
W_9026473181,58.37121535720952,26.765931172328685
W_cluster_11676761616_6113530402,58.37121743753519,26.77332960968151
W_6694317397,58.371220166249756,26.72384038069965
W_4289958970,58.371221930239564,26.691331758065598
W_11743396292,58.37122227560398,26.768402918838106
W_11743312261,58.371222492643305,26.7671850566924
W_6138020975,58.371224470560534,26.77978060084659
W_11743374964,58.371224627032426,26.77516644056788
W_8511654056,58.371227280537546,26.72694908886161
W_3234018600,58.371228691947856,26.755709358120427
W_6113530417,58.371235382328756,26.769944305979937
W_6691161627,58.371236560617476,26.713035391112303
W_12068161067,58.371240733000825,26.714823004704204
W_2463079673,58.371241310878574,26.7310757650022
W_6843036982,58.37124552040987,26.721570792268043
W_564730146,58.37124553141413,26.708378236448183
W_6111455385,58.371250208729805,26.766424821786767
W_6173270104,58.371256492157734,26.77752127174677
W_cluster_12810433933_12810433934,58.37126469441765,26.703579957396244
W_8157762185,58.37126900426704,26.729724689597624
W_11586958479,58.371271875875316,26.731003390644556
W_11743374963,58.3712731720896,26.773611152231926
W_cluster_330040862_330040889,58.37127613324409,26.72168816638957
W_cluster_360477911_6111452984_9217773626_9217773629,58.37127867422408,26.766175385566168
W_11586953617,58.37128120070475,26.731038535870397
W_11586953609,58.37128259345774,26.731231359491257
W_330043082,58.37128795213663,26.733494898659295
W_2403929964,58.37128907385533,26.715518562205695
W_330042120,58.37128995724086,26.72430089415692
W_9217773627,58.37129240369201,26.766021095910908
W_8218841855,58.371293834749764,26.763086350419705
W_377125831,58.37129446004185,26.77083441128224
W_cluster_11743312259_360477793,58.371294965190266,26.76708149527706
W_6793225615,58.37129530616658,26.755600001245472
W_360477890,58.37129769360321,26.772851283857868
W_cluster_11238821392_330045519,58.37129929849995,26.694230268711337
W_11676761637,58.37130392478017,26.773478980223448
W_cluster_7080514528_7080514541,58.37130762630626,26.762967617135423
W_566156511,58.371308936667006,26.70648885812251
W_11586953613,58.37131110453868,26.731207380348163
W_6793225713,58.371320351654234,26.765931160987027
W_5057691658,58.371329872084665,26.775924457522382
W_9807250891,58.37133029003324,26.766899027352153
W_6694317415,58.37133496904104,26.725436352296697
W_8529618901,58.37133565003424,26.764770805932045
W_11676761621,58.37134448608218,26.773255969389748
W_9217773624,58.371349091146016,26.766077818849887
W_6694377398,58.37134921892721,26.7400562816693
W_12068165580,58.37135425864213,26.714620706582853
W_7080514549,58.371355082729224,26.761872177337796
W_cluster_11238821382_330043224,58.37135543691865,26.69718043039042
W_cluster_6694317404_6694317407,58.37135682145448,26.72473766978209
W_9026473180,58.37136809185457,26.76625257756305
W_6173270095,58.37137016512725,26.77781237227794
W_cluster_12068017901_12068034378_12068165583_12068165584,58.37137082116111,26.714314738229575
W_12068017918,58.371371462930746,26.713315684518108
W_8511654058,58.371372918612714,26.727139602094265
W_6111452983,58.37137879233299,26.765964280765633
W_11743396281,58.37138092979457,26.76728521725276
W_12810433928,58.37138138374476,26.70393746740594
W_6694298484,58.37139197856486,26.721391163977177
W_11748475124,58.37139380526007,26.772350458973513
W_6173270116,58.371402558887,26.778313572754744
W_cluster_11676761630_6113585110,58.37140927131486,26.775566663184883
W_11586953619,58.371409965755255,26.730297842880994
W_6694377399,58.3714123571084,26.74018796401427
W_360477900,58.37141560772006,26.772236635019983
W_5057691653,58.37141645866246,26.7771624610711
W_6173270124,58.37142328727067,26.77856217899514
W_6694278444,58.37143799810509,26.7172670694934
W_cluster_6694317411_6694317414,58.37144272307408,26.725299094846264
W_12068165598,58.371449273513036,26.71493876737563
W_8154416879,58.37145097437616,26.774458110917276
W_6691161607,58.371452255301925,26.711178284522028
W_6173270096,58.371453580954004,26.77779919751358
W_6111455409,58.37145656797552,26.765225591023214
W_8153590801,58.371460004801065,26.69206665972912
W_cluster_3234018608_331531464,58.371460136835765,26.755751180905147
W_6793225596,58.37146029823977,26.756638084102814
W_13534077884,58.371461647425846,26.764372330933487
W_7080514532,58.37146275557404,26.76317137873682
W_11743374966,58.37146726636608,26.775193446613994
W_cluster_12810433873_6329096541,58.37146809263649,26.703332250048483
W_11743396285,58.37147621509299,26.767626496115923
W_5144463777,58.37147749465398,26.721231332500203
W_cluster_2296334230_330044616,58.37147837513688,26.68811473758441
W_332634155,58.37147879410597,26.697159372204098
W_11676761600,58.37148631169767,26.774786970103882
W_4289958974,58.37149147486054,26.689921772688855
W_cluster_11388000200_6422459102_6422459103,58.37149299796382,26.72827825039354
W_12069579886,58.3714938140434,26.71521774616242
W_6694317406,58.371496474995745,26.724440662098228
W_564647962,58.37149768274532,26.709422562898588
W_7080514552,58.37150010066771,26.761950351867803
W_cluster_4100521407_4100521410,58.37150137131192,26.753552266452928
W_6498319298,58.37150362857242,26.71129719037619
W_cluster_6173269884_6173270085,58.37150671731425,26.778505241889434
W_cluster_3234018610_8529639565,58.37150893243752,26.763517933491098
W_11676761623,58.371515132799146,26.773203588954438
W_11743396293,58.37151909832695,26.768343363119914
W_2674665629,58.37152259087912,26.783534414495513
W_6691161629,58.3715232261375,26.71106607200475
W_6793225599,58.371526722856416,26.75638136778307
W_5552097793,58.371528306830484,26.70922332113986
W_360477800,58.37153269060707,26.768012650348844
W_330042136,58.37153322260513,26.725743896640754
W_6111455416,58.37153763363466,26.765499090900462
W_9807250893,58.37153898112278,26.76677815495381
W_12068017947,58.37154236611749,26.713910927007525
W_6694401940,58.371542594615725,26.734323471456655
W_8511654074,58.37154755464143,26.728000202394064
W_cluster_11748475160_360477838,58.371548051573605,26.77526798142913
W_11743396294,58.37154882947521,26.768791920945084
W_6113585111,58.371549099484085,26.77581468358766
W_8511654060,58.37154956163367,26.72708592692096
W_1383386351,58.371550014232604,26.730993410459362
W_12068017944,58.371554413268164,26.713554561908317
W_330041571,58.37155695951531,26.682809855842873
W_8529618915,58.37155804949812,26.766694603880914
W_7139926770,58.37156020413106,26.73961811482132
W_12069579878,58.371560281060226,26.716474233751786
W_cluster_12068018043_6691185872,58.37156483153179,26.711433795532486
W_12810433865,58.37156550311217,26.70366427980417
W_6694317410,58.371568949657856,26.724855343841266
W_8511654061,58.371569337009234,26.72671429179882
W_11238821393,58.37157150793084,26.693769757723203
W_6694669124,58.37157811223311,26.693489335953977
W_330041588,58.371584951944534,26.682688911086863
W_6691185874,58.37158551404616,26.71116591288319
W_330045887,58.371587011704655,26.721906933321073
W_3234018614,58.371588778597825,26.75614177599895
W_11743396280,58.37158929864147,26.767233927195587
W_2132673734,58.37159038488774,26.780464016113573
W_11676761593,58.371590536404206,26.774400634924675
W_11808927826,58.37159279484824,26.767279719743215
W_4100521415,58.371593031597,26.75241307591483
W_cluster_3234018617_6307706349_7080514533,58.371597883773006,26.763050293097507
W_6111455414,58.37159847851065,26.766159423138543
W_8145251857,58.371600626364135,26.778431314439086
W_6113530414,58.37160326550028,26.770043458488107
W_6793225717,58.37160353518929,26.76436095707722
W_cluster_7080353664_7080353665_8538627091,58.371607457441,26.716565828646896
W_6694401939,58.371607487077675,26.73831561115598
W_cluster_1404484713_9217773625,58.371608699107846,26.766395442580652
W_6173231916,58.371609020832835,26.765833857575284
W_cluster_12068017949_12068021763_12068034376_12068165587_#1more,58.3716108080073,26.714153298808707
W_11808927825,58.371612274042654,26.76727377909034
W_11808927829,58.3716174592535,26.767606762814577
W_10882887263,58.37161779037705,26.730549611164356
W_6694317413,58.37161889810425,26.725111386079742
W_10224154075,58.3716265350397,26.719110156054093
W_12069579879,58.371627670411584,26.716364966499807
W_cluster_3234018621_7080514526_7080514527_8529639562_#1more,58.371630237226725,26.76335249354318
W_8511654062,58.37163175726649,26.72667141267493
W_7080353639,58.371631995972855,26.717590843652413
W_6793225595,58.37163581714187,26.75598725113712
W_6793225646,58.37163596806784,26.76164787441681
W_6173231917,58.37163624748981,26.764518016565365
W_11808927832,58.37163842896676,26.76792750530028
W_4100521418,58.3716387284669,26.751244285865713
W_cluster_11748475163_5057691656,58.37163909883257,26.775765732949054
W_11808927828,58.371639901102284,26.76760011904687
W_11586958473,58.37164413489052,26.730648563734576
W_11754909380,58.37164766973713,26.734665615670362
W_331531450,58.371647991325936,26.754274721467635
W_11730666979,58.371650902401825,26.77774547447977
W_11808927835,58.37165276500436,26.768206066038044
W_10882887271,58.37165653327308,26.730693088300068
W_12068165586,58.37165812318601,26.71446747205012
W_4712105353,58.37165961075567,26.766190987167437
W_11808927831,58.37166356712719,26.76792186975562
W_6793225648,58.37166359040381,26.76003866927358
W_6694669129,58.37166553232847,26.69335147256676
W_11676761625,58.37166682538571,26.773200222459355
W_11808927834,58.37166802636147,26.768202034034523
W_6694669127,58.371673880747736,26.692749982332582
W_12947470705,58.371673983394274,26.682553570750933
W_11742314955,58.37167540032315,26.770501316928915
W_6111455393,58.371677922287475,26.763981456163215
W_6691161641,58.37167807114288,26.711306194035245
W_6694401945,58.371678415910836,26.73299413648577
W_3234018619,58.37167878071637,26.75440614211508
W_11808927838,58.371678964087295,26.76853874173526
W_11676761601,58.371679680629036,26.774733597295413
W_11586958472,58.37168123263147,26.730778548227015
W_9807250901,58.37168349990205,26.765649417686834
W_6498319292,58.371684727474495,26.71043529798253
W_4100521420,58.37168605252196,26.753562774860143
W_11676761602,58.37168692959447,26.774820908610955
W_1404484678,58.37169066206889,26.76607897783403
W_11586958471,58.37169091174933,26.730811297742676
W_6691161608,58.37169242814769,26.71169893007382
W_11808927837,58.371693598915705,26.768535910653057
W_566152589,58.371694256970756,26.70676790489269
W_4289958975,58.371696561618776,26.690345479873294
W_5057691665,58.37170039864042,26.776408302437755
W_cluster_6690693922_6690693923,58.37170098654948,26.728478377937567
W_11586953668,58.37170211770179,26.730844035651767
W_11808927841,58.37170469904259,26.768863557065913
W_11743396275,58.37170716360003,26.769034837012505
W_6445636956,58.3717075591643,26.717237219062483
W_11754909382,58.37170978088952,26.734125959437943
W_8164732881,58.37171137871897,26.72082073613551
W_11743396276,58.37171613371146,26.76912811939947
W_11808927840,58.37171627956647,26.76886040417699
W_4645376394,58.37171650759262,26.706483080960957
W_8218841857,58.371716826690665,26.760649640308532
W_331531460,58.37171725137679,26.754562127074387
W_330043283,58.37171895485303,26.756064974362882
W_6694377401,58.37172103567072,26.739957813303935
W_cluster_377125816_6113530451_6113530453,58.37172174828738,26.771860443931782
W_11748527347,58.37172342916981,26.763721814745576
W_9269801688,58.37172537251707,26.778738592058758
W_6694669125,58.37172679285306,26.69350411662435
W_12068017981,58.37172782145333,26.71282095836201
W_6691161639,58.37173192314992,26.710931192694645
W_8511654069,58.37173437007345,26.727028598116007
W_6694401949,58.371742472630594,26.7336066956338
W_1541570209,58.3717445315942,26.746707607105815
W_6691161643,58.37174483408834,26.71096100419571
W_4100521421,58.37174601791106,26.752242930568148
W_7589004561,58.37174961764813,26.746146327092767
W_6111452981,58.37175085976402,26.7646687187288
W_11743396284,58.371752535460175,26.766861881421647
W_11742314954,58.37175313225035,26.770474314391937
W_6113530464,58.37175579484918,26.765743989098375
W_7080514530,58.37175626204171,26.762534829719332
W_8529618898,58.37175831048744,26.76315606436693
W_11676761594,58.37176231894758,26.77432996027951
W_4645376458,58.37176415986554,26.70666167501183
W_11754909385,58.371766528042116,26.734291187711086
W_11743396283,58.37176661333417,26.767046590343618
W_8218841858,58.371769597315556,26.760675780980286
W_10224154077,58.371769716538516,26.718830533131342
W_11742314953,58.371772969320034,26.770467518376854
W_6113530475,58.37178291261804,26.769752351096656
W_330045492,58.37178422949799,26.730768190408227
W_6793225641,58.3717851931513,26.76056250347399
W_13205421235,58.37178934822469,26.70593490754286
W_9807250886,58.37179279093412,26.771004016033455
W_6111455404,58.37179317772693,26.761520479035823
W_11742314952,58.37179325668757,26.77046140324865
W_cluster_6113530433_6113530434_9807250880,58.3717934705215,26.771989051778494
W_6173231907,58.37179572061427,26.763278559150134
W_6690693924,58.37179920572816,26.728036560100055
W_8154416880,58.37180252726509,26.774313462928735
W_cluster_330040959_6445636955_7080353648_8538627083_#1more,58.371802755408766,26.717233380460353
W_6691161640,58.37180649650065,26.711102050777452
W_11730666978,58.37180962579455,26.777704815154628
W_11742314949,58.371812405755456,26.770121079157278
W_6694401933,58.37181281258311,26.738758915801156
W_1404484721,58.37181316498573,26.763192281176146
W_6691161633,58.37182078126134,26.71150231077461
W_cluster_324550943_6694669128,58.371821228515266,26.693220367074534
W_9269801686,58.37182125425654,26.7789747641565
W_11754909381,58.37182309428955,26.7344559050075
W_12068017956,58.37182321056329,26.713504858467747
W_6694401948,58.37182641881529,26.73350519966099
W_360477803,58.371829731218284,26.766590238099795
W_7080353649,58.37183046854238,26.717500190598
W_4100521426,58.3718345718306,26.752194271651643
W_11676761627,58.37183505555513,26.773152643512937
W_11742314951,58.371838590674,26.77044862920411
W_cluster_330043393_6113530312,58.3718392533873,26.778112526874533
W_11607686915,58.37184033159469,26.708435215747553
W_9269801689,58.3718415698774,26.778568790567682
W_331531486,58.37184250328722,26.754447059640906
W_9807250900,58.37184266200857,26.76516387663397
W_13205421236,58.371843281951435,26.706071564985514
W_cluster_8511654066_8511654077,58.371846260092674,26.727440761617782
W_1244148776,58.371848336099966,26.750586344027457
W_cluster_330043407_5372323914,58.371849632153975,26.69594138717898
W_11676761604,58.371851860507704,26.7746844618644
W_6113530418,58.371852777420436,26.769546066433517
W_4712105357,58.37185625526922,26.766951119694898
W_6691161612,58.371858067629944,26.712026839047986
W_4100521428,58.37186305392058,26.75373642796828
W_6329095222,58.37187061817001,26.696951553071045
W_11388000203,58.371871401938755,26.727479887474114
W_11742314947,58.371872398826866,26.770870839341235
W_2925994725,58.371874288142024,26.70631508951536
W_cluster_11748475165_360477889,58.371876878200645,26.772679000889962
W_6445636954,58.37187712465187,26.71699020006902
W_7589004570,58.37188185886624,26.746434804543977
W_6113530455,58.3718840281069,26.771296954772207
W_3234018629,58.371886005782834,26.760727818051063
W_5057691663,58.37189158610751,26.775877303689832
W_8511654104,58.37189257103663,26.72865145183833
W_cluster_330041893_330293841_6793225642_6793225643_#2more,58.37189276253509,26.76155758833667
W_5085860017,58.37189393623381,26.776348269861543
W_4100521429,58.37189535824794,26.758437298144102
W_cluster_12810433863_12810433878,58.37189565862983,26.702808273591412
W_6691161652,58.371896519679616,26.710676661849195
W_11676761613,58.371897387959955,26.773102153714383
W_cluster_1244148798_4100521430,58.371899257725346,26.753974316319333
W_11238821383,58.3719034225445,26.696846818023275
W_6793225640,58.371903991507196,26.760595718945513
W_11748475164,58.371905454311765,26.773092528458424
W_8157875755,58.37190671511665,26.767634094693303
W_6793225597,58.37190838961382,26.756591405936422
W_cluster_6793225692_8529618888,58.37190898038426,26.762164711703093
W_6113530311,58.37190976790723,26.77667093291716
W_4645369588,58.37191372510254,26.704094220354083
W_12663075327,58.37191645124574,26.696925003971078
W_9269801684,58.37191677453328,26.779209914059802
W_6691161644,58.371923727355814,26.710832863513374
W_cluster_11743396298_6111668281,58.371924080109494,26.76909120271233
W_4100521432,58.37192572290169,26.752188162152525
W_8154319210,58.37192761128356,26.714445464622507
W_11754909386,58.37192848053943,26.73408191772727
W_1404484691,58.37192898216362,26.76526587638202
W_11742314941,58.37192978841569,26.77071883010549
W_7913959358,58.37193111078382,26.772417090688712
W_cluster_6694401934_6694401935_7139926769,58.37193114366185,26.739088840094176
W_6691161653,58.37193878855331,26.710900096835704
W_11742308466,58.37193931074287,26.768075970802148
W_12663075336,58.371939526951884,26.697225859174228
W_12068165648,58.37194240908268,26.71391247642617
W_12069579862,58.3719451020835,26.716091455067545
W_11238821387,58.37194576839481,26.696637205053104
W_9269801687,58.371945780476814,26.77879089253848
W_12041630408,58.37194666366336,26.73091893283554
W_12068165649,58.371950053890956,26.713957375899245
W_11754909384,58.371952702449384,26.735021649084274
W_6843059286,58.37195498025829,26.721655811193802
W_12810433852,58.37195651290435,26.703255495164093
W_6109560036,58.371957073803074,26.750940651371874
W_5144463771,58.37195892491495,26.72148721786348
W_6793570688,58.371959332833704,26.75364121892669
W_6793225698,58.37195949439396,26.763057271956008
W_1383386354,58.37196013422081,26.731774463057615
W_11748527335,58.37196763681858,26.762992083359038
W_6445637109,58.37196793550748,26.721707166855655
W_12068017980,58.371968873486004,26.712614708086864
W_11748527344,58.371977451836656,26.76349154949901
W_6694298453,58.37198015996671,26.721752886766883
W_13143337616,58.371980394636154,26.75389818931292
W_9807250877,58.37198088003771,26.77282826007834
W_6173231908,58.37198292436011,26.763439542411145
W_cluster_12947469999_330042421,58.37198325613568,26.683657392063395
W_11226541053,58.37198438484256,26.776762606534025
W_cluster_2296334232_330044664,58.371984443552726,26.68724950944784
W_1250012208,58.37198445667552,26.717235175279754
W_cluster_6793189052_6793570687,58.37198704739288,26.75380804940494
W_6694401947,58.37198919732504,26.733391312776902
W_6111452978,58.37198966971959,26.763250078527058
W_6111455396,58.371990091012194,26.76178190939953
W_12810433856,58.37199071957056,26.70317229441054
W_330046170,58.37199177050383,26.69660620918238
W_6173231965,58.371992092507064,26.765347516003732
W_6109560029,58.37199264766974,26.750344449408672
W_6793189051,58.37199306193854,26.75394665252641
W_11742314943,58.37199474919407,26.770882868019
W_8169719233,58.37199808577514,26.723061754510464
W_6113530478,58.371998792287194,26.768884029446518
W_7589004564,58.372000806832,26.746133582224168
W_331531432,58.37200441716217,26.756268493350664
W_331531407,58.37200533654337,26.755808103405734
W_7589004565,58.37200581170984,26.746075763248808
W_5057691654,58.372006274302244,26.77556595034895
W_6109560035,58.372006812759516,26.750884740355264
W_6111455402,58.37201043631982,26.761614064804558
W_330040590,58.372010993183224,26.735847954496915
W_6691161642,58.37201332236491,26.71077486040816
W_8145251856,58.372015450841765,26.77945256758766
W_6173231966,58.372019919428695,26.765682233484064
W_566156516,58.37202183254646,26.70540557425595
W_6793189050,58.37202375200289,26.754072946189538
W_11676761597,58.37202387968353,26.774646097183204
W_cluster_5144463772_6843059298,58.37202832800871,26.721641215303894
W_11676761605,58.37202966852299,26.774720255047544
W_11388000213,58.37203067546944,26.726398730860417
W_11778781873,58.372033917985945,26.770486680715052
W_8153590802,58.3720341581007,26.691043272405967
W_6694401950,58.37203436202731,26.73252371266634
W_12069579870,58.372035647655245,26.71605602383063
W_4100521435,58.37203615812278,26.75356495012492
W_4100521434,58.37203705895193,26.751984286173034
W_11778781874,58.37203746438603,26.770611284425826
W_6173231912,58.372038153942775,26.764361479273855
W_cluster_12068017963_12068034373,58.37203906343017,26.713797495584856
W_3234018633,58.372039067969375,26.756117471416008
W_6329095223,58.37204173295262,26.69752808920311
W_9269801685,58.3720439278332,26.779038848032414
W_4100521436,58.37204563347806,26.75849217387517
W_6173231967,58.37204640717748,26.765972682796836
W_12215726476,58.37204715057164,26.75405038819822
W_6691185868,58.37204762692276,26.71009725147036
W_1199475124,58.37205027093149,26.776843565433307
W_6498319295,58.37205225004736,26.709838385902312
W_12663075326,58.37205238879972,26.69656517231746
W_6329095238,58.37205581882542,26.69759771884858
W_6691161650,58.37205707831296,26.710424042222115
W_8132449074,58.372061508350114,26.751114632620805
W_6498319323,58.372061565078596,26.712055611600015
W_12068017976,58.372062768317555,26.712831572055602
W_11676761615,58.372066681018175,26.77304619032734
W_cluster_9807250876_9807250883,58.37206741250523,26.77274957719268
W_9807250881,58.37206749335468,26.77213789655134
W_6109560026,58.37206885859554,26.750829939131293
W_cluster_1157930525_2408301441_2463079678_2463079681_#2more,58.372069676648906,26.726282520745073
W_6793225697,58.37207072836887,26.76215934963368
W_cluster_330046349_6687618447,58.37207257179685,26.722286910408446
W_6793225638,58.37207390384501,26.760105634226367
W_11730666983,58.37207552978065,26.777474917045385
W_6111668269,58.37207607234607,26.77040366437285
W_12810433806,58.37207903387849,26.703454656621265
W_331531418,58.37207961812496,26.755857338517753
W_6498319327,58.372082536555396,26.71215527927312
W_6694401942,58.37208318322906,26.733668920637847
W_cluster_12639524772_12639524775,58.37208556549619,26.738750403918747
W_6498319147,58.37208575596799,26.71019746112467
W_8511654082,58.372085759386636,26.72776014187254
W_11742314942,58.37208867131403,26.77112005908861
W_cluster_11388000207_11388000212_8511654075,58.372092030855974,26.727035410001303
W_4100521438,58.372092112955386,26.75226119074493
W_cluster_12663075339_330043221_330043222,58.372092624671104,26.696829980445656
W_13689292182,58.37210273541836,26.737396303593393
W_1541570492,58.37210445840394,26.746135744152078
W_330046354,58.37210498658638,26.722075866586128
W_11730666984,58.37210897764364,26.777754561559284
W_6691161647,58.37210937585514,26.71071321407352
W_11730666982,58.37211180305882,26.77772650700294
W_8218841861,58.37211605085126,26.75410324718915
W_377125810,58.37211630427048,26.772868932184608
W_10256484635,58.37211910203832,26.77748165197959
W_6691185869,58.37212660565214,26.710309273744166
W_6111455400,58.37212761344711,26.761548482250863
W_9807250899,58.3721281039949,26.76443456184393
W_5372323916,58.37213082507155,26.69672827555503
W_6691161651,58.372131848701066,26.71084090568449
W_12639524781,58.372141621945865,26.73735071128046
W_6329095235,58.372144436917985,26.69876647564401
W_13689292183,58.37214514883272,26.7375377114354
W_cluster_330046414_5144463774_6843059297,58.37214699973958,26.72152881721848
W_6687618446,58.37214751551641,26.72238701509179
W_11837152761,58.37214822845992,26.720196884890665
W_11980757003,58.37215203320708,26.71027384830751
W_6109560033,58.372152393447394,26.75115656091919
W_1383390350,58.372153211623306,26.73210516665994
W_6793225695,58.372160472083586,26.76192727092006
W_6111455397,58.372160709206916,26.761475431598722
W_cluster_330045816_330046285_6498319296,58.372160781112854,26.71009119485528
W_11730666988,58.3721619882024,26.778751416410365
W_1754124742,58.37216565602489,26.722303103881384
W_11586953665,58.37216713113628,26.73137524748252
W_3234018642,58.37216718569848,26.758747265273946
W_6173231911,58.37217040775528,26.763606167065582
W_6173231801,58.37217155354029,26.761414668895274
W_6843036978,58.37217436465328,26.722135839831612
W_10224154078,58.37217439536252,26.718325898523773
W_12068165696,58.37218048599194,26.713740618751363
W_330041890,58.37218219761184,26.759853251396287
W_8132449051,58.372182750138435,26.750971201293016
W_6422459109,58.37218398621216,26.726775187706508
W_12068165695,58.37218811901765,26.71378021892404
W_12068018202,58.37218843211229,26.711238772282297
W_6329095244,58.372188664074976,26.69901176387458
W_6113530208,58.37218991854523,26.77123462824901
W_8157875756,58.37219161894531,26.76753990554276
W_4100521441,58.37219250200708,26.753411879868928
W_6843036981,58.37219482145993,26.722167477005545
W_966090759,58.37219769955731,26.699991783173346
W_8511654097,58.372198607324684,26.727567459354127
W_6109560018,58.37219878754584,26.751644657435875
W_7913959351,58.372199048823425,26.77542949992839
W_11778781876,58.3721991629743,26.770027273471836
W_12069579869,58.37220057502967,26.715824591222223
W_6690693916,58.37220102107447,26.73211830994792
W_11742308445,58.37220227845002,26.76881431653067
W_cluster_6793225687_6793225694,58.372203006319346,26.761568659470417
W_11586953666,58.37220661966274,26.731360758013366
W_12069579867,58.37220671902298,26.716084054388187
W_566152592,58.37220952813599,26.705826957702108
W_6793570674,58.37221067358711,26.74602659486038
W_360477840,58.37221200644559,26.77498270812667
W_11742308446,58.37221385975429,26.768960921559202
W_11200740102,58.37221440568851,26.680422694658535
W_1610343146,58.3722157274295,26.708104737065046
W_11742308447,58.37221953278285,26.769018838781108
W_9807250853,58.372219723726445,26.77375519060939
W_8132449049,58.37222016293732,26.751089068850526
W_9807250856,58.37222176204781,26.77176541346935
W_11778781872,58.37222697458691,26.770410377379662
W_12068018245,58.37223067603404,26.71333145411051
W_6498319319,58.37223551207932,26.711644752647636
W_13143333976,58.37223689207013,26.765915860869725
W_11980757007,58.372242367076716,26.710622202369294
W_9807250857,58.37224623598196,26.772092808582926
W_11980757037,58.37224737967903,26.710138010771825
W_12068165693,58.372251017225224,26.714114101797794
W_6113530310,58.37225367695801,26.775389832853982
W_8132449052,58.372254675331426,26.751193451473778
W_1383390331,58.37225532700079,26.732231584858244
W_11730666987,58.372256332259774,26.778721250446065
W_7914227275,58.37225901171269,26.71609303706189
W_566138888,58.3722596823817,26.705999549052528
W_2132673742,58.37226000908118,26.780230775705046
W_6109560025,58.372260365071156,26.751579774080724
W_1383390333,58.372262359194295,26.731343580658052
W_11748527330,58.3722631230101,26.762745634028395
W_10256484625,58.37226381059833,26.778890963730642
W_12070430727,58.3722644352949,26.716798362758773
W_cluster_6113530226_6113530432,58.37226515155924,26.77171982978337
W_12639524776,58.37226544833606,26.737204990698995
W_8132449054,58.37226632397454,26.75117935102061
W_6329095246,58.37226641084316,26.6993415623765
W_11730666980,58.372278689698746,26.777369867426934
W_6113530261,58.372281125658084,26.774603085784875
W_6109560020,58.37228308435434,26.749732252663158
W_8218841843,58.37228516354254,26.7595379910717
W_cluster_1199475063_9269801681,58.37228568263999,26.77907426368159
W_cluster_3234018644_3234018647_3234018651_3234018961_#2more,58.37228739249268,26.75866968524768
W_6498319326,58.37228851221583,26.712007946539348
W_9807250875,58.37229307699688,26.77282710869167
W_12070430726,58.37229702035391,26.716871442411467
W_11730666981,58.37229847360967,26.777694219157688
W_966093452,58.372299020657564,26.744745662084828
W_cluster_3234018652_331531352,58.37230035585833,26.75373098830939
W_11568460574,58.37230470893387,26.718280924184537
W_8132449053,58.372307083416075,26.751355662878016
W_6691161657,58.3723119332716,26.70984976011105
W_966089917,58.372315355625915,26.700182428083743
W_564647933,58.372317088136654,26.70781087903347
W_8218841845,58.37231879334405,26.759176187925675
W_6690693914,58.37232262907118,26.731902495073953
W_4100521447,58.3723245811439,26.752785597054043
W_2408301447,58.37232796488019,26.72724061768403
W_6109560031,58.372330059352585,26.749870908373783
W_7080353670,58.37233082920283,26.716644994892555
W_6109560012,58.37233257931659,26.752183771539336
W_6173231900,58.37233419687259,26.763733460696773
W_6694401953,58.372334462303265,26.732880452610697
W_12069579868,58.37233659279583,26.71628679270929
W_7080353669,58.3723393252856,26.71610128186373
W_11742308452,58.372339587714364,26.769302014294976
W_6793570678,58.37234037749142,26.745805299031677
W_377125801,58.372340736105706,26.773416946662834
W_8511654076,58.37234200466152,26.728014262845786
W_6113530227,58.372342294566465,26.771664625336953
W_6498319324,58.37234777217565,26.71231946139047
W_8169719221,58.37234922887393,26.696716315436092
W_11742308468,58.37235110084739,26.76876342377826
W_7139926751,58.37235140041984,26.738608767177606
W_11742308451,58.37235609784686,26.76954261441413
W_6111455399,58.372358320986024,26.75980264831067
W_8132449048,58.37236028282575,26.752576266492202
W_3234018657,58.37236161151462,26.758877062755523
W_12379263441,58.37236170348178,26.72006578036775
W_6109560019,58.372363172949505,26.751471177509682
W_6350274446,58.372363225476604,26.731859447818216
W_330040548,58.37236397322588,26.73208801238257
W_6498319297,58.372365097083645,26.709965575000112
W_cluster_11748527333_9807250905,58.37236680318977,26.763346024334393
W_566156489,58.37237282631327,26.70489558862465
W_11778781878,58.37237510585947,26.76997398692184
W_8218841844,58.37237599763344,26.759219563343713
W_6109560021,58.372377384115374,26.750004775168733
W_11568460573,58.37237766378504,26.718169562217764
W_11778778167,58.37237886848144,26.770369044975006
W_9807250858,58.372378924028574,26.772615253713575
W_cluster_330046345_6843059311,58.37237902614878,26.725999755005713
W_6109560008,58.372381809243166,26.74960333561462
W_10256484643,58.37238438331384,26.777772490278096
W_12639524767,58.372385717078885,26.737076391317576
W_330041544,58.3723899817476,26.68153489896241
W_11778781869,58.37239161276204,26.770564195605083
W_cluster_12947469998_330043471,58.37239339958391,26.684512785944438
W_6793189037,58.37239408884875,26.757431053381108
W_12379263444,58.372394722450665,26.720461799011083
W_6109560024,58.37239828857803,26.752118859907206
W_11748527334,58.37239896496539,26.76315587522184
W_331531375,58.372399453598916,26.753560366132806
W_cluster_6109560009_6109560023,58.37240041461844,26.752289289724782
W_cluster_12070368162_12070368163,58.37240738001215,26.7110692741778
W_6109865406,58.37240738217681,26.720871655773365
W_6329095225,58.37241782863208,26.698572331158445
W_6113530294,58.37242096284026,26.775264312883056
W_11200740099,58.372421013201055,26.680687179772246
W_11748527329,58.37242156730219,26.762799277117313
W_3234018962,58.372422167981966,26.753695777241393
W_8132449061,58.37242248701632,26.749736736430652
W_4247172303,58.372423155187974,26.709229295547413
W_8169719238,58.37242415672057,26.723387339748044
W_cluster_12068018250_12068034371_12068165701_12068165702,58.37242642195511,26.713548863955037
W_cluster_3773486931_4100521452,58.37242754785886,26.75271221997675
W_cluster_2296334234_330044640,58.37242907870451,26.68646036498712
W_2408301448,58.37243647841712,26.72611180003044
W_3234018966,58.37244137785495,26.756272490017754
W_8529618893,58.372443697995685,26.757732111543817
W_12068165688,58.37244378993596,26.71497297469304
W_9807250852,58.37244575963376,26.773687412437784
W_332232320,58.37244686311156,26.758695095072866
W_11730666990,58.37244842384959,26.778655426077332
W_13237995163,58.3724503977798,26.779905114439714
W_10256484652,58.372461489674144,26.778836046608674
W_9807250890,58.37246196982558,26.767493678788203
W_6793225673,58.37246204762695,26.76336761126176
W_10256484642,58.37246801939261,26.77892456188734
W_8163654687,58.37246999889657,26.72315464897743
W_cluster_1541570541_6793570675,58.37247133962078,26.74621841757673
W_12379263438,58.37247387376752,26.72034919554597
W_cluster_330293830_6307706351,58.37247713676559,26.761238229473154
W_3234018967,58.37247862273212,26.756399084038836
W_cluster_3234018656_3234018965_3234018968_330041605_#9more,58.37247885807734,26.75652285597486
W_1157930512,58.37248069665639,26.726335412617807
W_6111668614,58.37248545898148,26.759302416250144
W_cluster_6109865402_6843059293_6843059299,58.37248549268984,26.7210643927577
W_1199475140,58.37248576510923,26.777916312373964
W_11200740101,58.372491368766724,26.681420469168046
W_12068018263,58.37249448784074,26.713141089762654
W_6113530477,58.37249525564315,26.76871409975499
W_6691185860,58.372495824922304,26.7093914501613
W_cluster_332232316_6173231683,58.37249877400255,26.758789109573705
W_1244148789,58.37249986934392,26.753188174236172
W_11748527328,58.3725001701443,26.762080555062333
W_9807250888,58.37250148284373,26.768382742419924
W_7913959363,58.37250207284581,26.77262181280535
W_11980462841,58.372504878868945,26.710255912209536
W_331531357,58.37250618843585,26.753904957438557
W_12069579808,58.37251261810803,26.7156326609835
W_324551020,58.372513275931546,26.67861313115049
W_6111668707,58.37251452734717,26.761686912903553
W_6111668263,58.37251573210554,26.769960079085177
W_6793225696,58.37251751926713,26.762088473332547
W_6307706352,58.37251967736961,26.761317437685324
W_330044617,58.37251987487436,26.690259285399783
W_6173231682,58.37252085565619,26.758210607504772
W_6113585129,58.3725230182847,26.77883890988226
W_6173231786,58.372524278583256,26.75916931745298
W_cluster_6113585120_6113585130,58.37252651811016,26.778473379649885
W_12069579833,58.37252803221036,26.715576804540422
W_6173231668,58.37253316474948,26.76171140524362
W_8511577370,58.372533779154814,26.720266148734662
W_cluster_11980757042_12070368139,58.372536038724704,26.711725900029712
W_6694401957,58.37253717662278,26.733743286420548
W_324550942,58.37253837884731,26.692085303707145
W_12971866803,58.372544162734016,26.710429967963403
W_11742308449,58.37254777217164,26.769247658678946
W_6793225675,58.37255291545222,26.762189955297163
W_6111668272,58.37255482683302,26.77032430766512
W_566152586,58.37255548642062,26.7042227092106
W_6173231946,58.372559882803536,26.764209609862323
W_12068018252,58.3725632892426,26.71278151835062
W_6113585131,58.37256338002786,26.778702916535316
W_12068165698,58.37256630320073,26.714088472685418
W_6113530482,58.372567012274196,26.768213919145065
W_6793225678,58.372567466371606,26.761948635182
W_6173231807,58.37256817065449,26.759393486778986
W_cluster_6113530264_6113530277,58.37256830351636,26.774063590970467
W_6691185866,58.37256969694056,26.709291857814097
W_6113530476,58.37257027905858,26.769476595921756
W_6430999673,58.37257111229841,26.733045861915834
W_cluster_11200740105_324550974,58.37257402854547,26.680422691891142
W_7888420987,58.37257410760637,26.731814082893372
W_cluster_377125744_6113530266,58.372574705449736,26.7739250738159
W_6173231670,58.37257535235384,26.763393180427126
W_6793225667,58.372578273115614,26.761770936630604
W_cluster_11730662447_2132673751_6113585127_6113585137,58.37257923757213,26.779826355309783
W_2435621036,58.372581333077136,26.72702889655779
W_cluster_12068018267_12068034369,58.37258334347575,26.713394242454314
W_6793225630,58.37258373143195,26.757026632090227
W_2495014548,58.37258383066991,26.781301526130516
W_6109560011,58.372583913362575,26.751874455361488
W_6843059290,58.37258502883453,26.721197468031885
W_6173231814,58.37258576052321,26.760248159313704
W_8220881,58.37258807888411,26.71897651945726
W_6113530308,58.37259346749956,26.77616980864798
W_4645376408,58.372597299879196,26.703622293778302
W_11742314946,58.37260216265558,26.77077721103564
W_9807250854,58.372602425336105,26.773652046851932
W_10200141238,58.372604259860566,26.734864612102022
W_1244148787,58.372604467622935,26.753075808016746
W_6329095220,58.37260632509637,26.699478173953647
W_566156494,58.37260682249657,26.704634119683572
W_cluster_11980757043_12070368132,58.37260730318005,26.71210330892243
W_11743374954,58.37261059831731,26.77667060853168
W_6307706353,58.37261330226551,26.758843889665858
W_6113530221,58.372613736189884,26.771574486545788
W_6113530309,58.37261412912374,26.77591529158039
W_8163654688,58.3726153291953,26.72270183766972
W_332640672,58.37261695279142,26.758826939861127
W_cluster_330045817_6691185841,58.37261851625057,26.709353172525923
W_6173231947,58.37261967209014,26.764340849189576
W_6111668260,58.37261979811831,26.77094549086194
W_8169719222,58.372621194052606,26.697591172953587
W_3234018971,58.37262472018237,26.755251286606185
W_8153583514,58.37262516091008,26.725221694114058
W_cluster_1378611247_6402976321,58.37262552509027,26.72817038939067
W_7080353667,58.3726270341679,26.716114357651307
W_2463079683,58.372627055780114,26.746387574615262
W_330041548,58.37263198525675,26.68126191950846
W_8163654684,58.37263238547307,26.722614856757822
W_6113530228,58.37263270086958,26.771884482927486
W_6173231939,58.37263339060771,26.765797154494216
W_6173231678,58.372636915045604,26.758696191225965
W_cluster_12714576083_12714576084,58.372637614043335,26.746639663068013
W_8529639549,58.372643410533506,26.756859195217146
W_1404484654,58.37264905466524,26.759755026922697
W_cluster_11980757013_12070368126_12070368127_6498319313,58.372651201620954,26.712453588453872
W_331531385,58.372651468962935,26.75402378820678
W_6691185867,58.37265198422259,26.709496844912735
W_6113530295,58.37265282954227,26.77508965771411
W_11743374955,58.37265411123245,26.777262192622224
W_6173231677,58.37265453387462,26.761871459353895
W_4247172309,58.37265482098798,26.708847518941816
W_6329095229,58.37265868995755,26.698447357769133
W_1250012238,58.372658796487464,26.718868595007486
W_6113530473,58.3726596079106,26.769455669326252
W_8529639548,58.3726631474981,26.756989330107064
W_1157931302,58.37266329751135,26.7267586612779
W_566156495,58.37266407538306,26.70461261334893
W_9807250855,58.37266510666501,26.77354479629275
W_11222403824,58.372666707882395,26.757256514326542
W_330040549,58.3726669926,26.73169285213946
W_11778781916,58.37266911651227,26.772310961076325
W_11980462838,58.37267136036287,26.710160178245445
W_6113530302,58.37267355818679,26.775334851701786
W_cluster_11750330222_1199475066,58.372680898310804,26.780081647480895
W_1610343145,58.37268155606252,26.707218912025358
W_6113585134,58.37268209110502,26.77842863931094
W_11980462816,58.37268420290764,26.709446147177005
W_6173231811,58.37268597993684,26.75956945649541
W_cluster_1115576881_1244148785_1244148788_3234018975_#1more,58.372687987428556,26.753164465233574
W_6793225676,58.372692421429555,26.762105246950526
W_11407869091,58.372692711108,26.69131361637349
W_cluster_332236876_8529618891,58.37269313793315,26.755804549111865
W_2167263377,58.372694233908206,26.756474529846813
W_3234018972,58.372695063525704,26.755307557987624
W_6694401954,58.37269595907144,26.733435389821288
W_7913959362,58.37269691037114,26.772637313598775
W_cluster_11959065064_11959082971_13426662271_13426662272_#2more,58.372698322399955,26.73784406624638
W_9269801670,58.37270086320681,26.774313711469933
W_6113585135,58.37270257936321,26.778694352009
W_2408301457,58.372705361429,26.726941262526285
W_cluster_330040870_7080353651_8538627087,58.37270898344695,26.719473904676168
W_4645376794,58.372710214265446,26.704640094205125
W_11778781924,58.37271167933172,26.77281125486301
W_6113530305,58.372716113984474,26.775837884533694
W_12069579804,58.37271882418601,26.71595155106419
W_9807435149,58.37272075836154,26.780385193646467
W_564642415,58.372725136456516,26.707148970593174
W_12070368134,58.372725679660256,26.71178350555501
W_331531339,58.372726605001766,26.753722719194553
W_6173231938,58.37273176170938,26.766942270811175
W_cluster_11980757015_12068018259_12070368120_12070368121,58.372736429833985,26.712890893373398
W_12068165732,58.37273922550934,26.713537781341348
W_6173231676,58.37273948575978,26.762396073718634
W_6173231960,58.3727441080765,26.765145750333435
W_6109560017,58.37274411325458,26.7511176909978
W_11980757018,58.37275291749873,26.713234559117087
W_330045588,58.37275772972292,26.69653449990063
W_cluster_330042933_6329095217,58.372758696276506,26.699918125544297
W_11980462796,58.372761570070594,26.708987168563556
W_330043496,58.372765771153965,26.781076102092502
W_cluster_4645376431_4645376443_566156491,58.37276805665279,26.704406934808482
W_9026347684,58.37277641874489,26.755251262104718
W_cluster_330293770_6173231655,58.37278097226695,26.75897865859511
W_11980757017,58.372781395814734,26.713357931955308
W_6109865408,58.37278145044251,26.720329837418955
W_6329095219,58.37278229469684,26.69937205064368
W_cluster_330041870_9365751788_9365751789,58.372787086678194,26.713252061750296
W_6109560015,58.372787863676876,26.751354161859332
W_6329095221,58.37279180875385,26.69967559439146
W_cluster_2931312106_6843036976,58.37279746969957,26.722657669019945
W_6173231942,58.3727997184072,26.76432238205889
W_13426662274,58.37281129551796,26.73801230758013
W_12068165737,58.37281321539474,26.71425333251994
W_2931312116,58.372813356139915,26.72256967106016
W_11730662445,58.372816905121944,26.7802538123636
W_cluster_1404484715_6173231906,58.37281890102519,26.764155397649244
W_4712105354,58.37282365705213,26.767246314917177
W_9365751787,58.37282454973859,26.713336724938497
W_2296334236,58.372825708423434,26.685435873507195
W_6113530470,58.372827968591366,26.770882938523915
W_1244148811,58.37283059078839,26.75591711684304
W_11980757047,58.37284121752211,26.713159304286773
W_cluster_11980757001_12068165735,58.37284395644749,26.713540351871448
W_12947469997,58.372845747801186,26.68540355467512
W_12070430735,58.37284669638909,26.718176251510346
W_6691185842,58.37284935185739,26.709001148501923
W_4645376459,58.37285124824759,26.701588987837813
W_6173231816,58.37285167568513,26.761097906304908
W_6173231940,58.37285171482784,26.76495407345988
W_cluster_1404465247_4712105360,58.37285536916104,26.767398602187548
W_6113530493,58.37285596706644,26.769418145306926
W_11980757049,58.37285758207254,26.713167377586586
W_6109560065,58.37286398951301,26.752493928562814
W_6173231853,58.3728640316836,26.75868181896691
W_9365751786,58.37286407372103,26.713218612939766
W_6113530304,58.37286548829573,26.774922302856726
W_1404484703,58.37286660428637,26.76572756745763
W_12070368128,58.372868079221675,26.711961681734547
W_1115576836,58.37286850993318,26.751211185057496
W_5734019056,58.372870064687945,26.71570449522066
W_1157930527,58.37287217120089,26.72606824883385
W_11980757020,58.37287377198844,26.713298030724534
W_6113530387,58.37287702328405,26.77974927835994
W_6113585133,58.37287808992828,26.778856690811374
W_11980757022,58.372878310413945,26.713279188300554
W_6113530384,58.372881399108266,26.779421521210644
W_6329096542,58.37288247502583,26.701692155194063
W_6111668691,58.37288307047296,26.767172411002456
W_11980757025,58.37288493698084,26.713350595911713
W_6173231844,58.37288497281643,26.75859397358528
W_6113585136,58.37288741968302,26.779631935162218
W_11407869093,58.37288812769727,26.691453294202795
W_6691185838,58.372888267628845,26.708341092625197
W_6173231897,58.37288929905227,26.76346407904953
W_11980462815,58.37289306149092,26.709106271173756
W_6691185850,58.37289459586577,26.710258701630178
W_6113530303,58.37289611074893,26.775277704412535
W_2408301462,58.37289646052701,26.720392011860888
W_11980462793,58.37289812605919,26.70845008394911
W_6173231675,58.372899756552904,26.762708195135147
W_12070368122,58.37290526429184,26.71236193871305
W_3773486935,58.37290559048848,26.70853328006216
W_12069579801,58.3729070145568,26.715801474463813
W_6173231958,58.37290935994389,26.765287916956723
W_1404484744,58.37290970456796,26.76493710477364
W_6430999670,58.37291056527446,26.73241912291213
W_331531343,58.372911049916866,26.753890684698664
W_10256484623,58.372911062927635,26.77761787989405
W_11730667018,58.372911568633945,26.77884365938725
W_330043696,58.372913600448264,26.729035284510065
W_cluster_12068165742_12068165743,58.37291373805528,26.713899657886653
W_cluster_2296334240_330044651,58.3729165241902,26.68562363486779
W_6691185862,58.37291782475747,26.70873918644332
W_11778781933,58.37292418004271,26.77270833895113
W_11980757026,58.37292546347591,26.71323897208867
W_6694401960,58.37292613180852,26.734331195521296
W_330040616,58.37292629904878,26.774874388795713
W_10256484622,58.37292636519984,26.777792504753638
W_6793225628,58.37293467700078,26.75695087808766
W_566156493,58.37293589854986,26.70420208838698
W_cluster_2408301466_2475219095_8153583512_8153583515,58.37293722290455,26.725660346229382
W_1404484662,58.37294188719041,26.766770609234136
W_9269801674,58.372942573425995,26.774629128380028
W_6113530490,58.37294373531986,26.769528184031433
W_6843059305,58.37294589556267,26.72185247770773
W_4645376427,58.37294610751129,26.7023669124354
W_11778781937,58.372950418023194,26.77306957999432
W_9026347685,58.37295125308125,26.75452808654261
W_4645376450,58.372957486583324,26.7019688203274
W_6173231840,58.37295786810922,26.758289679418453
W_3680866711,58.37295834913951,26.708825871488372
W_12133821236,58.3729596590162,26.71314791465028
W_6173231815,58.3729605688133,26.760588392680695
W_12070368114,58.37296195849812,26.71289145515327
W_6173231852,58.37296198174905,26.75856592310083
W_6694401959,58.372962577703916,26.733457313844568
W_1199475157,58.37296481845764,26.775328213786143
W_6687618429,58.37296525284012,26.725999485278177
W_6793225625,58.372965478111475,26.756900574951946
W_6694377338,58.37296946575242,26.731294782932316
W_cluster_1244148839_377135251,58.37297319692838,26.75426209081587
W_6843059303,58.37297719513543,26.721335417617137
W_2435621043,58.37297848700118,26.726350193755373
W_6113530480,58.37297873337829,26.768118217215793
W_11753145385,58.372981325420376,26.77716815431028
W_12070368153,58.372982314333676,26.71052280076309
W_8154398201,58.3729832047417,26.69978987977538
W_6113530483,58.37298697647947,26.76855411202289
W_4645320962,58.3729955693786,26.708920961015476
W_6109560064,58.372996211947594,26.75203670930531
W_6113530231,58.37299627022892,26.771428749964027
W_6173231851,58.372999330008916,26.758796293682973
W_564647931,58.373001755095224,26.706711070956473
W_564730126,58.37300597582644,26.704250054893215
W_6173231646,58.3730060642284,26.75675309886143
W_6113530491,58.37300993486041,26.768883231544763
W_12071386800,58.37301157297895,26.718450696797785
W_10739854782,58.37301170403231,26.71144711617714
W_1199475134,58.373014770392665,26.776054478184953
W_331531390,58.373015159499076,26.753430588869705
W_2477988460,58.373017109490405,26.720651088928683
W_11730662448,58.37301735058394,26.779717631189072
W_330045553,58.3730185615835,26.748757015391803
W_6113530232,58.37302087078692,26.77177632453975
W_330040716,58.373021009228374,26.693078999166026
W_4812043079,58.373027888976665,26.747289251862867
W_cluster_11980462790_330046390_3773486936_4645320952_#1more,58.373029629710835,26.708692789663793
W_6173231841,58.37303228402322,26.758363025591052
W_2435621051,58.37303880883743,26.72667062030695
W_1974343640,58.373039884410545,26.691179115756338
W_cluster_11980322889_11980756998,58.37304258108631,26.714282935336087
W_11362622118,58.37304292414596,26.707707944849865
W_6113530489,58.373043320519294,26.770818287361546
W_11978302911,58.373045048849875,26.708877471432388
W_cluster_1721789118_330045500,58.373045584598785,26.701308509905964
W_4645376407,58.373047787388884,26.70310580478956
W_6111668713,58.373048983011614,26.76239211293449
W_6173231838,58.37305153373948,26.7582356992425
W_6113530485,58.373056666337064,26.76954642440888
W_6307706356,58.373061936002294,26.774729918054692
W_5734019054,58.373067019772606,26.717241389719728
W_11742308427,58.37306877940466,26.77220068167259
W_6329095232,58.37307110251459,26.69920205262954
W_8132449072,58.37307183100926,26.748898876239092
W_1115576807,58.37307196530238,26.752800201958372
W_6694377341,58.37307667214272,26.731578618101384
W_cluster_11980756991_330046282,58.37308164772247,26.71472472506259
W_8529618886,58.373081697453124,26.754404259882474
W_cluster_11730667009_11730667013_6113530383_6113530385,58.373085010279915,26.77936896251569
W_11730667012,58.37308587402445,26.77877623615165
W_6690693886,58.373088024906366,26.725912711221714
W_12071386801,58.37309225667522,26.718709231304057
W_12070430734,58.37309246654391,26.717132454880932
W_11778781930,58.373094713287834,26.77259218584759
W_6109560062,58.37309782786424,26.751544654700066
W_8132449071,58.37309899242391,26.74905528357995
W_11778781931,58.37309948652943,26.772650110875162
W_564647937,58.373100369803346,26.70686668235896
W_6113530386,58.37310102632794,26.77969881697065
W_cluster_12071386624_1250012202_1250012204_2408301495_#4more,58.373103612362435,26.720408837199297
W_8154319202,58.37310663291015,26.684332723879944
W_2167263462,58.37310810980559,26.75638294998249
W_10256484641,58.3731088486973,26.776078158652172
W_11753145379,58.37311120329347,26.776809685434905
W_6173231645,58.373111650937936,26.7568758061765
W_6113530322,58.37311217675987,26.776029584673413
W_331531327,58.373114764689774,26.75343040701469
W_6402976339,58.37311477412071,26.726241262236297
W_11778781935,58.37311494836875,26.772910897829178
W_6694401965,58.3731155299087,26.73401708418601
W_11980472593,58.373115959943306,26.71115922113399
W_1258214457,58.373117477472,26.74840567119517
W_6687618426,58.37312008953785,26.72561926408705
W_11778781934,58.3731248528869,26.77302623286933
W_8153886409,58.37312501499401,26.72953970928738
W_11978302914,58.373125625419945,26.708764144315207
W_12070430731,58.37312738796602,26.71708413531472
W_cluster_330046274_6690693927,58.373129352677104,26.722913045863898
W_10200141237,58.37313051826704,26.736663280287864
W_6843059308,58.373137896468045,26.721964998224788
W_cluster_1244148782_1244148808,58.3731400757882,26.752536787395346
W_12768848702,58.373142325284526,26.708524660689
W_cluster_6843059304_6843059306,58.37314426918898,26.721508310249813
W_2167263452,58.37315391269683,26.75623971075742
W_6113530233,58.37316555183931,26.771366793239906
W_330293782,58.37316617313798,26.757304202074035
W_564647954,58.37316650243405,26.706447620002024
W_6690693885,58.373168800276844,26.725885243988948
W_11730662442,58.37316977375971,26.779355953325794
W_1404484680,58.37317191437454,26.76407850339677
W_377125724,58.37317602201884,26.77550877422306
W_1381975321,58.373177293210716,26.72788850509829
W_11568460570,58.373177404572075,26.719652603502446
W_6694401958,58.37317925818825,26.733220095169617
W_cluster_1258214456_2463079694,58.37317971482847,26.748037661258508
W_566156490,58.37318460511547,26.703893985891103
W_12070368106,58.373187907368816,26.71259881428761
W_8132449070,58.37319337484126,26.748453000234225
W_11730662443,58.37319505100413,26.780843500684416
W_cluster_331531664_377135259,58.37319644780114,26.753451549382216
W_6113530321,58.37319651663346,26.77577465988545
W_4393475327,58.37319804897528,26.7469502155513
W_6113530234,58.373198707495476,26.77172696533067
W_11730667016,58.3731987863628,26.778732447300126
W_1404484711,58.37320055940829,26.765395398825913
W_330042927,58.3732040355046,26.699663715159723
W_8154319199,58.37320657511201,26.684615115374037
W_11748527309,58.37321700961863,26.765599246690243
W_6113585126,58.37321956021493,26.777710309926114
W_6694377340,58.373220802141866,26.73143853185325
W_12071386793,58.373228728470465,26.719178461313952
W_2296334245,58.37322873492639,26.684824004257365
W_9807250872,58.37322895946933,26.7730320609768
W_4645369584,58.373230210707376,26.70552116129536
W_1244148807,58.37323190379402,26.752602135761762
W_6113530488,58.37323210137784,26.770761671948975
W_12071386804,58.373233631462,26.718629634879733
W_cluster_6111668243_6113530481,58.37323386587024,26.767950881953126
W_11742308425,58.37323447762687,26.77214370950018
W_11980756990,58.373235981925205,26.71522285922925
W_8132449069,58.373236413677375,26.748690501651893
W_12071386778,58.37324050342461,26.71820114973691
W_11748527311,58.37324329279235,26.76592509618017
W_11778781927,58.37324445327047,26.772601993163374
W_9201694692,58.373248167520046,26.73709596298374
W_1244148778,58.37325046962073,26.75203133564925
W_11778781928,58.37325300811817,26.77271579856359
W_9807250873,58.37325368481325,26.773401863147253
W_2931323379,58.373257285521916,26.721190969372618
W_4645376461,58.373259325670126,26.701800784318436
W_9807250869,58.37326141400971,26.77345549555919
W_8154319201,58.37326383259017,26.684779241159077
W_5734019053,58.37326423104711,26.717678329794314
W_11980322881,58.37326513427899,26.713313662506707
W_cluster_12091537466_2408301512,58.373267172084866,26.72037010291549
W_7913959353,58.373267914746165,26.775720354091547
W_11748527313,58.37326975882232,26.76625316744448
W_6694377339,58.373270400075015,26.73209122962071
W_1147346658,58.373270809768826,26.715173170634095
W_8145243495,58.37327206722626,26.71961013804973
W_1787746846,58.37327250111163,26.74731160882774
W_6173231672,58.373272702284574,26.763550755686744
W_11980472594,58.37327579102851,26.711619341867724
W_1199475106,58.37327675931472,26.779886805447674
W_1315552288,58.373279366709404,26.690746198784442
W_4938522334,58.37328570522071,26.751952958908017
W_1115576781,58.37328911700839,26.75213791574035
W_564647956,58.37329251336422,26.706329806417404
W_cluster_11978302912_6691185844,58.37329539024071,26.70944214947954
W_11748527315,58.3732955819134,26.76657389208246
W_1115576780,58.37329632374533,26.752009814723532
W_6113530318,58.373296390326566,26.774852371317508
W_7913959364,58.37329645547682,26.775452275873338
W_12070430732,58.37329649270207,26.716831980469326
W_9807234959,58.37330096999706,26.775005182023133
W_4712105362,58.373302185031555,26.768231665766915
W_6694407887,58.373302669452535,26.734172619301287
W_6173231937,58.37330743398081,26.76671981528626
W_6113530320,58.37331706450603,26.77583475769936
W_cluster_12070368096_12070368097_12070368112_12070368113,58.37331779519617,26.71288548781363
W_cluster_10200119439_4017555629,58.37332355312269,26.73667346774104
W_11742308423,58.37332585378577,26.772112176409646
W_6690644584,58.373326929055544,26.725784175880246
W_cluster_330043492_5039334040,58.37332746874124,26.78080831641258
W_2296334249,58.37332816602917,26.68508161309504
W_12071386788,58.373328189897066,26.71760139884838
W_330040576,58.3733283785937,26.733664326329713
W_cluster_8145251879_8145251882,58.373329111572936,26.70110677208899
W_332236885,58.37333157773477,26.756480909891692
W_cluster_2296334253_330044660_330044661_8154319200,58.373332932677094,26.684938133051837
W_cluster_1115576742_1115576803_1115576846_1115576848_#11more,58.373334982219596,26.752958896156766
W_cluster_6173231802_6173231812,58.37333733503603,26.760967599360995
W_6111668714,58.37334459834816,26.76163601210656
W_8132449068,58.37334723391358,26.74854696038782
W_9269801675,58.37334870939269,26.774419333124754
W_8154398198,58.37335135817734,26.699559373102563
W_12071386808,58.3733534796755,26.71909523737965
W_6113585124,58.3733570632015,26.778225750776095
W_6173231671,58.3733586916792,26.763570183102896
W_6113530469,58.373361925774624,26.76513275578885
W_1115576769,58.37336332618728,26.75224185335611
W_2408301525,58.373369820661715,26.725346179298274
W_12071386787,58.373374972010794,26.717758994500336
W_1974343647,58.37337712213774,26.69094707960691
W_6690693930,58.3733776965464,26.723371672256352
W_6173231935,58.37338010041857,26.76534616690252
W_9807250907,58.373380607780895,26.763911619145382
W_6694407890,58.37338099820146,26.73456695353987
W_9807250908,58.37338345536492,26.76394596354716
W_12070368101,58.373386364062334,26.712462653244653
W_cluster_12046499121_6691185864,58.373386572289725,26.70806805712497
W_2408301521,58.37339163413372,26.72542448163219
W_6111668703,58.373393117502054,26.761453097162907
W_6793555748,58.37339877627379,26.75194943011264
W_11748510753,58.37339898288324,26.765602997977233
W_11742308421,58.373399906071214,26.772086567568657
W_11980756987,58.3734042591716,26.71569113810089
W_6113585125,58.373413734181106,26.777965019577792
W_12070368164,58.37341958879131,26.710386552889847
W_11730662435,58.373420910134584,26.77671968442384
W_11748510755,58.373422468051025,26.765921345325417
W_cluster_12147662122_330041016,58.37342785329071,26.693970799796265
W_6694556840,58.37342976283042,26.72607555350643
W_1404484707,58.37343256622777,26.764472713060783
W_6694407886,58.37343646476291,26.733985092864593
W_564647949,58.3734388071782,26.706009574299927
W_6173231865,58.373439264875636,26.756102340723157
W_cluster_12070376269_12070376270,58.373440466190814,26.709848703551362
W_6690644583,58.37344246335901,26.72571489455103
W_333238620,58.37344275021899,26.715632701157897
W_7913959366,58.37344308906134,26.772379318930977
W_6173231638,58.373445957267116,26.76093831412447
W_11748510757,58.373447059842164,26.76625592722071
W_6111668695,58.37344991730802,26.764677239692812
W_cluster_6111668259_6113530201,58.373449931009,26.77077667178811
W_6111668709,58.37345063226305,26.762921961805727
W_4813097784,58.373453332896084,26.730667603569497
W_11730662439,58.373454320115606,26.77863339919634
W_7913959368,58.37345593401371,26.772531734852556
W_6113585114,58.37345954761028,26.77714188892579
W_3773486939,58.37346029920185,26.747126310504875
W_6173231921,58.373462587086195,26.76482708960779
W_564647951,58.37346316973549,26.705550164985016
W_cluster_12091557870_6694298452,58.37346400900741,26.71998216964401
W_6111668690,58.373464618157065,26.767019672300197
W_11730662440,58.37346532082747,26.778814379704844
W_12070368093,58.37346987188103,26.713014013578416
W_6113530222,58.37347001321466,26.77125865628525
W_11748510758,58.37347229285734,26.766597856740166
W_cluster_12070368104_12070368105,58.373476881396456,26.712735286901236
W_4812043085,58.37347753336007,26.74862672800075
W_6111668693,58.373480409745795,26.767159073817446
W_6139477611,58.3734816614116,26.769190444815997
W_cluster_11730666977_6113530326,58.3734828123457,26.77427110752092
W_332625645,58.37348286169044,26.715575960680173
W_6111668701,58.373484075959524,26.76332794507179
W_11362622116,58.37348437632864,26.70700368784829
W_11980472591,58.373484722657025,26.710712216870444
W_330045532,58.37348602923406,26.690372887700633
W_6113530230,58.37348839885111,26.771646451801878
W_7913959365,58.37349116567104,26.77295019594387
W_6694407891,58.373491548782745,26.733393317382447
W_11730662438,58.37349286890017,26.779268284358682
W_13686909494,58.373493691237634,26.715558777235554
W_5734019052,58.37349552121155,26.717399864307556
W_6111668689,58.373495685116346,26.7669158640862
W_377125661,58.37349726610262,26.776263757328856
W_6113585113,58.37350173577127,26.777127433049042
W_12090835304,58.37350560499944,26.72039847732513
W_333238644,58.37350649213759,26.71553952635908
W_cluster_2931311977_6687618438_6690693931_6843036973,58.37350663707134,26.722940007136856
W_6111668696,58.37350694933366,26.7636037260303
W_1900966620,58.37350756137401,26.691218796735114
W_cluster_6111668258_6113530211,58.3735105942169,26.772005501389266
W_6139477613,58.37351077322791,26.76954602847452
W_8154398184,58.37351142426992,26.69545814125341
W_6113530325,58.37351351415669,26.77482380535489
W_6111668704,58.37351610570243,26.76142132293613
W_330045587,58.37352217382159,26.699208985122645
W_cluster_1286291357_330045018,58.37352305723072,26.72522565641891
W_6843036968,58.37352329974722,26.7207694985269
W_11748510752,58.37352483148012,26.765563183959365
W_cluster_10256484617_6111414502_6307706359,58.37352531786347,26.77459002386453
W_6113585121,58.37352591347411,26.777861224352847
W_13506359465,58.37352888441141,26.730889109122003
W_2931312108,58.3735333848471,26.722807471938044
W_6694401972,58.373534513089496,26.735097154433223
W_12046322382,58.373540985870946,26.71558198962594
W_6113530324,58.373541614993876,26.77481730072599
W_13686909495,58.37354190966598,26.715553089387786
W_12046322383,58.373541947843194,26.715529838065425
W_6770103901,58.37354341971817,26.72689341595306
W_13506359466,58.37354442764448,26.73093429605957
W_9269801677,58.37354651724784,26.777106464192425
W_11755400485,58.37354840461499,26.77489880683837
W_8145243496,58.37355179871493,26.718934152643765
W_11748510754,58.37355182076286,26.765882193059856
W_6173231859,58.37355292933383,26.755703212360054
W_6694401968,58.37355398697268,26.735480479135074
W_8145243490,58.37355426251156,26.71854279786565
W_6173231860,58.37355953613198,26.756720568588513
W_8154476081,58.373561191118085,26.71380637167806
W_6173231934,58.37356660139422,26.766057503372725
W_12070368098,58.37356917493138,26.712358588166246
W_564730130,58.37357193077632,26.70348419013556
W_10881110968,58.37357251851763,26.71933113604536
W_6691185829,58.37357391484457,26.70719664742835
W_330045596,58.37357659909036,26.699360679649654
W_333238651,58.37357892894324,26.716005160994737
W_11748510756,58.373579362493096,26.76620906329852
W_11730666974,58.373580626316844,26.773764773830585
W_6694407888,58.373582324740546,26.73441755848662
W_cluster_330040598_6173231664,58.37358383349175,26.760991406107795
W_6113530238,58.37358551356584,26.773328615402843
W_329983492,58.37358682966558,26.747936455576625
W_cluster_1244148817_6111528444,58.373589187890886,26.75311286727387
W_9807250871,58.37359147856352,26.77340038171527
W_6173231922,58.373595455973174,26.764404439198394
W_6694401970,58.373599312678714,26.735030847898617
W_6691185865,58.37360110050797,26.70761665099529
W_6173231808,58.37360122044283,26.760346585733306
W_6113530187,58.373603355713435,26.761876693370755
W_1900966623,58.37360387821301,26.691419350785317
W_11730662433,58.373605163344905,26.77653747051433
W_6173231932,58.373608094348775,26.766548748434882
W_11980472615,58.373612917870275,26.712119908817943
W_6111668700,58.3736129566809,26.763276818967
W_6113530188,58.37361646545187,26.76201987241062
W_12042126963,58.373618956072804,26.71595081489116
W_7913959367,58.373618979844665,26.77249837362186
W_6173231923,58.37361980672368,26.76460567182485
W_6113530460,58.37362092859146,26.77375066786898
W_329983491,58.37362201669326,26.74829129592699
W_8154319198,58.37362345685384,26.68408722055399
W_cluster_12070368099_12070368100,58.37362571934837,26.712621070349606
W_cluster_12147662123_8154398183,58.37362713506107,26.694037802083553
W_6098933932,58.37363021047393,26.707306281839752
W_6111528442,58.37363242799897,26.75299323272413
W_6111668699,58.3736328333879,26.76363211896643
W_13686909491,58.3736345370993,26.715929661146134
W_6111668688,58.373635449459556,26.766872714557536
W_332236881,58.3736368143952,26.75579597875145
W_1115576860,58.37364069942041,26.75220708432437
W_1258214462,58.37364217364845,26.747762874791295
W_11980472592,58.37364432443736,26.711149604064506
W_6113530237,58.37364808525767,26.774074298950193
W_564730133,58.37365158784363,26.703402485055662
W_6694407885,58.373653258398505,26.73432094393212
W_6694401982,58.373653357455375,26.73462867796234
W_6111528441,58.373654351635665,26.753650605753144
W_6173231933,58.373656728004434,26.766031091423834
W_8132449091,58.373658832686026,26.749248601484965
W_6111668698,58.373659712242265,26.763110329222815
W_cluster_291620209_291620217,58.373659718850746,26.707720967070667
W_6113530212,58.37366170359334,26.772887211782344
W_11750789201,58.3736629235505,26.753811251889715
W_4645320968,58.373666789158186,26.707867424762767
W_2167263371,58.37366967554003,26.754146806660632
W_cluster_330040622_6173231663,58.37367654392128,26.76052165482606
W_6694407893,58.37367689557516,26.733636568832637
W_564647958,58.3736777960925,26.705965700538293
W_6690693934,58.37367799131956,26.72334897761978
W_11750789199,58.3736790502651,26.75411767762019
W_cluster_11129640191_6111668650,58.37368073803749,26.767082017391896
W_8132449078,58.37368216299476,26.75084831531942
W_11730662437,58.373684266383194,26.779216484000294
W_8145243491,58.373685495697806,26.718466699780112
W_4645292087,58.373691978541856,26.707177376346657
W_2296334258,58.373692113312494,26.684284412676988
W_6113585115,58.37369211994554,26.77685525525312
W_8132449086,58.37369265097595,26.750192253079355
W_6113585117,58.37369436780569,26.777114593025317
W_6173231929,58.37369465091752,26.76653467067864
W_8132449083,58.37369590927061,26.750804451682892
W_5352317058,58.37369980911535,26.768585176375396
W_4596294167,58.373702776204055,26.702973277333268
W_6173231858,58.37370588245641,26.754293070909895
W_1900966627,58.3737069195248,26.6912423580629
W_6113530209,58.37370725580383,26.773301677307153
W_377125654,58.37371387160962,26.776813060849015
W_6329096544,58.37371472324139,26.700620708508637
W_cluster_1404465248_5352317056,58.373716802446914,26.768148252434244
W_cluster_6694377386_6694377387,58.373721102800296,26.736380209342805
W_333238608,58.373721450735715,26.71640338839763
W_6694401983,58.37372229941224,26.734524385210403
W_cluster_6694401967_6694401974_7139926758_7139926759,58.37372438739676,26.73601261204052
W_8154319197,58.37372817691481,26.68441299779468
W_6694401969,58.37372881691223,26.73485241642483
W_9269781360,58.37372955010877,26.77114123431427
W_2138684123,58.37373076606653,26.74841959944093
W_2931311983,58.373737789489944,26.722136886019456
W_cluster_12070376283_12070376284,58.37373797222795,26.710539521992676
W_cluster_10881110961_10881110962,58.37374293879932,26.7193903043149
W_1900966628,58.373745509340445,26.691714224950736
W_cluster_330293771_6173231633,58.373746284569265,26.759873399541338
W_11750789200,58.37374646155963,26.75390965831664
W_6694377333,58.373746780172006,26.73029266574295
W_1244148818,58.37374731637147,26.752674778633203
W_1381975303,58.373750520287324,26.727941707567783
W_330043460,58.373751087849435,26.7254716112045
W_6694407896,58.37375292084505,26.73348366683109
W_8132449089,58.37375589123173,26.750935329322388
W_4645320961,58.37375637240311,26.707883609923083
W_1199475085,58.37375960412463,26.77713196196312
W_cluster_2167263442_2167263474_6111528447,58.37376234237736,26.753714135709583
W_cluster_6843036970_8538627047,58.37376324850516,26.722114460533668
W_6173231880,58.37376326399459,26.75475615594741
W_11980472700,58.37376501506766,26.712977766518495
W_7910478170,58.373768527171755,26.711941693354717
W_12042126962,58.37376889891124,26.716333767143887
W_cluster_6173231881_6173231883,58.373769448840235,26.760252611691737
W_12071386769,58.37376953206376,26.718411663810127
W_332236883,58.37377781404616,26.754709210801906
W_12046322377,58.37377818543698,26.71630924470258
W_11226488596,58.37378009356943,26.778380896715333
W_5352317060,58.37378051621117,26.768316234270685
W_13686909492,58.37378107539334,26.716316402018933
W_6690693889,58.37378339669111,26.724414458044667
W_333238640,58.37378438639998,26.71631090458355
W_13686909493,58.373788028641215,26.716292753113503
W_12071386686,58.37378967519549,26.719446009680315
W_6694377343,58.373789763505854,26.73147130861401
W_8132449093,58.373795387827336,26.74922079143891
W_11978193616,58.37379592504545,26.70785900609927
W_6694401971,58.37380088688219,26.73556582348994
W_1404484706,58.37380186673994,26.763000472338398
W_cluster_11980472708_11980757033_11980757036,58.37380208329213,26.71252577700821
W_6690693936,58.37380536574677,26.723730770444856
W_cluster_12071386629_8145243489_8157388635,58.37380539953253,26.71957205675497
W_12046322378,58.373806013497784,26.716262006105527
W_6694377337,58.373806574149555,26.73225077913106
W_cluster_330045598_330045604,58.37381242388184,26.700420536169297
W_330043644,58.3738139370255,26.6962958270598
W_9269781358,58.373814069852436,26.77084167051294
W_10881110958,58.373814760444226,26.71851661775393
W_11742313204,58.37381737614275,26.770430992717024
W_6694407895,58.37381949743884,26.733710718730308
W_6173231845,58.37382295304822,26.759472309073043
W_cluster_11978302913_8157381577,58.373826427852144,26.71093150371912
W_4812043097,58.37382815226849,26.74879896049186
W_12090835282,58.373828577663744,26.722005555366323
W_4712105364,58.373837047682734,26.768138402657435
W_11742313205,58.37383751148813,26.770741162422066
W_cluster_6111414492_6111414520,58.37383858316612,26.771743520023346
W_330284774,58.37383988751689,26.748920774844205
W_cluster_1404484660_6173231918,58.373846408229994,26.76435968362376
W_8132449084,58.373847920973716,26.750319550250452
W_330040540,58.37385398033335,26.73522400976194
W_6173231931,58.37385573102289,26.76680355986978
W_6690644576,58.373858063777035,26.72451200974786
W_4645292083,58.37385897295364,26.70691424571534
W_cluster_1199475086_6113530378,58.37386007400034,26.77809539744906
W_329983490,58.373860909520516,26.748282756302455
W_12071386593,58.37386769163489,26.71918483999791
W_1900966631,58.37387158793133,26.690959340249364
W_cluster_12071386869_330046283,58.37387223144372,26.716881564428636
W_6113530330,58.37387266949715,26.776249071879544
W_11808943294,58.37387396932432,26.75605352292547
W_6694407897,58.37387517204721,26.73275665743312
W_11978193618,58.37387565862365,26.707809622127673
W_12085028118,58.37387591340125,26.71965800562865
W_8132449088,58.37387652037493,26.751077405929337
W_6173231839,58.3738781971444,26.759189499489587
W_4393475335,58.3738815154111,26.735553252807396
W_11978193615,58.3738851651149,26.7079610185915
W_1381975312,58.37388581756966,26.727958104717462
W_12046322415,58.37388597115614,26.715502450645424
W_11226488602,58.3738914237115,26.77835711852225
W_6111528443,58.373892762775306,26.753065270433414
W_564647961,58.373897604819874,26.705665709006226
W_11978193617,58.373897695817085,26.707941937941776
W_6694377331,58.373900221808164,26.730096765914563
W_330284776,58.373900789083045,26.749199185984377
W_2271652454,58.373900808622096,26.706984678422053
W_8132449079,58.37390085220133,26.750150605032047
W_12090835281,58.3739015854609,26.72187573165078
W_6173231828,58.373903032321444,26.752429722305376
W_11978193620,58.37390328274939,26.70779246824494
W_6113530329,58.37390337541804,26.776139972987092
W_9026473169,58.373904724597914,26.751402211557476
W_11756612043,58.373906327936176,26.76179310226864
W_12046322412,58.373906671488925,26.71556212183597
W_6173231832,58.373907188328914,26.752535349496785
W_11748510694,58.37390818038217,26.765130665114757
W_cluster_4812389444_6173231630,58.37390950564767,26.759074226860683
W_12071386706,58.37391356741182,26.71872543421303
W_11730662436,58.37391620430174,26.778715818229227
W_6173231877,58.373918866888324,26.755012891539042
W_11805735496,58.373919567244656,26.691264606827673
W_6173231882,58.37392028626927,26.76065660454054
W_6173231829,58.37392097821339,26.752885902070638
W_12046322416,58.37392194840276,26.715606278894384
W_11756612044,58.373926954171885,26.76206616522747
W_8145251881,58.373928503640165,26.701128716557786
W_2167263489,58.37393128929991,26.753389321903533
W_cluster_11778800270_6113530202,58.373936762174914,26.773266525394313
W_7079769915,58.373938775990176,26.707052407906847
W_6113530332,58.37394000164024,26.777366072329567
W_cluster_6690693935_6843059309,58.373940319079125,26.723878968376845
W_11748510697,58.373947705039704,26.76562414944482
W_4812043088,58.373948048499244,26.74888666841162
W_8132449100,58.37395115752525,26.750385326501664
W_8157388637,58.37395628914714,26.720187702632906
W_6694377336,58.373956695604804,26.732097824927425
W_12046322414,58.37395897218784,26.71541296113578
W_6694377389,58.37396031661775,26.73762185554637
W_6694407899,58.37396152731968,26.73325094902459
W_11978193619,58.37396204834308,26.707843272104792
W_6694377335,58.37396497921171,26.731207374926512
W_3389471004,58.37397137664042,26.727983774938995
W_12070376271,58.37397280207252,26.70980808944131
W_11805735495,58.37397435569921,26.691153171637914
W_330046272,58.37397623013499,26.722998387049838
W_cluster_1315552285_324550940,58.37397629014348,26.689501455854682
W_12046322413,58.37397741087798,26.715465299086603
W_6687618435,58.373980663960566,26.72309665742218
W_2408301535,58.37398180623045,26.722877299833936
W_cluster_2167263431_2467752497,58.3739842701084,26.752964445571493
W_cluster_330040580_6111414494,58.37398984165203,26.77362110862744
W_11362622115,58.37399392529644,26.706190797182984
W_12046322417,58.373994222259995,26.715512863153013
W_6111414490,58.37399571363144,26.77141510704863
W_330284786,58.37399723591867,26.748824771476293
W_11978193657,58.37399957124372,26.711838769951697
W_cluster_330284779_330284780,58.37400098341962,26.750051763198357
W_1404484722,58.374004506086415,26.766332936813725
W_1900966634,58.37400954880585,26.692079669620124
W_6111414500,58.37401206722467,26.774255076486916
W_6694401981,58.37401599627632,26.735348797810722
W_7076150137,58.37401880823228,26.706427548848982
W_5380443421,58.37401925908722,26.70717381044795
W_6113530333,58.37401928726835,26.777560473412713
W_12070376290,58.37402068551364,26.711403319190136
W_6694407898,58.374022172864144,26.73308807411333
W_cluster_12042126959_12042134077_12042134080,58.37402259779544,26.71709150272017
W_564730131,58.37402469290601,26.70301929765212
W_cluster_11978207880_11978297184,58.3740248875739,26.71239300536142
W_11805735494,58.37402716181531,26.69148626466918
W_cluster_11832539126_6694377311,58.37402774171942,26.725314054923427
W_12042126960,58.374032083956514,26.71699466021036
W_cluster_12071386725_8145251872,58.37403284006942,26.718315535208706
W_6690693890,58.37403648230281,26.724741593919376
W_cluster_2408301536_8538627066,58.37403899920683,26.72278521385263
W_6770086677,58.37403905243184,26.72247798806449
W_5641443479,58.37404048418594,26.70632325064886
W_6843036966,58.37404375562719,26.721582603607267
W_7079769914,58.374044767689774,26.70733140060644
W_7076150136,58.37404572092813,26.706491950432056
W_8157388638,58.37404635865145,26.720386164783978
W_11226488599,58.37404688956799,26.777628856857245
W_564647939,58.37404790358789,26.70482313454227
W_6173231661,58.37404875625954,26.75890265419591
W_330284782,58.37404897178155,26.749743514867387
W_4387530756,58.37405149589432,26.768568000076048
W_cluster_330046413_4393475336_4393526250_6694401978_#2more,58.374053791410795,26.735601373111603
W_6173231837,58.374054664103134,26.76051977708852
W_11808943297,58.37405665543769,26.755865567793602
W_12070376289,58.37405723297533,26.711360108380305
W_11978193621,58.374057547637285,26.707696819880255
W_7076150135,58.37405935375829,26.706522782067818
W_5641443480,58.37405963265862,26.706291804804764
W_12046322394,58.37406099376157,26.71480315940029
W_6694401980,58.37406151092615,26.735338199112203
W_6173231831,58.37406330655296,26.752731038039474
W_4645292062,58.37407527344977,26.706571717137987
W_12085028126,58.374075801487606,26.719474854611793
W_564647941,58.37407580307441,26.704886671892776
W_4813097787,58.37407593337111,26.732423636948194
W_2408301540,58.374078259808925,26.72341354754722
W_8785143642,58.37408074763169,26.706491317671517
W_12046322397,58.37408390471128,26.714766387838072
W_6694377342,58.374084118582935,26.7310143033713
W_333238628,58.374086255067375,26.71473285954013
W_11226488598,58.37408651911877,26.77805516676178
W_11978193656,58.37408741468926,26.712119976818663
W_8538627067,58.37409112211209,26.72304809266794
W_11805735493,58.37409146909215,26.691374062513486
W_9269781357,58.37409265346719,26.771129480414196
W_6694377332,58.37409311666506,26.730552114037216
W_1381975323,58.374093365068326,26.72799258128896
W_11756612045,58.37409385750157,26.76222523670953
W_8145243493,58.37409568823558,26.718550283622516
W_8157535502,58.374098000357435,26.695000540330888
W_12046322395,58.374098474805585,26.71481567945884
W_cluster_2138684130_377135329_4812043087,58.37409908133186,26.749096909282983
W_2953911117,58.37410077508582,26.72814075176443
W_6113530199,58.37410101529649,26.76274321482776
W_12108529255,58.374101610386546,26.722997233592217
W_11362622105,58.37410191884988,26.705658365918904
W_564647940,58.37410270315382,26.70494525966728
W_11978277010,58.37410383251833,26.71263171557441
W_4387530757,58.37410430605404,26.768368479234656
W_12046322355,58.37410459733102,26.71474177272127
W_8132449101,58.374106211286026,26.749435713019523
W_6843036965,58.37410660373357,26.721489445013358
W_1381692278,58.37410693579314,26.728165836386307
W_6173231866,58.37410788357885,26.756307502606496
W_1423873814,58.37410795319131,26.776230144108105
W_cluster_11978297229_11978297231_5636742469_7910478167,58.37410819235264,26.71165426689134
W_11832539129,58.37410942057955,26.724912504893233
W_11750789230,58.37411160993836,26.751654299018256
W_330045016,58.374112220170865,26.723459784595615
W_cluster_5352317095_8157535501,58.37411262633778,26.69620401649555
W_323378751,58.37411399893454,26.748780345512444
W_1900966646,58.374118717299865,26.691425456440175
W_6098933933,58.374118918395375,26.707197262092567
W_1974343681,58.3741215544589,26.689662939841515
W_1754124746,58.374125033812305,26.722656656500167
W_6173231639,58.37412825232513,26.75790760325368
W_3773486943,58.374129516400124,26.747901299116755
W_8071971058,58.37413179830062,26.735754659116374
W_330809499,58.37413197307962,26.750347804912778
W_1404484736,58.37413431086695,26.762923189438894
W_6690693891,58.374136254878714,26.724819290478713
W_1199475087,58.374137625833704,26.77815981891986
W_4387530758,58.37413789973505,26.768270637573366
W_12108529252,58.37414060450166,26.722962221891493
W_8145251873,58.374141235467896,26.718065060758523
W_4387530759,58.37414161643752,26.766903569615657
W_cluster_2271652459_2271652461_330041112_6098933934,58.374142133987974,26.707373336055863
W_4812043065,58.374144153733425,26.748311000362264
W_6694407900,58.37414422110214,26.73316887438437
W_6139477612,58.37414456405503,26.769375375788332
W_8154398218,58.37414511973595,26.728340954056463
W_12070376285,58.37414806119416,26.710415974640252
W_6173231893,58.37414861016864,26.75975184519639
W_2467752501,58.374149211317324,26.754245709218914
W_12108529254,58.37414981140082,26.722983349549242
W_1304599736,58.374150189247565,26.725243691145234
W_11226488601,58.374150756287996,26.778273599820547
W_11745972531,58.374151907691044,26.690477670547455
W_4645320960,58.374152062710614,26.70755208466883
W_12042134078,58.374152472542924,26.716726305106114
W_11730666973,58.37415499838255,26.773816490852113
W_564647960,58.37415578550699,26.705062783404976
W_cluster_2271652460_291620207_5641443477_5641443478,58.37415627347028,26.70660489611458
W_12108529249,58.37415698608716,26.72272940840867
W_11808943298,58.3741600874465,26.755846902019847
W_4387530760,58.37416139423724,26.76716057210986
W_6111414504,58.37416290471482,26.775348979465825
W_12108529245,58.374169761272384,26.72302986702036
W_2138684131,58.374170500271326,26.74882986609492
W_1900966693,58.37417418741913,26.69211960939639
W_2167263450,58.37417451134781,26.753203494529767
W_330809505,58.374176088505365,26.75058650409227
W_9269781359,58.374176474011406,26.771594991251412
W_1404484686,58.374177797381186,26.764196766417907
W_12046322338,58.37418128914933,26.714938620083828
W_9807260120,58.37418168441826,26.762848159511655
W_cluster_11990537149_1199475101,58.374186677647536,26.77957169099321
W_967776173,58.374186710309026,26.71499345660341
W_3389471014,58.37418826418949,26.727848752185295
W_cluster_3389471013_3389471016,58.374188717363936,26.72700656822305
W_4387530761,58.374190060933266,26.76825866993682
W_940352625,58.37419075626251,26.723560211363647
W_6694401979,58.37419303638145,26.73561623148832
W_12046322402,58.374193681043344,26.715098886733106
W_8157388634,58.37419483317177,26.683855754283893
W_6139477608,58.37419485563418,26.769871875393576
W_12042134074,58.37419759282886,26.71694426776409
W_11978297236,58.374198323303666,26.712153779801643
W_291538259,58.374200101731034,26.74858175459882
W_2467752502,58.37420066835843,26.722536728479593
W_8538627061,58.374202257394856,26.72310500862793
W_11748510695,58.374202914065165,26.765059294544518
W_377125535,58.37420457995406,26.778028267678987
W_12046322312,58.37420515430716,26.714604358974643
W_6694377314,58.37420728639713,26.725566886935933
W_11978297230,58.374207451967585,26.71209933809255
W_12046322357,58.37420781019184,26.71495003194127
W_11756612037,58.37421116535133,26.762278302031145
W_12090835272,58.37421196385397,26.721740277657776
W_2463244122,58.37421591362177,26.71455571759022
W_6173231890,58.374216458327254,26.759054525273918
W_cluster_11750773558_6111668715_6173231892,58.37421695835741,26.758652238056026
W_11978297238,58.374220366380385,26.712290715559927
W_11808943308,58.37422111032576,26.756149774903243
W_12046322401,58.374223149421084,26.71518361965155
W_cluster_2138684133_377135357,58.37422321243108,26.74836736928326
W_8157388633,58.37422391365395,26.683993293498578
W_12046322335,58.37422575831218,26.71462060542549
W_330045589,58.37422585987332,26.702198163984622
W_333238634,58.37422865106477,26.715113137055322
W_4712105365,58.37423247843066,26.769067917600115
W_11748510696,58.37423873063019,26.765538617290535
W_1149802888,58.374239033662214,26.71461280474905
W_cluster_6111414506_6113530200,58.37423963110505,26.77059921686383
W_1900966700,58.3742404253087,26.689903814421623
W_566152601,58.37424231254855,26.702282482989254
W_11269053096,58.37424255264043,26.72689690477034
W_12108529253,58.37424327465259,26.722925685210566
W_12046322334,58.374243304896666,26.714675515061156
W_4952639899,58.37424439586066,26.70731726723874
W_12090835274,58.37424451595439,26.72105615459181
W_12046322330,58.374244890375856,26.715064964522604
W_11778784664,58.37424642508726,26.77320384611837
W_2953911119,58.37425059085243,26.728099935308997
W_11269053095,58.374252410554014,26.72692879938401
W_11755456578,58.37425294834221,26.77066307189489
W_6173231830,58.37425416802323,26.752965465845413
W_1149802891,58.37425469264014,26.714505824077982
W_12046322333,58.37425746238895,26.715104356518065
W_11155591173,58.374259189314124,26.73611889167218
W_9269781356,58.374260202046166,26.771304149162194
W_330036700,58.374261506982045,26.72296708722892
W_6694401984,58.37426272051374,26.73383201462887
W_cluster_10881110960_12071386716,58.37426335835282,26.719115874592088
W_11755456574,58.374265354218096,26.770819938668225
W_6691161664,58.374268276088266,26.70594010194294
W_12046322308,58.37427070051373,26.714515097970235
W_cluster_332236879_6173231626,58.37427103796179,26.757469121811766
W_11269053094,58.374272127538426,26.726866757087947
W_cluster_330041832_330041868_330045543_5969593217,58.37427275931067,26.712184289650192
W_377125217,58.37427501619625,26.775412550394925
W_3389471022,58.37427517077093,26.72770549677489
W_11155591172,58.37427733531463,26.73607686935364
W_1900966708,58.37427802377272,26.69026080579868
W_12091548990,58.37428270338269,26.722717993332523
W_11978297242,58.374283248972084,26.712335851930725
W_11269053093,58.37428361779,26.726905990683726
W_1900966710,58.374284582889544,26.691117293553194
W_11978297232,58.37428731300057,26.71202602670119
W_11155591162,58.374289076692115,26.736108581520554
W_11745972533,58.374291126691396,26.6910002948491
W_11755456581,58.37429779042419,26.7712290225796
W_11269053092,58.37429882436328,26.72683475095927
W_4645292048,58.37429920236698,26.706540452000013
W_11978277011,58.374301416788086,26.712386994197015
W_11155591171,58.37430309226154,26.73602350634297
W_6173231888,58.37430476986262,26.759544597951194
W_6770103910,58.374304880012716,26.72638967715516
W_2296334270,58.37430664960477,26.683781238328862
W_1900966713,58.374307885786685,26.691618707751534
W_8145251874,58.374309375937656,26.718271615639157
W_6111414517,58.37430988163758,26.770356843045743
W_11269053091,58.3743104898783,26.72687193161624
W_cluster_2110239085_330043535_5032999321,58.374310874688746,26.780031500786485
W_12071386729,58.37431589263291,26.718008616344015
W_11805735489,58.374315933658245,26.69175318877301
W_564647959,58.37431656677439,26.705106577249293
W_12046322390,58.37431764998532,26.71555385684389
W_12046322389,58.37431871239176,26.715506490407236
W_4952639901,58.37431898494816,26.70745359435275
W_3389471028,58.37431941905661,26.7275220502429
W_cluster_11155591153_11155591154,58.374320680091444,26.736408221675365
W_7058115799,58.37432195559329,26.720570167954243
W_11269053097,58.3743225982569,26.72690620243651
W_11978297249,58.37432415779388,26.71327618027212
W_cluster_4645376416_4645376417_564642416,58.37432485211218,26.703948205295788
W_291620244,58.37432549648883,26.70660930446016
W_3389471029,58.37432571866947,26.727401298940073
W_1250012201,58.37432613158273,26.722822797438905
W_11809179091,58.37433034977203,26.68392224537438
W_12085028164,58.37433091254664,26.719859899685613
W_6111414521,58.374332708226376,26.771670574903403
W_12046322331,58.37433317854676,26.714943550039713
W_11269066299,58.37433363280955,26.7273639670818
W_3773486945,58.37433380429101,26.747788371736217
W_11809179086,58.37433450697915,26.683278173988857
W_6113530193,58.37433551561398,26.761674465522127
W_12046322369,58.374336999340834,26.715530962507422
W_11978297247,58.37433714873478,26.713904379381116
W_12090835271,58.37433725284763,26.721779810628064
W_6694377346,58.37433733379431,26.73076960328305
W_6691185815,58.37433789469441,26.70606244826415
W_6113530198,58.37434020652228,26.76173375941881
W_8785143640,58.37434167537652,26.706379390159608
W_11219743684,58.37434612488793,26.771840942239773
W_12046322332,58.37434781974602,26.714984464111993
W_cluster_11755456575_11755456577,58.37434919862833,26.77074553736911
W_11978288865,58.374350055771465,26.71437546069978
W_6694407905,58.3743516946394,26.733427349313867
W_4645292067,58.37435257633349,26.706041468167587
W_1900966741,58.37435288830978,26.690132095195622
W_330041583,58.3743540326355,26.680543886595586
W_1543217449,58.37435419467325,26.714943209597408
W_4813181286,58.37435701304354,26.67929254822886
W_332646532,58.374358849577504,26.707015417042424
W_9269781395,58.37435981533124,26.772013872443218
W_6691185812,58.37436002762253,26.70639240220698
W_cluster_11269066312_3389471031,58.374360411475706,26.72656978872725
W_6111668627,58.374361006701285,26.76683818127501
W_333238610,58.37436169139381,26.715527686388217
W_12046322329,58.374362310796094,26.71548305893443
W_12046322374,58.37436311052539,26.715600507045256
W_6113530191,58.37436353133455,26.76292917467209
W_11269066298,58.37436568529132,26.727231904118387
W_330042751,58.37436602960933,26.69800298088571
W_7058115814,58.37436698637922,26.721038604334538
W_377135367,58.374368252311214,26.748178272965887
W_4795321350,58.3743690320435,26.758327217145244
W_11730662467,58.3743710291851,26.77393205000155
W_12046322324,58.37437112263756,26.71552795242474
W_329983481,58.374371349510675,26.74916165395078
W_6691185814,58.3743746594028,26.706428012870056
W_6341681833,58.37437535265389,26.768856352806754
W_11269066314,58.37437730526774,26.726615819226218
W_4645376412,58.374377874398334,26.704078209406486
W_12071386864,58.37437828497732,26.718158398941405
W_11990537146,58.37437880536104,26.779631015257976
W_11730662468,58.37438056064472,26.774141936586386
W_4712105382,58.37438237660245,26.770214298442156
W_12091655519,58.374382988238445,26.722948867468176
W_6341681831,58.37438478314022,26.76845845069466
W_11269066331,58.37438760626144,26.727150354503184
W_11219743685,58.37438943687431,26.771651060161705
W_11756612036,58.374390063972825,26.762367540572967
W_6111414519,58.37439176856136,26.770292882268713
W_11755456580,58.37439509593158,26.771198473592577
W_11978297241,58.374395165647826,26.71221868327543
W_12046322325,58.37439588813008,26.715598191724165
W_2953911121,58.374395982984765,26.72800615264403
W_4645320967,58.374396911129224,26.706731808360704
W_13689331756,58.37439858469164,26.73585815166651
W_9269781396,58.374398682041026,26.772505836195666
W_6694377329,58.37439888206775,26.729885404043404
W_6139477518,58.374401658589484,26.767115392890545
W_297304689,58.374402110222945,26.749413441465098
W_8153886358,58.374404619302815,26.72894486837662
W_6690693893,58.374408467611566,26.724309397980985
W_4712105363,58.3744094571369,26.768643275610977
W_cluster_11269066330_11269066332,58.37441246090251,26.72718110777084
W_11219743682,58.3744185584932,26.771461611295145
W_6113530197,58.37441876149186,26.762731678972017
W_330043476,58.374419005904905,26.688729921827267
W_11750773557,58.37441917605823,26.758484335229745
W_6430999631,58.37442425777844,26.733121625116507
W_7058115804,58.37442600008822,26.720875890379777
W_8145251875,58.37442641460986,26.718071505588675
W_11755456576,58.374430008137466,26.770731848800537
W_377125090,58.374430102473596,26.772902278120437
W_4812389438,58.37443328566785,26.755835953789937
W_11269066329,58.374433750377776,26.727140424143915
W_11755456573,58.37443376764297,26.770774908183657
W_6113530192,58.37444037748335,26.763006791400898
W_12046322297,58.374442533850456,26.714280510255193
W_6113530377,58.374443478166555,26.77745248824864
W_12070376323,58.37444360310802,26.708497005055634
W_330036663,58.37444865401871,26.715820367178956
W_11269066322,58.37444946517148,26.726801957839097
W_3389471045,58.37445489400002,26.72719992865818
W_330043104,58.37445603047149,26.729386938510334
W_11752412623,58.37445612488789,26.767828994145855
W_cluster_6139477607_9269781385,58.374456613232745,26.769891371272195
W_330043464,58.374456969016165,26.725061961517888
W_11805735487,58.37446189913352,26.691535470495406
W_330042685,58.374464410385585,26.69973592608938
W_1900966756,58.3744648065204,26.69065547293168
W_1900966757,58.37446535049007,26.690360206457964
W_6111414505,58.37446709604019,26.7741153966239
W_11269066321,58.37446809693404,26.726778562227107
W_11755456579,58.37446879700855,26.77117748045243
W_12046322327,58.37447162802715,26.715366946733187
W_11805735488,58.374472126392526,26.69171712024558
W_12047921694,58.37447367991423,26.707389055976112
W_6694407902,58.37447655698065,26.7332205625311
W_12047921742,58.37447669455445,26.707450579473626
W_1974343682,58.374481030710385,26.692656682995572
W_6173231979,58.374482629380104,26.763513598044867
W_564647943,58.37448919566286,26.703706789812554
W_8164732891,58.37448996057824,26.713759358560946
W_333238616,58.37449448279714,26.71417562893473
W_333238611,58.374495058878196,26.715361970962505
W_cluster_332236880_6173231625,58.374498129165765,26.756731034813903
W_2167263468,58.374501879388454,26.750740128000118
W_13686909490,58.37450279643543,26.71419830045655
W_11269066297,58.37450325649881,26.727303845858366
W_6694377382,58.37450470931128,26.735100654843983
W_9807234921,58.374506017896245,26.727968889806014
W_11755400484,58.37450654891963,26.774638818459483
W_12047921412,58.37450839930808,26.70741116539348
W_12046322277,58.37451398962982,26.71418316476853
W_6113530194,58.37451808398985,26.763939583512265
W_330046415,58.374518948335044,26.737041889100162
W_12046322298,58.37451940014477,26.714112340234628
W_6113530344,58.374519561708695,26.778806244430516
W_cluster_4813181429_6304257980,58.374519658865886,26.687352911924528
W_377125183,58.37452102366752,26.774595984245796
W_9269781379,58.374521552933345,26.769593293671797
W_cluster_9269781386_9269781388,58.374521749220186,26.771658924798913
W_6694377344,58.37452512385253,26.73166148080537
W_12046320565,58.37452517463197,26.715293512189202
W_1900966771,58.37452719071264,26.691384448654972
W_6173231824,58.37452723720637,26.751124968882166
W_12046322303,58.37452806045897,26.71412936700588
W_4813097763,58.37452932229411,26.732294372529214
W_1974343684,58.37453218067266,26.693424911707307
W_cluster_11269066308_3389471053,58.374532729962695,26.727436973575372
W_3389471051,58.37453844885046,26.72649626303793
W_3389471052,58.37453875105458,26.72693257127777
W_3389471054,58.374541368205705,26.72689630582192
W_12046322301,58.37454187518052,26.71408155515859
W_297304680,58.37454200169968,26.748613174504
W_1381692280,58.374544887750645,26.72927341931209
W_10256484612,58.374545604527114,26.77422277565724
W_8996770355,58.37455121319971,26.726711584152902
W_2953911124,58.374552999415904,26.727845773117867
W_6173231833,58.37455332236322,26.761098031808036
W_9269781380,58.374553854158016,26.76962522509798
W_cluster_330040594_6139476466,58.374558100942046,26.76125238360006
W_6430999627,58.37455972269774,26.73291715027053
W_6694377385,58.374560051260524,26.73558630255085
W_6694377328,58.37456084924641,26.72964395609094
W_6113530186,58.37456091851965,26.761607807029645
W_7058115844,58.37456127469232,26.72063426989644
W_8154398196,58.374564558909526,26.712939474364067
W_6694377310,58.37456621305459,26.72633328646372
W_7058115809,58.37456962097051,26.721290893103454
W_12070376327,58.37457138330604,26.70919606679662
W_12070376325,58.37457568409284,26.708283060200436
W_cluster_11155591159_12003581828,58.374576441768525,26.73704744529656
W_9269781402,58.3745775735872,26.77264573351802
W_8154476074,58.37457887391011,26.71363690909254
W_cluster_4645292033_4645292070,58.374580668808385,26.706141639517583
W_6304257977,58.374581136211454,26.686929391932733
W_7040952810,58.37458233139708,26.76937884550996
W_11219743680,58.374584223280365,26.774476587497077
W_6173231980,58.3745877875604,26.7636023108514
W_9269781403,58.37459029613768,26.771769611261934
W_1900966812,58.37459288403854,26.691102118862077
W_11756625826,58.374594371694,26.76616165982606
W_4645292046,58.37459492927478,26.707113134953016
W_566152579,58.37459928189078,26.7021071401895
W_6694407901,58.3746018897937,26.73302419980116
W_6173231985,58.374603870334404,26.762101615459084
W_7058115843,58.37460610956343,26.72072435787559
W_3904149242,58.37460659922306,26.714026492684113
W_11752412630,58.37460782802915,26.767782007318093
W_1900966814,58.37460783122669,26.691453157893587
W_1900966815,58.37460852625477,26.690996323529514
W_7058115823,58.374608976014535,26.720144752098157
W_11219743683,58.37460949483965,26.771404812191083
W_cluster_12042126955_12042134088,58.37461058231566,26.71841881246959
W_12947418874,58.37461128747153,26.76780762982225
W_6139476467,58.374613227628764,26.759848361922824
W_10610798999,58.37461390790859,26.695418039609663
W_4822602125,58.37461508944194,26.769415048020512
W_6173231855,58.374618610782164,26.755336813990123
W_11805735482,58.37461892985284,26.691437160926036
W_6111668655,58.374619102674274,26.76227555864507
W_12070376326,58.374619430498626,26.708167466339418
W_13387437242,58.37461952440313,26.726567271527866
W_7058115842,58.374620061066565,26.720532249994072
W_6111668683,58.37462061385426,26.766465809724888
W_12042134081,58.37462076386709,26.717739815262494
W_6793570692,58.37462472528865,26.747564550040657
W_2463244124,58.37462710827792,26.715573250658124
W_11805735486,58.37462803505031,26.69174961234957
W_12071386861,58.37462818716618,26.71870538654184
W_11978297220,58.37462870295024,26.712866291797678
W_6780843458,58.374630278215264,26.735364544026623
W_9269801620,58.374631650069816,26.77254878863653
W_5636742472,58.374632529384854,26.710377128174354
W_7884736163,58.374632532756195,26.735368972329013
W_11805735485,58.37464150138105,26.69174710135554
W_1404484717,58.374643734351395,26.766733051502058
W_1340940388,58.374644774742066,26.75919026115562
W_1423873816,58.37464592622998,26.777403000618666
W_7058115810,58.37464661380907,26.72150690332872
W_1900966827,58.37464675553717,26.692027102520687
W_12070376331,58.374647384358454,26.70971826394535
W_9269781339,58.374648486127086,26.77156219287051
W_cluster_11269066315_11269066317,58.37464965345377,26.72650224135882
W_6139476460,58.374653933575225,26.76105939683934
W_10685155950,58.37465662686319,26.711065080036363
W_7058115845,58.374658328682216,26.72152476274771
W_6111414489,58.37465881639732,26.769108558334953
W_11980335412,58.374659535847826,26.71513052260178
W_2167263385,58.37466046547709,26.75486738670123
W_6139476462,58.37466433659836,26.76090665165223
W_9269781382,58.374665006486275,26.770103212359597
W_324550993,58.37466640295321,26.692391608107396
W_564642432,58.37467306802246,26.704531712227737
W_12091548993,58.374673316714215,26.722139961301753
W_11980322911,58.374673926464894,26.71208664846856
W_1974343687,58.37467692347136,26.69258368570766
W_11331190096,58.37467739644089,26.770200754798232
W_297304675,58.37468083245384,26.748555083662687
W_12042126968,58.37468215228376,26.717230521780287
W_11752412612,58.37468358385586,26.768549158442244
W_2946341266,58.37468742973403,26.69943244237145
W_6113530355,58.37469102924271,26.77922831858566
W_11331190094,58.37469298942986,26.770131240183876
W_1304599737,58.374694165868235,26.724265111428195
W_6139476452,58.374694172886805,26.759859779802795
W_3389471076,58.37469961017966,26.727016471142242
W_12071386619,58.37470475381563,26.718888910803184
W_3389471077,58.37470665748569,26.727373399789943
W_7913959380,58.37470695247708,26.7780998263265
W_11752412632,58.37470743050206,26.768127393575657
W_1404484718,58.3747082973476,26.763298206464523
W_cluster_10610798998_6780572955,58.374709150695026,26.69437823951658
W_cluster_3904149244_5969593215,58.374711023162526,26.71344965327895
W_4812389436,58.37471150314657,26.755066895248987
W_6843036960,58.374712496312114,26.7222319765685
W_4813097761,58.374712806106125,26.73289205797572
W_cluster_6694377306_6694377308,58.37471540494312,26.726252972804563
W_940352830,58.37471837225353,26.724161315405716
W_11990537139,58.37472339689479,26.77971759977122
W_9269781407,58.37472412770366,26.771773192358918
W_cluster_1258704941_1258704942_330044047_330046281_#1more,58.37472618896788,26.71875213606599
W_11752412581,58.374731298837105,26.768561839648005
W_297304774,58.37473457566602,26.74967266703831
W_cluster_6430999628_6430999629,58.37473467584277,26.733603465702103
W_10117768800,58.37473532472133,26.727043550379324
W_12042126954,58.37473551784193,26.718624005986626
W_11362622111,58.37473678045541,26.70501365475216
W_6139476447,58.37473848106415,26.761027879974055
W_12071386618,58.37473856408617,26.71890693562021
W_11756625825,58.37473969644983,26.766114194951246
W_3773486957,58.37474106943094,26.747444553835706
W_1900966872,58.37474317475237,26.690221510263406
W_12046322271,58.374744263880295,26.71498331921448
W_3389471080,58.37474597406833,26.72639395654668
W_12085028172,58.37474918878972,26.719451558880788
W_12042134073,58.374749786677334,26.716784776999372
W_7058115827,58.37475080684326,26.72002685728147
W_11978297187,58.374751327718336,26.713640299159536
W_1974343690,58.374753258837366,26.69265517091075
W_11362622112,58.37475807235102,26.704938079607878
W_12042126953,58.37476524895627,26.71862496611001
W_12046320566,58.37477005425754,26.714948917407227
W_11331190095,58.374770884172854,26.76984487353577
W_9269781409,58.37477145792548,26.771519852717535
W_6113530360,58.37477159329185,26.779436568465794
W_1541570343,58.37477237482562,26.751418335591016
W_12046322284,58.3747755226594,26.71490390837948
W_564642419,58.3747758934255,26.70336005433056
W_6694377371,58.37477605557559,26.735063572712406
W_11155591163,58.37477701185816,26.73565682864409
W_cluster_10685155951_11978259437,58.37477723813494,26.711817556092218
W_6173231827,58.374777371396085,26.750754256469275
W_6694377325,58.37478035156419,26.730535591561434
W_6430999621,58.374786411014746,26.73373369631694
W_8157762194,58.37478669204398,26.71540304885424
W_2946341276,58.37479402341179,26.69969294838958
W_12071386613,58.37479601427866,26.719097109641815
W_11978297185,58.37479660393715,26.71376491102573
W_12042126966,58.37479892900968,26.71748210945144
W_6173231854,58.37479910176433,26.755457807694768
W_6430999618,58.374805849599944,26.73401154604293
W_cluster_332632199_6694377323,58.37480687184645,26.73118849237058
W_12091655447,58.3748078343017,26.72208641629942
W_4812389441,58.374808160885294,26.75549843569865
W_6694377326,58.37481165264769,26.730258382536462
W_5471314734,58.37481602766279,26.70867618738383
W_12085028163,58.374817430468,26.71964831606042
W_4812389443,58.37482185075618,26.755800785679153
W_6694377302,58.3748231669181,26.726749830402
W_12091549058,58.37482332253015,26.721525856498484
W_12070376334,58.37482517897503,26.709343919209843
W_12039880305,58.374825533834795,26.71879699449932
W_cluster_6854135457_7139926762,58.37482780434313,26.734160466196037
W_10685155947,58.374830631618195,26.710522196977102
W_3773486962,58.37483426107275,26.747790442970793
W_12185781532,58.37483451607773,26.72266955463999
W_12042134071,58.37483584821802,26.71703678052749
W_330046314,58.37483640430431,26.688038434818257
W_6694377373,58.374837057265,26.734594488142374
W_1900966928,58.37483811297896,26.690780262385772
W_1900966930,58.37483813414169,26.69108681102843
W_cluster_11978297219_1399685432_5969593216,58.37484040803192,26.713632738728386
W_1423873818,58.37484143347701,26.77962419886417
W_6139476456,58.37484507847009,26.759867986970914
W_11752412629,58.37484552755406,26.76770915156552
W_11155591164,58.37484568994875,26.735685379873402
W_8154398197,58.37484612774508,26.712617474486965
W_11756624073,58.37485082892543,26.762034814068397
W_4812389439,58.37485085592498,26.755798020760068
W_12042088087,58.374851277063556,26.714841064430818
W_1404484709,58.37485198733395,26.76455711770235
W_12185781531,58.37485213564686,26.722593847823795
W_12091655446,58.37485562230001,26.722213412978356
W_11978297186,58.37485637114419,26.71350147563348
W_11756625828,58.37485647235482,26.766073586425144
W_12042126964,58.37485647561428,26.717878128228627
W_10117768801,58.37485659281768,26.727135792408788
W_2132673799,58.374861273771565,26.703383957479502
W_12070376330,58.37486139496483,26.708562289558063
W_11756625823,58.37486460543959,26.764727661163974
W_12185781533,58.37486812311499,26.722759904919624
W_11752412627,58.374873263180675,26.767699565981093
W_4596278135,58.37487672975397,26.70191707709562
W_cluster_333238673_7139933526,58.37487961465144,26.734240603280487
W_11756625829,58.37488238290718,26.766392786023683
W_6694377374,58.37488258294186,26.734892830401314
W_7058115839,58.3748826506158,26.719901005070582
W_2316044250,58.37488420620036,26.74774871196208
W_7058115836,58.374884367233236,26.720028876886204
W_11752412636,58.37488599634455,26.76838250557414
W_9209838549,58.374886079684,26.697173094844924
W_297304775,58.374886294276514,26.749545075080313
W_11745972538,58.374887411752276,26.6913719003234
W_12084998909,58.37488877838856,26.719294868452913
W_11765710102,58.37489060685691,26.760439229042024
W_2946341274,58.37489160271802,26.69993968392316
W_cluster_1935190379_330043497,58.37489172643189,26.779830929377827
W_8145388523,58.37489252583715,26.72287186973608
W_12091655407,58.37489511749516,26.72382227075919
W_6430898426,58.374897322406014,26.705578054644263
W_9269801636,58.37489767498293,26.772594435456163
W_9269781381,58.37489820481289,26.769973810455937
W_1900966950,58.37489890318987,26.691742805056286
W_4812389442,58.37490039974593,26.755732880985665
W_12042134072,58.37490385026919,26.716595133764
W_11756624074,58.374904224081995,26.762688242551416
W_cluster_2564295035_330036533,58.37490433488532,26.72397333611833
W_6139476457,58.374905967693344,26.760632662603644
W_12070376333,58.37490618743928,26.709143731131565
W_10685155946,58.374908881281726,26.71092880668409
W_12047921695,58.37491199941556,26.707279255212892
W_12047921747,58.37491230602977,26.70839808052778
W_2167263407,58.37491305452786,26.754132003918087
W_3389471086,58.37491677685881,26.72718148970863
W_297304091,58.37491816228881,26.707342805039588
W_cluster_12042088101_12042126967,58.37491928804874,26.71728128356786
W_12091548995,58.37491970709582,26.7217795004958
W_11745972539,58.37492197034259,26.691363392020563
W_2439408793,58.374922758409745,26.708452362785163
W_2662982947,58.3749255069493,26.73449876476292
W_1900966980,58.374931248056846,26.69197145212869
W_6173232016,58.37493130677703,26.754563746742754
W_cluster_12039880307_4051465776_8164738621,58.37493552259623,26.719190205513083
W_324550992,58.374940275380936,26.69303805697501
W_12070376303,58.37494252783362,26.711032994291443
W_2519716653,58.37494289966032,26.727301651004964
W_6694377305,58.37494340906129,26.726151189595303
W_2138684152,58.374944471439804,26.747839408870895
W_12047921689,58.37494620649827,26.708455075881492
W_12039880294,58.37494799704253,26.718653602163172
W_12091655444,58.37494817736992,26.722441272656692
W_966093417,58.37495101249181,26.74072359163834
W_4812389440,58.374951828331234,26.755855452969225
W_4813097762,58.374952619366546,26.73169140376742
W_1404484714,58.37495283319627,26.76591993070473
W_1900966981,58.37495377442537,26.690176751088437
W_4645292038,58.37495441388141,26.705486281007165
W_1935190380,58.37495668701331,26.780053982307557
W_1974343696,58.37495723159378,26.693330098050446
W_12042088080,58.3749591811647,26.715179911751065
W_6139477523,58.37495975784519,26.766613851658317
W_6694334176,58.37496005847703,26.729166118791518
W_297303891,58.374965564542386,26.70729454090309
W_12047921585,58.374969007619995,26.707386323445597
W_6532636026,58.37496966148844,26.723987529433977
W_4952639893,58.37497090862536,26.705746189441154
W_7884736164,58.37497285003794,26.73646080442683
W_8145388520,58.3749795297343,26.72306677759726
W_12047921482,58.37497967826055,26.708402653856623
W_11980173259,58.37498080125312,26.705790901328022
W_2431033133,58.374981059368494,26.73473787673592
W_12047921748,58.37498109878687,26.708513772869097
W_297304735,58.37498189310923,26.748874878816636
W_11219743679,58.37498398691155,26.774677662228637
W_4645292072,58.37498607241809,26.705192802997733
W_4712105370,58.37498636657818,26.769753198353243
W_4645121324,58.37498880487693,26.695987560378402
W_cluster_11982919976_330041123_4645320972_6430898425,58.37498998199471,26.705603954249277
W_332625624,58.37499010221124,26.7152312956495
W_cluster_9269801626_9269801631,58.37499238395603,26.771962091936437
W_4645121321,58.37499431569204,26.69607675958645
W_2946341293,58.37499488687444,26.701475489806494
W_2946341272,58.37499493146734,26.700225524290058
W_4645121329,58.375000279570436,26.696167664633013
W_6694377375,58.37500076795848,26.735712601350603
W_329983478,58.375003114639426,26.74911682186105
W_cluster_1244148882_2467752504,58.37500385197887,26.750690426369957
W_6341681824,58.37500785075722,26.769413853712308
W_2138684153,58.37501143334387,26.747955703871728
W_4712105372,58.37501169879616,26.770105573750858
W_7884736158,58.37501656706021,26.73579557481523
W_11219743681,58.375023279164644,26.774344874805994
W_4712105371,58.37503346417721,26.770372658666737
W_6694377376,58.37503427265528,26.735888450393606
W_11155591149,58.37503427300781,26.735888621361408
W_1304599727,58.37503453113083,26.724916589554187
W_4812389435,58.375034858897536,26.754326746749914
W_cluster_12042126965_7357013633,58.37503808374068,26.717633900564536
W_12084998908,58.37503838714849,26.719652889529552
W_330040553,58.3750387094436,26.730814697543423
W_11765710103,58.37504088787828,26.76059379355419
W_6694377327,58.37504172621245,26.729901179164703
W_2296317725,58.375041912168214,26.68881761569745
W_12091548996,58.37504414796551,26.721594043791203
W_1900967004,58.37504518830084,26.69083811972735
W_4387530762,58.375048334527264,26.75573732976226
W_11980335213,58.375051957634994,26.715178480314872
W_11752412626,58.37506004998785,26.76783186632198
W_1340940384,58.37506074744234,26.75763826429028
W_1935190384,58.375073300313844,26.779968455403377
W_cluster_11980173229_4645292045,58.375073825032516,26.70593630712434
W_8157762197,58.37507927611346,26.71652106469985
W_2138684159,58.37508267697526,26.748057094354525
W_cluster_12039880309_12039880353_7058115838,58.37508500589561,26.719531814421213
W_cluster_11980322878_333238615_8154398134,58.375088579437254,26.71448233394394
W_12042088099,58.375090535509734,26.717063806783358
W_6694377365,58.375093674333655,26.734254552241737
W_cluster_11980210579_11980210580_4645292035_4645292059,58.37509801642512,26.70536352419609
W_6694377379,58.37510050080848,26.736253661994922
W_12070376342,58.37510291970418,26.70995165973465
W_11808920781,58.375103404930506,26.759924874996223
W_6173231975,58.37510399402801,26.763670666280287
W_4645292074,58.37511131192742,26.704623792790333
W_1900967015,58.37511187228408,26.691936025859157
W_8145251892,58.375111925312986,26.755926496832746
W_297449257,58.37511228175528,26.696054886838763
W_cluster_377137565_7884736160,58.37511237112318,26.73569432790268
W_6111668657,58.37511560772753,26.763004999829835
W_6173231984,58.37511877296724,26.763940872115164
W_6111668238,58.37512102113026,26.766539611467817
W_6111414524,58.37512267137864,26.771639997566137
W_9269781378,58.37512507255953,26.7712742757952
W_11362622091,58.3751261492991,26.703465339691032
W_6958265439,58.37512616209676,26.696605807474597
W_11730662418,58.37512687711372,26.777189849018736
W_11982716718,58.37512822634167,26.71900778733374
W_cluster_11977790671_8154398195,58.37512865823765,26.713365740347008
W_6173231983,58.37513352879294,26.76366277513362
W_4712107989,58.37513419978727,26.752881865876127
W_1244148846,58.375136509368325,26.748119456968208
W_11750789626,58.37513667968139,26.75356299630786
W_6111414522,58.37513741208838,26.7713943883721
W_6694377299,58.37513952694191,26.726974092397413
W_11980335302,58.37513975991199,26.714314710823203
W_4813181428,58.37514296087157,26.687418352011022
W_cluster_12091548997_7058115840,58.375143127014525,26.721512394910437
W_2296317727,58.37515390122297,26.68759538157268
W_9269801630,58.37515550447824,26.77197078494789
W_1404484712,58.3751571133496,26.764471651570894
W_8071971061,58.37515711809278,26.73418431908925
W_6111414523,58.375158548897986,26.77156231600005
W_2296317726,58.37515855310825,26.688768374937183
W_11808920779,58.37516017401823,26.760791995773406
W_7595975810,58.375162125289464,26.748128848810694
W_cluster_12070376297_12070376304,58.375164771857804,26.711568710991738
W_cluster_1900967039_5081403986,58.37516749847179,26.690161200093723
W_11752412648,58.37516962834644,26.768727376064884
W_11808920778,58.37516988875571,26.7608960513357
W_cluster_12091655410_8145388519_8154398124,58.375171661129826,26.723531339777864
W_12047921682,58.37518311343122,26.707891310101672
W_11756625821,58.37518319044884,26.764390608538868
W_1244148827,58.37518357645372,26.749679061691477
W_2925994717,58.37518435582366,26.70339030787595
W_11730662432,58.37518499983105,26.777506804692027
W_9269781336,58.37518591672278,26.770492715751967
W_332632200,58.375187020658586,26.73228392042653
W_11745980923,58.375187451343386,26.772308759429972
W_cluster_2132673812_2132673813,58.37518931520624,26.70440891382377
W_4645111843,58.375190815848924,26.70126183056389
W_2439408794,58.3751945959155,26.708003372445067
W_cluster_330043462_330043469,58.37519661227261,26.728350483115612
W_5471316316,58.375197755510456,26.709313500195574
W_4645111848,58.375202535437545,26.696808095134482
W_8163654646,58.37520461438496,26.705201580552682
W_9269781364,58.3752065994375,26.770156110400944
W_12091548998,58.37521166905659,26.72135302248796
W_377125473,58.37521392141104,26.779220265595377
W_4596278129,58.37521706345404,26.701733490198055
W_7562619373,58.37522017605584,26.747961396250215
W_cluster_12042126950_330043999,58.37522040060338,26.71820075327724
W_2296317729,58.375220885910565,26.684291274865128
W_1404484701,58.375222154863266,26.763164656440416
W_8163654647,58.37522232810607,26.705249304853844
W_8071971047,58.37522235379266,26.73680823867853
W_6111414526,58.37522292008664,26.772759210873573
W_12042088117,58.37522326670821,26.716122743207514
W_cluster_2431033139_6694377368_8071971050,58.37522786980662,26.736564221469354
W_9807250912,58.37522875282437,26.763965612362913
W_4812043117,58.37522942722122,26.7478702025817
W_cluster_1974343698_5372323902,58.375229905286936,26.690898395890283
W_cluster_11730662414_377125312,58.37523220445445,26.77660754122808
W_2439408795,58.375232805026286,26.7079409941303
W_6111412920,58.37523697244556,26.77136912463182
W_12047921683,58.375237218838,26.70802541763046
W_11362622092,58.37523815496269,26.703584080212654
W_6694377298,58.37523852774368,26.726732599876275
W_330041737,58.37524296917502,26.682144013745297
W_9807250911,58.37524370591547,26.764281980356326
W_12091549001,58.37524381173516,26.721430390186175
W_330040651,58.37524497349433,26.755471991197904
W_6694556787,58.37524600824442,26.723938354420547
W_7565154756,58.37524644823929,26.747893504254087
W_12070376341,58.37524669536662,26.70919051107167
W_1304599720,58.37524862196748,26.724777291371513
W_6694377359,58.37525115821259,26.735400416000203
W_377125305,58.375252422880216,26.77630445238326
W_cluster_2296334282_2296334284_330041739_6958344116,58.375253910969704,26.683625044549977
W_cluster_330042438_4813181296,58.375253974342854,26.681620740878206
W_1404484664,58.37525430371849,26.755654695059917
W_6694377300,58.3752546871898,26.72723478938199
W_11750789628,58.375255757298184,26.753880685843043
W_9235442018,58.375257017595914,26.702964320503547
W_11730662415,58.37525739981158,26.77699531583146
W_1315552275,58.375259912133274,26.691908405997744
W_330041745,58.37526097082655,26.680570910367756
W_11980335247,58.375261809607075,26.714149249652774
W_6123698744,58.37526566106678,26.747843956467275
W_8164622912,58.375270867431276,26.710504059111212
W_4926851966,58.37527241937669,26.686513449654374
W_11750789627,58.37527336040489,26.75359999907195
W_8154398136,58.375273613188405,26.713763954885586
W_11756625822,58.375273714876,26.7654619959709
W_cluster_2431033140_7884736159,58.37527430417371,26.7356050667123
W_4926851981,58.37527771820385,26.68610990886667
W_11362622093,58.37527841733189,26.703672476962144
W_1319231777,58.3752794923245,26.779432031519832
W_1541570456,58.37527970728538,26.75560015051732
W_cluster_333238671_8071971048,58.37528087347682,26.736832422867828
W_4812388714,58.37528510439747,26.749009159997396
W_1974343701,58.37529326251093,26.692668085759028
W_1404484687,58.37529368053,26.75718581518508
W_7565154755,58.375296794024685,26.7489702664352
W_cluster_11980322961_11980335300_330043998_5969593213,58.37529908794624,26.714997823434068
W_cluster_330043486_5372323905,58.37529925924287,26.692210512531254
W_11980210583,58.37530098687582,26.705826705019216
W_cluster_248427959_330042925_4645120935_4645121326,58.375303103064944,26.696683277828896
W_cluster_12095764274_6430999653,58.37530312223921,26.73042816844864
W_324550981,58.375305435186206,26.692987526653667
W_12070376345,58.37530638099475,26.709488707980245
W_cluster_11362622094_11362622108,58.375307411244066,26.70382063756626
W_6139476445,58.37530802282459,26.759886555405892
W_4645121319,58.37531375751166,26.696820818900353
W_12039880354,58.3753138549012,26.719162238071796
W_6139476455,58.37531581278814,26.75996959471329
W_12042088118,58.375316313374896,26.71640546740072
W_11362622109,58.37531647112434,26.70393220637498
W_6958344115,58.375317750507385,26.683762618666965
W_6958344117,58.37531781852614,26.683462903860928
W_6694377296,58.37532035385967,26.72648200641
W_8071971060,58.375320716902685,26.735029399369527
W_1974343702,58.375321420089435,26.693248975142883
W_5352317091,58.37532591346204,26.692313889554605
W_6111327637,58.37532732937617,26.758356227419032
W_12084998912,58.37532876277246,26.72031088023582
W_11982926170,58.37533257683859,26.706598893933332
W_cluster_2110239087_2110239088,58.37533353621796,26.779678406356954
W_11745980909,58.37533841178911,26.771390181924566
W_4645120895,58.37534250443893,26.695460317600208
W_1541570437,58.37534352520623,26.75557867973763
W_1974343704,58.37534460276457,26.693628503258093
W_cluster_11982919980_297303939,58.37534471107412,26.706720525367672
W_12091655476,58.37534585891152,26.72280420107649
W_1404484745,58.37534686631225,26.75681495390144
W_6173231968,58.37535078567567,26.7620097348913
W_12070376346,58.37535180934671,26.70936181523425
W_11752330559,58.375352056871954,26.758323573728113
W_cluster_2132673823_4645292039,58.37535535662264,26.70490317370352
W_3017642809,58.37535552195389,26.764035719170153
W_6111668240,58.37535996147251,26.76943258630521
W_11362622095,58.375361025793154,26.70385711832826
W_8154398135,58.37536183123841,26.714013714733532
W_5081657166,58.375363213377554,26.688682112591355
W_6694377360,58.375365289289896,26.735345021578095
W_cluster_4813097788_4813097790,58.37536614174577,26.728711812062926
W_6335440514,58.37536735317818,26.7568669593918
W_cluster_12039880311_12039880312,58.37537047726985,26.720164710916812
W_6694377289,58.375371659890185,26.727039320473008
W_11745980917,58.37537470759224,26.771798911907215
W_4645121320,58.37537868810046,26.695493003524547
W_12091549007,58.37538292186906,26.720434406559423
W_9244402756,58.375383453181556,26.741690857262768
W_8145251889,58.375384773868646,26.756392392250223
W_6694377297,58.37539002848221,26.7265556692127
W_cluster_12091655529_12091655535,58.37539486103658,26.721214458617293
W_6139476446,58.375396184897156,26.760826986638122
W_12047921719,58.37539736838285,26.708541628143827
W_377137556,58.37539752352407,26.735557811587043
W_6111668660,58.375397889749905,26.76188665982307
W_12047921718,58.37539808775448,26.708620953392472
W_11745980913,58.37539938166274,26.771885606386274
W_8153598619,58.3754005794471,26.7162112506538
W_6694377294,58.375401732604885,26.72623244107914
W_330041010,58.3754030168531,26.6945828783513
W_cluster_11362622096_11362622110,58.37540502936122,26.704048751711593
W_9201688157,58.37540761197412,26.733448622459616
W_1404484671,58.37540763215283,26.76414257079821
W_12047921590,58.375409964322486,26.708432785819042
W_9807250914,58.375410158696944,26.764246504968288
W_4712105482,58.37541084977341,26.753637167456862
W_4712105484,58.375413258832765,26.75316236097195
W_12042088095,58.375414571662304,26.716689519086415
W_4712105483,58.37541587582168,26.752656606995483
W_9269781365,58.375417449539384,26.770135590502086
W_6780572946,58.375419100731335,26.69552890156713
W_12091655525,58.37541966546972,26.72138660315514
W_6173231982,58.37541989882405,26.76392689308753
W_8019001411,58.37542512464462,26.75939848921978
W_9209838544,58.37542735337132,26.696660156174357
W_12091549008,58.37542776313536,26.720362756402213
W_2439408797,58.37542800864065,26.708586854188766
W_6694377290,58.375434168891445,26.72678528566132
W_4812388711,58.375435824952156,26.748144850645254
W_11752330563,58.37543645178449,26.759260608493207
W_7565154757,58.37543866869636,26.748175092483184
W_7563355346,58.375441419594225,26.748203796236368
W_12047921750,58.375445570182045,26.70927966134882
W_6694334179,58.375446860477915,26.727388378489604
W_6139476444,58.375448603702516,26.76138690814854
W_11980335289,58.3754501226124,26.714901202964345
W_12047921712,58.375450390673315,26.70875268408359
W_12047921641,58.37545095564146,26.708408853475856
W_cluster_1929024890_4645120933_968046870,58.37545288746395,26.69508254269027
W_11980335291,58.37545331973942,26.71520790201238
W_6111327665,58.37545445759814,26.756291038322797
W_9201688156,58.37545570607483,26.733167181017627
W_12047921676,58.37545652166831,26.708565589484326
W_9807250913,58.3754576352934,26.764422289804333
W_12039880355,58.3754578656313,26.71954766292265
W_5081657181,58.37546116928819,26.688409915997
W_4712105481,58.37546282221649,26.75194588813346
W_6111668673,58.37546340839586,26.759410367671048
W_12091689165,58.37546459216559,26.723842270427852
W_4645121334,58.37546520502894,26.6952388765378
W_4926851974,58.37546652461395,26.68659225640792
W_6694377295,58.375466562882636,26.72630870565797
W_330043315,58.375467073364845,26.696138690248095
W_6139477540,58.37546783029087,26.769532585398846
W_6173231974,58.375469993128775,26.76357367153846
W_2439408798,58.37547089000576,26.70935519401667
W_7563355286,58.375472021083624,26.74819075531284
W_12091655526,58.37547265357488,26.721302579872408
W_566152584,58.37547287489164,26.70150906701625
W_4812388712,58.37547293569992,26.74861065720824
W_2439408800,58.37547451489253,26.708697261115987
W_8163654697,58.375475218252824,26.71694275647397
W_cluster_11982758575_8163654645,58.37547609864257,26.706558036953393
W_7570423845,58.37547758792674,26.74860139160686
W_2439408799,58.3754790178699,26.708505221594166
W_2296317731,58.37547933197152,26.684164156289988
W_6111668676,58.3754807131793,26.75815462815816
W_7565154758,58.37548104762915,26.74816795166422
W_7570407126,58.37548128373801,26.74860820422231
W_12091655436,58.37548189906019,26.722251063452394
W_330045380,58.37548236330361,26.74957196864855
W_6694377293,58.37548311817693,26.725986293996684
W_12070376305,58.37548332688491,26.711958323140458
W_12047921504,58.375486047634425,26.709345836852254
W_6173231969,58.3754881253278,26.76381137295957
W_8785143659,58.375489996072105,26.704749712870576
W_11805715485,58.375490932170486,26.68289748466686
W_cluster_1157935668_12039880299,58.37549320071547,26.71805102894952
W_7563355285,58.37549418613279,26.748135202295913
W_6780843484,58.375494684445634,26.736201651637465
W_12047921674,58.37549503524671,26.708636909565755
W_2439408801,58.37549515082245,26.70758405784058
W_11805715483,58.37549550537264,26.682568149591354
W_2296317738,58.375495761253276,26.686978567129604
W_12047921711,58.37549727942893,26.70879435706221
W_2439408803,58.37549738650467,26.709395154767808
W_12047921512,58.37549749630798,26.709364378752692
W_330044072,58.37549911047133,26.74680619709406
W_11805715481,58.37549991803468,26.68224685160254
W_11745980878,58.37550420029031,26.776472805663914
W_1404484693,58.375506759026614,26.76490820834855
W_12070376350,58.375508005801315,26.710554776598023
W_8785143660,58.375511404945286,26.704802877605353
W_11805715474,58.37551183082478,26.683466979560915
W_564730123,58.37551321070975,26.701474189859557
W_12047921640,58.37551332560514,26.70846493100794
W_12047921648,58.37551472759055,26.707543375302066
W_7563320641,58.375514921189385,26.748083249827054
W_cluster_12091689162_12091689163,58.3755157271736,26.724774185800825
W_11980322934,58.37551582072365,26.717270699271268
W_11807424575,58.37551615757361,26.774277271680365
W_4645121315,58.37551709954714,26.695533015655517
W_12091655534,58.375518083333795,26.721625189424138
W_1935190394,58.37551888188874,26.780391061399914
W_1304599708,58.37551940525895,26.726870113254236
W_12091655479,58.37551950128334,26.722609981978074
W_4712105474,58.375519812201674,26.752666821955103
W_11980335290,58.375520663394894,26.715118966429497
W_5081657183,58.37552139653305,26.688615407685667
W_11752330545,58.375521460029226,26.758234193602338
W_6694377287,58.37552336099746,26.727082601947657
W_1541570377,58.37552396901166,26.756052052174525
W_11805715486,58.37552470260205,26.68289735268427
W_8019001410,58.37552760728602,26.75816012038319
W_1541570285,58.37552947201386,26.73919820356957
W_2439408805,58.37552966691786,26.708620552639765
W_11805715484,58.37553207020165,26.6825720955563
W_6694377361,58.375534419714384,26.73508797986455
W_11980335287,58.375534662764665,26.71543686335723
W_11662725726,58.375538951107075,26.750863609102275
W_cluster_11980335245_11980335272,58.37553898185156,26.714794312020388
W_330043323,58.37553908295666,26.697001143617285
W_7076150146,58.37553918857575,26.70454345038555
W_11745980902,58.3755418553941,26.771396559926533
W_1929024908,58.375542713629564,26.695086897016903
W_11745980884,58.3755433022093,26.77669721647508
W_12047921751,58.37554347874796,26.70944213536545
W_1541570510,58.37554416040336,26.756278964676365
W_4952639907,58.37554571932005,26.707506359668372
W_4645121293,58.37554911299995,26.69657140202856
W_cluster_4813181309_5160920841,58.37555227316492,26.6835498813973
W_6780572957,58.375552571992024,26.695568785458256
W_6694377288,58.37555299000957,26.727119987241664
W_11745980908,58.37555359925952,26.771837593643724
W_12047921665,58.37555381253604,26.708772006760576
W_8071971059,58.37555417003332,26.736651550433496
W_cluster_11805715480_11805715482,58.37555766526082,26.682208889327043
W_8919935934,58.375557948681774,26.69285488083521
W_6335440513,58.375558078674466,26.756324518459678
W_330046229,58.375558359613514,26.695812201500495
W_12047921635,58.37556207886913,26.70857600340837
W_12039721554,58.375566957559556,26.720847731764806
W_4813097768,58.37556922356948,26.730588221524407
W_12039721556,58.37556986739616,26.72082291768225
W_cluster_330040600_6111668674,58.375571555542386,26.761383855514868
W_11730662430,58.3755721946276,26.777920857250848
W_6430999652,58.37557257993175,26.731545132202395
W_cluster_12091692209_6694549579,58.3755767049053,26.723228626809167
W_11805715479,58.37557687612751,26.682096387071162
W_11745980901,58.37557882924145,26.77218621542179
W_1935190395,58.37557952491298,26.780191843244157
W_4645121300,58.375580232131334,26.700597214672356
W_12047921634,58.37558088196453,26.708708352657307
W_6139476471,58.37558529838472,26.761288017890955
W_12971846446,58.37558635409256,26.70435413063699
W_6430898424,58.37558686161732,26.70469094381695
W_6111668661,58.37558762272042,26.761812889179094
W_cluster_6111412926_6111412983,58.37558772114071,26.770425650096083
W_6694334177,58.375588507004835,26.72743396173629
W_9807234955,58.37558892082543,26.769643099253827
W_12070376314,58.375591104752665,26.710881509984905
W_7565154759,58.37559245937046,26.748371299745735
W_8164622913,58.37559349388191,26.70995190859037
W_6694377301,58.37559539730817,26.726284797695776
W_12042126948,58.37559577384044,26.71780794165686
W_11807424573,58.37559678297783,26.77410800653376
W_6111668679,58.375597477007545,26.76603876226408
W_11980335288,58.375600312268475,26.715353412794936
W_4812388713,58.375601048296666,26.748354312266557
W_6111412914,58.375601104288,26.771380105285353
W_cluster_11982904191_11982919984,58.3756016667341,26.707620961785295
W_330041163,58.375604334475646,26.695618605847
W_4645121322,58.3756067697073,26.696076793774626
W_11980322932,58.37560859089478,26.71779587120018
W_7565154760,58.37560883057096,26.748338185387915
W_11807424577,58.37560967501037,26.77423735070467
W_cluster_11980322957_12042056901_5969576079,58.375612528273244,26.715960782771845
W_12775796276,58.3756129929207,26.687208172308473
W_7357013629,58.37561351487939,26.71787020529602
W_8785143657,58.3756161523275,26.70528055751222
W_1157937046,58.37561826361466,26.718518156471728
W_2946341268,58.37561841382606,26.699872305590876
W_6173231971,58.37561930377914,26.76369115721158
W_6111668662,58.375622263867896,26.762233078663474
W_8163654695,58.375622357459,26.716789753821153
W_6780572975,58.37562250327391,26.696007756155844
W_cluster_4813181311_6304257917,58.37562310260425,26.682881937171228
W_11980335283,58.37562330878799,26.715678590013784
W_7563320683,58.37562332137255,26.748307990933494
W_6173231973,58.375625361205316,26.764200103719375
W_4813097759,58.375625801095566,26.732169806458202
W_5372323928,58.3756259625188,26.77031426921325
W_1541570458,58.37562636721459,26.75652853161465
W_6173231992,58.37562688114527,26.763903797136475
W_cluster_12095755028_12095764277_12095764278_4813097765,58.37562979807599,26.729881639900974
W_6780572959,58.375632215622616,26.695294712741784
W_6111412929,58.37563587448202,26.770532708483884
W_11362622087,58.37563589951361,26.70426207441396
W_1929024921,58.375636266983946,26.695941300024494
W_332630506,58.37563750753723,26.76631906428566
W_12039795469,58.375638169736675,26.720718768311123
W_12775814210,58.37563846040013,26.687191704443578
W_cluster_11362622099_12971846445_7076150128,58.375638461124474,26.704437984778114
W_cluster_12070376312_12070376313_12070376315_12070376316,58.375638733993306,26.711291627824682
W_11980335252,58.375639821629576,26.714662874624157
W_11730662395,58.37564240252211,26.77293586496365
W_12091655508,58.375642811500995,26.72190272291533
W_7563320621,58.37564362523597,26.748265103032505
W_cluster_10045408117_1258704935_1258704938_1258704940_#1more,58.37564621836034,26.72086762262798
W_12039721560,58.37565017334165,26.721033948619212
W_12039721568,58.37565101353416,26.720718837804903
W_8164622909,58.375651104524195,26.70985004851968
W_12775814208,58.37565616210565,26.686680507184224
W_6139477541,58.37565976006512,26.76823501468584
W_5081657171,58.37566125851204,26.688180073153774
W_12091689168,58.37566433462622,26.72346405515034
W_5081657189,58.375665458540446,26.687839456273615
W_10718635561,58.37566648762732,26.713732904757734
W_6780572971,58.37566772987304,26.695801514787405
W_6111668672,58.37567066525774,26.762324907726633
W_4645121314,58.37567127743813,26.695329083693544
W_11807424574,58.37567303170113,26.77487057310351
W_1244148829,58.37567381071888,26.750011552796543
W_7563355309,58.375676572591985,26.74857757885665
W_6694377286,58.375680781929454,26.727281254652326
W_11980335282,58.37568436502132,26.71558936354296
W_cluster_330041431_4813097780_4813097781_4813097782_#7more,58.37568723826298,26.72774078199618
W_1541570508,58.375687397057156,26.75664676683045
W_12091655527,58.37568755283704,26.721454077909883
W_1541570341,58.37568949933421,26.755439850539172
W_5604992461,58.37569127756454,26.69569479540895
W_6694377285,58.37569202386681,26.7269510177584
W_6139477542,58.375693177356695,26.76863572827356
W_12775814209,58.375693429614934,26.68675147298152
W_4820494594,58.37569560456815,26.727873906054704
W_7568819180,58.37569849689622,26.748536560227446
W_6430999655,58.37569879302419,26.731298655442064
W_9026473170,58.375700814136316,26.749719680902068
W_4813181313,58.375703870195956,26.68231135610167
W_11980322936,58.375705800398926,26.71703545850717
W_2132673837,58.37570718862622,26.779794390986655
W_4645120923,58.375707636778536,26.69562455524869
W_330041774,58.375707978377875,26.770021884521878
W_6532636012,58.37570841975178,26.715905984489417
W_12043408030,58.3757096598794,26.71380026075943
W_cluster_12091655414_12091655484,58.37571055835952,26.72299231879713
W_13143333960,58.375713167113254,26.783459169839936
W_7562781842,58.37571469421722,26.748506353636067
W_12039795492,58.37571487512545,26.720884861731484
W_11976431354,58.37572029757651,26.70596614957352
W_1929024918,58.37572250843595,26.69455224901739
W_1404484659,58.37572297316309,26.763411264252014
W_6694549578,58.37572323665178,26.72362260001024
W_8153598617,58.37572325311184,26.717089004593525
W_6780572973,58.3757236290581,26.695967049504585
W_cluster_6430999613_6854135455,58.37572373392023,26.732529819107427
W_11805715478,58.37572374764462,26.68210549556556
W_6304257915,58.375723996923256,26.68347550903828
W_12039795494,58.375726357148636,26.720919478761875
W_7563320622,58.37572650583071,26.74820963021577
W_11805715489,58.375728689756166,26.683048715535307
W_1541570455,58.3757294155175,26.755365713737678
W_11805715490,58.37573215481841,26.682888310693684
W_cluster_1935190403_6864514417_6864514418,58.375735237716704,26.7790275707263
W_cluster_330040674_8154476073,58.37573619832161,26.77483443730683
W_3015147267,58.37574065878251,26.756694614733167
W_cluster_11745980887_11745980894,58.375742181231026,26.776970714691746
W_11780533607,58.37574786317334,26.762301478167256
W_11730662393,58.3757502013338,26.772845924221148
W_9209838550,58.37575155627433,26.69498251098246
W_5352317062,58.375753636444124,26.76978957612552
W_12047921706,58.37575416182918,26.709391675909565
W_cluster_6430999642_6694377356,58.37575546979611,26.732028967253633
W_11807403259,58.37575607602792,26.772815966068524
W_6304257996,58.375756327752526,26.685223773445994
W_6139476476,58.375760262612765,26.761241699215173
W_6139477531,58.375762907863994,26.766279595188
W_12091689157,58.375763055233634,26.72426173155954
W_12070376320,58.37576485216267,26.71086111070584
W_11730662404,58.375765490948304,26.774739531253356
W_11745980875,58.37576625985415,26.776666058531102
W_1157935671,58.375766681179606,26.71911008367199
W_4813097767,58.37576918777346,26.73026321457062
W_2167263470,58.3757701012046,26.75428607405142
W_6304257994,58.37577026987331,26.683773615888075
W_12047921594,58.37577064882141,26.70929528190409
W_11807424572,58.37577281957885,26.774565775184996
W_11730662392,58.37577468044371,26.772721810902322
W_4820494591,58.375776872481524,26.727739920619637
W_6780572964,58.37578397118395,26.696036800927445
W_6694334181,58.375784079006685,26.72669555521668
W_12047921514,58.37578449876435,26.709461696902736
W_cluster_11331190084_2167263401_6335440516,58.37578453680973,26.754929519655025
W_566156524,58.37578910340725,26.70119539432905
W_cluster_11976431355_11982758580,58.37578971209871,26.70635197402752
W_cluster_2296317741_6304257997,58.37579891709079,26.684172414048128
W_2439408806,58.37579932180081,26.709423618767467
W_cluster_2662982949_4813097760_6694491413_7139926760,58.37579978275262,26.73286213033126
W_cluster_1929024920_1929024922_6324929087,58.37579978458818,26.694604412336574
W_12047921752,58.37580032868689,26.70986780174637
W_6139477538,58.37580115105951,26.76819715723647
W_6694334184,58.375802592636695,26.72708010403399
W_cluster_2564295040_2564295041,58.37580593919701,26.725116952109016
W_cluster_377125383_7913959383,58.3758084383158,26.777937496218133
W_6694549584,58.37580855959751,26.723871555286877
W_4938522333,58.375809621962865,26.753725859226012
W_12047921704,58.3758141105575,26.709528817410355
W_12047921630,58.375814271464776,26.70924345984994
W_cluster_11978259439_12070376321_12070376322,58.37581604397327,26.711178191373225
W_cluster_11980210590_6430898423_8145801734,58.37581965068672,26.704334739930474
W_4813097770,58.37582122030312,26.730874905404406
W_8071971039,58.37582351050002,26.73651242240593
W_2439408808,58.375825732944286,26.70994111223057
W_5081657175,58.375825907163694,26.688112966434975
W_6139477580,58.37582600156713,26.76947536740784
W_cluster_2296317740_2296334287,58.37582616259392,26.683711906938605
W_cluster_4812388637_7563355313,58.375826405823105,26.748496668153216
W_12070376317,58.37582737785915,26.711544496964393
W_2439408810,58.37582738299837,26.70936149533733
W_11805717104,58.37582758942282,26.684800831536045
W_2475219097,58.37582771761884,26.755059673553774
W_2439408811,58.37582857939855,26.709492964850263
W_4645111864,58.37582878669783,26.697401305269647
W_6139477532,58.375835071453146,26.76723965067954
W_7563355307,58.37583550694762,26.748878046908196
W_7913959382,58.37584150978204,26.778779164904744
W_11331190085,58.37584325790079,26.75477916812345
W_1404484728,58.37584329802106,26.764810395482296
W_12047921629,58.375843766958916,26.709259288831568
W_2439408809,58.37584423468504,26.70871404721967
W_12039803245,58.37584572215048,26.720384070173374
W_12047921753,58.37584576496685,26.709942486617653
W_4645120962,58.37584606498748,26.695822890623457
W_11982904183,58.37584620844282,26.707216122983844
W_cluster_1244148855_7570423836,58.37584969822888,26.749658272779666
W_8919935929,58.375850576404375,26.69263349048897
W_5983199203,58.37585140584092,26.75016485754193
W_7910478165,58.37585160894613,26.711815293874075
W_11980335284,58.37585261441463,26.71555996994577
W_6139476478,58.37585281947774,26.760065113151505
W_cluster_7570423840_7570423853,58.37585485592653,26.749218661270838
W_12047921703,58.37585607762033,26.709618234191492
W_7565154797,58.37585922227069,26.74883427996523
W_2439408812,58.37586024948177,26.709437992690294
W_2946341297,58.37586029891014,26.698423977015803
W_5471314735,58.37586136052325,26.710404502987306
W_4926851967,58.3758641596437,26.685172204628337
W_6139477524,58.37586422323142,26.76623224929888
W_7562619370,58.37586464961636,26.746437693526026
W_7563320623,58.37586680276266,26.747938149347398
W_2669372156,58.37586772658609,26.783610902947192
W_11805715487,58.37586882135972,26.683056349684144
W_12047921624,58.37586899773632,26.709414326276377
W_11980870669,58.37587037324053,26.710418278092725
W_cluster_1244148861_2316044251_4812271041_956710373,58.3758705216318,26.74983508379908
W_11805715488,58.37587138956218,26.682896465177794
W_4812043116,58.375872592091014,26.746366511189777
W_cluster_6324929093_8919935924,58.375872876947774,26.69241992004407
W_12039880274,58.375875069808224,26.719429286809653
W_2946341299,58.37587635255605,26.699254435393627
W_5081657176,58.37587646243492,26.687997796244282
W_7563355308,58.37587846295545,26.748798751537546
W_cluster_12095764273_12095764279,58.37588234124967,26.729447315291495
W_7598502239,58.37588325247242,26.746397893999582
W_cluster_330042684_4645240312_5604992453_6064864874_#2more,58.37588933015016,26.69789917857754
W_968046871,58.37589052604035,26.69639168325705
W_7562619378,58.375891570000356,26.746380052974512
W_2296317743,58.37589498244998,26.68602030773621
W_11752389415,58.375895350486026,26.760666996480246
W_7838101986,58.37589733661238,26.73188016965597
W_5604992454,58.37589799858124,26.698071105202686
W_cluster_6694556798_6694556802,58.375898730278884,26.720474096470042
W_968046866,58.375899363193795,26.69625499842113
W_11752389412,58.375902454320226,26.76076765235322
W_7595975805,58.375904393571815,26.74970302268867
W_12047921595,58.37590566157541,26.70962073342146
W_cluster_11982919989_330041106,58.37590617139403,26.708698149078522
W_8785067769,58.375906353541005,26.716911093122654
W_12095755022,58.37590678056668,26.73004776232273
W_12047921623,58.37590701383524,26.70950411748104
W_11982906462,58.375908929147535,26.708607509685187
W_11752389417,58.375910848672184,26.76088608088638
W_2946341267,58.375910865798005,26.699341167973063
W_12070376358,58.37591165365953,26.710283724648274
W_1404484688,58.37591172595057,26.765538975478442
W_4645120890,58.375911728313596,26.696735331745266
W_2296317745,58.37591287935685,26.6862131795592
W_11980335271,58.375912893154435,26.71572738214384
W_6694334183,58.375913618882905,26.72683389802423
W_cluster_12091655511_12091655512,58.37591418400021,26.721548721756246
W_7563320682,58.375915696422,26.748869954320206
W_1929024925,58.37591856115476,26.696852049026695
W_4813181314,58.37592007670893,26.68289927692201
W_11980322948,58.37592199854982,26.717488349883258
W_7568858505,58.37592491277348,26.748852278450293
W_cluster_10718635562_12043408032,58.37592642911019,26.71357880286841
W_1541570460,58.37592757350955,26.755237650091154
W_11780533609,58.37592856002417,26.762246577006398
W_8919935928,58.375931827903806,26.6929947381571
W_6139476477,58.375932893237206,26.761196250717543
W_8145801736,58.375935135755554,26.70491115649632
W_968046874,58.37594033300668,26.697209200208388
W_11752389422,58.375940953218915,26.760654377529196
W_11980322946,58.37594341057705,26.717463900303724
W_6064864872,58.375945555884705,26.697633173708006
W_11982919990,58.37594741237535,26.708744485384088
W_11752389424,58.37594895424943,26.760754514532724
W_7053804489,58.37595221479897,26.716854817001497
W_12039795484,58.375953009169386,26.720570268089226
W_6139477534,58.375953397847645,26.767211857495944
W_7563320681,58.37595649956206,26.748792041858437
W_11752389423,58.37595851588212,26.760872764347003
W_cluster_11805715497_6304257843_6304257844,58.375962554902834,26.681485614099284
W_12047921579,58.37596350955706,26.710139167612134
W_11980322947,58.37596400664684,26.717069809158687
W_7563355311,58.37596639240836,26.749303015416356
W_11978259427,58.37596678926964,26.71103419540904
W_7570423842,58.37596695327305,26.74899320498271
W_7563355312,58.375966993498615,26.748967900416833
W_7563355314,58.375967765399096,26.74844573767661
W_cluster_5969593212_8153590815,58.375977118770784,26.714358038739455
W_11805715491,58.37597838397359,26.683487080049023
W_cluster_12091692210_12091694668,58.375980821812355,26.72278845017457
W_4813097793,58.37598162844507,26.728702300894028
W_2439408813,58.37598365176105,26.710228935387605
W_7563320654,58.37598427152255,26.748710118458135
W_11662725723,58.375987260568195,26.750837880582353
W_11977767068,58.37598776242906,26.71261161213355
W_7563320624,58.37598822069618,26.747703560712832
W_4813097769,58.37599130657971,26.73056414547313
W_10718635558,58.375991572165105,26.71451607400182
W_7563320635,58.37599170725134,26.746966804570608
W_4645120949,58.37599527702701,26.697731743097574
W_12047921573,58.375996131455835,26.709830118787256
W_7838101985,58.375996198679225,26.73212579488239
W_2439408814,58.375996862421246,26.70991491651488
W_7796416826,58.375999414927186,26.716794768551917
W_8785067771,58.376002272117,26.71739709141721
W_11752389401,58.37600443114964,26.76073892226374
W_12043408033,58.37600793051063,26.713475557275572
W_1257929915,58.37600807197594,26.71901276122577
W_12047921574,58.37601026244891,26.71012100278192
W_1541570427,58.376010509543455,26.752359394746648
W_6139477537,58.37601130713142,26.76814072510441
W_7796416830,58.37601562629741,26.716774292602146
W_6139477525,58.376016149462586,26.768037253468282
W_1352431987,58.37601708483008,26.757485865304158
W_7563355388,58.37601785336021,26.749301282629204
W_11752389418,58.37601941173961,26.76063281632814
W_1258704936,58.37602076958017,26.71747644705251
W_5604992452,58.37602173720511,26.69786898109473
W_11752389419,58.37602473087357,26.760691595734226
W_4645292034,58.376024753699895,26.710651078623606
W_566152603,58.37602676214851,26.701121062654284
W_11805717114,58.376026836162715,26.6846326955408
W_11750789195,58.376027696377115,26.754241368619425
W_332646553,58.37602827109197,26.710260200050648
W_11805717107,58.3760294917833,26.684361675526695
W_cluster_12039880361_12039880362_6694556794,58.376029496945414,26.720224977125778
W_12047921542,58.37603023646046,26.710057065143623
W_11752389420,58.37603081799243,26.760776871101335
W_4812388663,58.37603126437483,26.746940704143864
W_2439408815,58.37603308067021,26.709845545202075
W_1974343706,58.37603376577703,26.691013784784378
W_12039880279,58.376034850307896,26.71983887235726
W_3594269995,58.376035374727614,26.734809810059176
W_12047921598,58.37603545226837,26.709901263729243
W_cluster_10610799148_10610799149,58.37603593555375,26.728348478072835
W_11752389421,58.37603661518197,26.760851206050443
W_7598502238,58.37603809962242,26.74685448369587
W_12047921560,58.37603934989115,26.710035960405786
W_7962916550,58.376041133657765,26.734468158179826
W_7563320634,58.376041984277784,26.746865911216048
W_8785067770,58.37604226667486,26.717572021467046
W_7305796487,58.37604251585706,26.710284019851912
W_566156521,58.37604410897593,26.700741692208325
W_6694556804,58.3760447023617,26.721019550517052
W_12047921559,58.37604713546877,26.709944082693323
W_7305796184,58.376047388421576,26.710214563861182
W_cluster_330046221_6780572966,58.37604753646153,26.69594254953157
W_7838021584,58.376047719490096,26.73172361233638
W_11752389407,58.376049218213105,26.760722376458215
W_1541570464,58.37605166834231,26.75139771250543
W_6707731196,58.37605197213242,26.728583616980778
W_6064864871,58.37605212384089,26.697462654285104
W_cluster_11980210588_6003682499_6430898422,58.376052858582945,26.70396587564229
W_6139477548,58.376053573167376,26.768169855588475
W_968046872,58.376057417507816,26.696170204095953
W_12047921544,58.37606069341163,26.710140593337627
W_8145801742,58.376060803400215,26.69243315962875
W_11805715506,58.37606197191684,26.682929976424237
W_12039795481,58.37606256523651,26.72039688772013
W_11805717117,58.37606448091191,26.684309386447605
W_4645120984,58.37606593368957,26.69909296010325
W_11805715504,58.37606690614709,26.682601316693844
W_11978259431,58.37606788342324,26.710897785298773
W_5081403992,58.37606851805575,26.689896154522437
W_6111412921,58.37607085787896,26.770636744156985
W_cluster_7563355310_7563355387_956710369,58.37607089014305,26.74927867966527
W_4645292080,58.37607185317039,26.710547765744835
W_12047921604,58.37607209703181,26.710178969337175
W_11745980888,58.37607419879729,26.776953231977796
W_566156522,58.37607427699444,26.700814272440713
W_12091655491,58.37607656061042,26.72220586949784
W_6707731195,58.37608086896236,26.72891166812949
W_4645120924,58.37608177430598,26.70048661947647
W_1541570417,58.376084749028614,26.756367392984732
W_7563320625,58.37608655301894,26.747422117146606
W_11976448036,58.37608695260206,26.710393422023497
W_4813097794,58.37608848625566,26.728521956367125
W_4645292063,58.37608937886509,26.710990449290833
W_4645240317,58.37608952820894,26.698508534989895
W_11780533611,58.37609058559876,26.762197272112132
W_11752389413,58.376094726983666,26.760707535478875
W_5081657180,58.37609551029079,26.68791875259753
W_968046878,58.376098086248724,26.697566898095843
W_2296317746,58.37610026830477,26.68615338421314
W_12047942761,58.376100295402416,26.710256703072574
W_4952639904,58.37610130671605,26.709473967735473
W_11978259438,58.37610139478311,26.711061476958093
W_11805715502,58.37610293005406,26.682314608468563
W_297302720,58.37610407548479,26.706198903698677
W_11805715507,58.376104634762406,26.682930106652766
W_11805715500,58.37610725438296,26.68199416059749
W_12039880276,58.37610748145647,26.719250995045908
W_6111412927,58.376107780798286,26.77124432219801
W_2946341291,58.37610858815715,26.69847845163797
W_4952639913,58.37610903593279,26.71003111434528
W_11805715505,58.37610957704211,26.68260469499736
W_12047921605,58.37610998185689,26.710369809652228
W_330040635,58.37611113612333,26.768214615567903
W_11805715498,58.376111993836396,26.68166037277569
W_11752389507,58.376112324605934,26.760127980363457
W_6694407906,58.37611351984728,26.731921615684392
W_330267657,58.376115835053845,26.710972964414815
W_2439408817,58.376119132571596,26.71044462209198
W_3773486969,58.376121273240344,26.745090445371623
W_6111668668,58.376122014794724,26.763114857353397
W_7563320629,58.376126625135626,26.747247264665077
W_6707731198,58.37613485473762,26.72874506561046
W_1390575645,58.37613568288956,26.751046792463132
W_5081404006,58.37613599159159,26.689645595542018
W_6694377358,58.376136580384625,26.731268142284172
W_11805715503,58.37613769309794,26.682316347740922
W_12034750695,58.37613808741694,26.717566297535182
W_11975958037,58.37613955524157,26.710102502899346
W_11805715501,58.376140220729695,26.681995744743215
W_1929024932,58.37614235393241,26.69615784763255
W_11805715499,58.37614271101688,26.681660438081302
W_7910478156,58.37614281763422,26.71130836958143
W_3773486970,58.37614300139906,26.693264072060927
W_12091655492,58.376143411783985,26.722136098870937
W_1541570435,58.37614521916796,26.75174909353174
W_6854135416,58.37614529724737,26.731999168679575
W_6064864856,58.37614960672845,26.696337823111943
W_6111668242,58.37614990304402,26.768047318151215
W_1404484729,58.37615043679425,26.763282394010446
W_6694334169,58.37615233075168,26.728515139904378
W_1404484681,58.37615252892868,26.764710368863675
W_12039880387,58.37615681427716,26.718116861528028
W_7569305657,58.37615702873242,26.747179511818967
W_6694377319,58.376157161557146,26.72761765022648
W_11750789194,58.376157194757425,26.75246078154605
W_330041236,58.376157831218286,26.71075736219179
W_6064864870,58.376161906804086,26.698197937893966
W_cluster_12034750694_330044025,58.37616268199088,26.71743735607909
W_11756625858,58.37616483160788,26.76466036205495
W_6304257972,58.376165563903044,26.6846538556784
W_11807403268,58.37616979110031,26.77318466624563
W_7562781855,58.376170013472276,26.748849169135262
W_12047921755,58.37617532640492,26.710311826241824
W_11662725721,58.37617637768351,26.7508662972771
W_cluster_4813181308_5160920839,58.37617791365719,26.6835795012983
W_11752330543,58.3761783592781,26.758418286866178
W_3773486971,58.37618226359735,26.74522866700599
W_4952639914,58.376183166020425,26.710362883861805
W_1541570368,58.37618480167752,26.756319172060795
W_6111412917,58.37618480560963,26.771223648566515
W_7910478163,58.376184874473125,26.712556664937157
W_6694556788,58.37618562004037,26.722092339139216
W_7796416844,58.37618640849037,26.715496587318448
W_330041173,58.37618739794072,26.70993096335779
W_11752330536,58.37618756865869,26.75725610085212
W_12047921756,58.37618788761435,26.710306081080407
W_7568858401,58.37619047180331,26.747104556119798
W_4813097772,58.37619547075794,26.730527710072415
W_7563320642,58.37619805165984,26.748902998324414
W_6707731197,58.376205547939115,26.7286217622278
W_11805717109,58.37620585592624,26.684311372334008
W_564642444,58.376206428684874,26.701945530099387
W_cluster_4812388640_7569305656_956710375,58.37621332625445,26.747307512171304
W_330267656,58.37621401199278,26.711056281965526
W_292254817,58.37621431847924,26.71075433530812
W_4812388704,58.376216418625795,26.746055432182875
W_7838021583,58.376216563413834,26.731547593174355
W_cluster_12095764258_12095764259_330040554_330045375_#6more,58.376220820927124,26.72887828027009
W_cluster_11016375902_11975958039_2439408818,58.37622123763256,26.71012012744198
W_4813181304,58.37622240649543,26.68141915631368
W_7910478166,58.3762227714655,26.713075098942312
W_7563320669,58.37622297359302,26.747417380843814
W_8114993600,58.37622600751117,26.72203730918585
W_6694549582,58.37622613112499,26.724798233147325
W_11975958038,58.376227304022514,26.709903621603456
W_330041170,58.376229476444884,26.710347629438242
W_1541570454,58.37622957624967,26.755354045268618
W_4812271039,58.37623155048291,26.745307986649333
W_7796416834,58.37623180980776,26.716569953384877
W_3773486972,58.37623302345969,26.693312703063672
W_11022082593,58.3762343998149,26.732216487829167
W_6324929091,58.376236773378174,26.6925914914921
W_7962916549,58.37623696684272,26.73530959998146
W_12971846441,58.3762376088702,26.705602282787346
W_9807260118,58.376240078043,26.764503417929152
W_6139477581,58.37624188371614,26.76864855037649
W_cluster_1404484653_6139477574,58.37624207970928,26.767714677698596
W_12034750706,58.37624366222142,26.71746286810553
W_4303710043,58.37624367886582,26.711267708287476
W_cluster_2946341275_4645240316,58.376245785898135,26.698804701352085
W_12039721548,58.37624613710293,26.722373632408356
W_3017642813,58.37624807476373,26.764212192287275
W_12091694662,58.376248755956546,26.72304401027102
W_4645121330,58.37625128313497,26.69957746857457
W_7568819182,58.37625575907541,26.747009197173103
W_5983199202,58.3762562513182,26.750511300523875
W_564642440,58.376259579252206,26.701859593621094
W_11780533613,58.376261228891636,26.762145515106894
W_7838021582,58.37626433666238,26.73167204312129
W_6419795090,58.37626578806997,26.719602462161916
W_7563320664,58.37626700617221,26.748250233819547
W_7595975817,58.3762673220061,26.74536568987404
W_2296317750,58.37626820862517,26.68835424431201
W_4645292082,58.37626843448612,26.710337906478323
W_cluster_3594270005_8071971040,58.37626925102576,26.73633077128301
W_4813097764,58.376269259862944,26.73149265146787
W_12095740598,58.3762705860967,26.728754453547936
W_8157774620,58.37627175975594,26.714217337649035
W_330267658,58.37627179754548,26.71087235171847
W_11022082591,58.37627276349071,26.73230835349206
W_11807424570,58.37627697084782,26.772694815484336
W_332673352,58.376278371812376,26.749007407232675
W_2296317751,58.37627843116655,26.688126071165378
W_13556580655,58.37627880823766,26.685561758014753
W_1541570493,58.376283594145136,26.754154614148256
W_cluster_330041150_330043474,58.3762856824468,26.692499764529096
W_11976448110,58.37628599100897,26.71214960214129
W_6139477573,58.376286801960006,26.76786005561233
W_956710386,58.37628721233749,26.745205683616124
W_13145785169,58.37628865076432,26.72247075514148
W_cluster_12037596694_8157540223,58.37629093524263,26.71788394762432
W_7562781863,58.37629115279958,26.747604283822717
W_12034750712,58.37629288462518,26.717342278074096
W_7562781857,58.37629296192663,26.748615596595812
W_6139477578,58.37629376325543,26.769326986858317
W_9210022671,58.376294849798306,26.69585031731437
W_2409197021,58.37629622812275,26.722485912565755
W_5875646950,58.37629628444736,26.728505314434916
W_6139476474,58.37629688988761,26.760172891474554
W_566138927,58.37629886553259,26.700989161426126
W_cluster_12971846443_12971846444,58.37629891576812,26.706016219801747
W_cluster_6064864869_6064865488,58.37630215816592,26.698028157226986
W_6694556793,58.37630290757063,26.72130150480631
W_6139477575,58.37630470295875,26.76802407538341
W_12095755074,58.37630472583133,26.73075991826041
W_12037598397,58.37630485951275,26.717518459288755
W_6111412909,58.37630531806495,26.77141367819954
W_cluster_10045202540_330036614_7214519349,58.37630586745503,26.722416420356783
W_7796416828,58.37630672926501,26.716210814463448
W_6707731193,58.3763074859074,26.728832477681152
W_7214519350,58.376308652271085,26.72220951669917
W_7568858395,58.376309876650424,26.746216504546965
W_12039803236,58.37631106949913,26.719239974269165
W_12034750711,58.376311717250324,26.717614322428542
W_5604992457,58.376313689342005,26.69888225915739
W_7910478162,58.376314734724,26.71099407792628
W_1541570500,58.37631596101625,26.756239789620075
W_6694377366,58.376316955333344,26.733990942027283
W_7563320643,58.376321001218216,26.74866993870898
W_11022082592,58.376321897109555,26.732224544762197
W_4812271040,58.37632498838102,26.74545845670472
W_7563320614,58.376325156908855,26.74754043771389
W_1390575644,58.376325310994886,26.75023041146377
W_11807403249,58.37632581143221,26.771674113816808
W_7910478158,58.376326419182114,26.710759060203028
W_7910478155,58.376326931898575,26.711225138894143
W_6139477570,58.376328537046255,26.768340054522863
W_1423873848,58.37633086557083,26.77817956532743
W_8833399344,58.37633098191776,26.707389923440005
W_11976448041,58.37633430711494,26.7124273880435
W_6173231988,58.37633468063584,26.762232902789123
W_4645292037,58.37633520385168,26.71083096958781
W_10718635557,58.37633626260107,26.71515154666666
W_7569503238,58.37633657518131,26.748825587703585
W_7565148936,58.37633921947516,26.745478700447464
W_7568858411,58.37633965846926,26.74542843013954
W_7910478157,58.37634228741588,26.710905286598372
W_12037598396,58.37634308205328,26.717297251688258
W_8154476057,58.376344477632045,26.774964266086688
W_1602200781,58.37634484838631,26.72483116224583
W_7569503229,58.37634619694813,26.748739860002846
W_cluster_6111412915_6111412925,58.37634629852191,26.771175926713873
W_cluster_3594270008_7962916547,58.3763464738588,26.73571160124197
W_7595975814,58.376349230203395,26.745409040830765
W_8157774621,58.376350431823695,26.71542465361791
W_1404484748,58.37635107671498,26.76425202664766
W_cluster_2662982952_330045506_6694407907_6694491428_#3more,58.37635123370013,26.73207984709607
W_6064864859,58.37635152390213,26.69755737759676
W_4813097776,58.376352265848084,26.730388707367887
W_7595975811,58.37635282063022,26.745453126972258
W_6139477582,58.37635293358555,26.76861978336006
W_11977790688,58.37635406428337,26.711507713144734
W_4820494604,58.37635612879411,26.726407481376413
W_11805717120,58.37635652256642,26.684366278173957
W_6111668669,58.376357764812504,26.762137000565684
W_11976448111,58.37636061641992,26.712104540391707
W_11807403256,58.37636229318191,26.77213739585465
W_7595975815,58.376362393047664,26.745434079611634
W_6111412922,58.376363529079676,26.770816422226474
W_7569503225,58.37636386729762,26.748773758773513
W_6139476472,58.37636577089906,26.761082020308237
W_1541570414,58.376366089564065,26.752591825606803
W_5081404005,58.37636867916701,26.69034028452828
W_9807260119,58.376369975747245,26.764467844205136
W_4812043115,58.37637042987566,26.745365460017545
W_1754124756,58.37637510949813,26.72237227744465
W_cluster_11761362641_12039803238_12039803239_6419795092,58.37637511018684,26.719733076254162
W_6304257840,58.37637748988625,26.681407670862182
W_3773486973,58.37638144933627,26.693408701268716
W_6139477589,58.37638191492888,26.768951972470212
W_12037598398,58.37638191940031,26.717436116399202
W_6111412908,58.37638381517178,26.770608895882347
W_6694556797,58.376385721594346,26.721138252645822
W_2296317753,58.376386798343646,26.688404662878394
W_11977790692,58.37638697962923,26.711048541859597
W_4387530766,58.37638737652404,26.756907816621062
W_11750789169,58.37638750495843,26.752193983484645
W_6694556810,58.37639073109261,26.72241079556479
W_1602200782,58.376391936927185,26.725010150610455
W_cluster_4812388662_7595932474,58.376392253813975,26.745319651953686
W_7562781861,58.37639401084309,26.74779641133689
W_6111412910,58.37639528107531,26.772556076373306
W_7568858385,58.37639551861535,26.74673976303185
W_cluster_11976448051_1399685431_330041094_330046127_#1more,58.37639573571189,26.712384998861072
W_4813181189,58.37639645409446,26.698748362784617
W_4645120943,58.37640321859653,26.69473905806034
W_11780533615,58.37640325088397,26.762109851093655
W_7572160571,58.376404183748264,26.745357009958575
W_11976448049,58.37640482853841,26.71203476353315
W_330043495,58.376405605787554,26.7783950400167
W_4387530767,58.37640696585482,26.756960171819728
W_11976448112,58.37640878317177,26.712075936828757
W_3681336530,58.37640900195621,26.692538187462983
W_6139477569,58.376411628708645,26.769292364232047
W_7572160570,58.37641178975384,26.745342764068806
W_5604992456,58.37641392563,26.69827238389826
W_7563320676,58.3764142821031,26.748056493745942
W_11977790693,58.376414473343495,26.711491319205944
W_6139476473,58.376414493555714,26.761586927892022
W_2564295045,58.376418353218284,26.72514057167292
W_6123698725,58.37641850135384,26.745330405364925
W_1404465246,58.376418722546,26.766072651067166
W_8785067780,58.3764241240018,26.715403714018464
W_7569503202,58.3764266365645,26.748950957833102
W_7563320615,58.37642676337111,26.747735480770494
W_4812388718,58.37643085099785,26.74858110440789
W_7597981286,58.37643213475547,26.745592244110412
W_6498319167,58.37643387330763,26.715425862573703
W_6111668241,58.37643421416385,26.767675629127076
W_6304257835,58.37643479614779,26.683510520423603
W_7562781859,58.37643487972182,26.74834581121692
W_7796416835,58.37643718957509,26.715584502855673
W_4645121317,58.376437322374066,26.699935452942505
W_11976448044,58.37643908174522,26.712369429163545
W_11807403262,58.376440360624066,26.77310872598935
W_7569503203,58.3764406784366,26.74892076611994
W_1541570462,58.376441321439735,26.755803788320417
W_cluster_12095764226_9209582639,58.3764423588753,26.72932779003403
W_7568858408,58.376445847315296,26.74562275033223
W_11807403263,58.37644586759073,26.77317537168812
W_6111668667,58.37644609585758,26.76342078615369
W_cluster_2409197110_8114993605,58.376446836272784,26.722604414239658
W_11977790694,58.37644977666095,26.71193283674413
W_1541570340,58.37645013518598,26.753839199751756
W_7796416836,58.376450329153066,26.71620384828951
W_6111668677,58.37645052554235,26.76578229243563
W_6173231989,58.37645102707801,26.76380545167754
W_566156523,58.376455901004945,26.700467035390297
W_12043408034,58.37645692706788,26.716344167793586
W_7796416829,58.37645815295669,26.71637048848247
W_8164738630,58.37645899139981,26.704971925511497
W_7563320644,58.376463189241974,26.74840049336547
W_6064864858,58.3764667604527,26.697824997398374
W_5081404003,58.37647067366371,26.6899540072644
W_4812388703,58.3764735841483,26.74556937676571
W_8164732880,58.376473652930834,26.775949469016023
W_12039795472,58.3764762269241,26.719849052118636
W_12095764224,58.37647991870938,26.73001671257272
W_cluster_2408311688_2409197130_2467752508_330041422_#9more,58.37647998629467,26.726198101116
W_12037598395,58.37648119120959,26.717162784583646
W_7910478160,58.376482200326244,26.710657763533725
W_4813097775,58.37648378494374,26.73057321473913
W_11980258682,58.37648458521669,26.713958979538596
W_6111668653,58.37648567585702,26.763745891023426
W_7569359659,58.37648758722282,26.746561970762897
W_7962916546,58.3764883256404,26.73516221584964
W_7563320646,58.376491586679315,26.74790599553927
W_11805717122,58.37649736248224,26.68436980787935
W_1404484692,58.37650081834737,26.764604267145256
W_7563320659,58.37650339640726,26.74788265837494
W_8114993601,58.376503479545086,26.722631839057055
W_680161078,58.37650417799594,26.71364319617385
W_6694377316,58.37650948411104,26.727521752376813
W_1404484726,58.376510306717016,26.766205065361607
W_7962916552,58.376511978775376,26.733661368310344
W_6111412923,58.376512494843325,26.770895473752113
W_11607686964,58.37651265096395,26.70134589337915
W_2467752509,58.37651281866627,26.753088514021446
W_cluster_11976538166_11982906466_11982919991_297301757,58.37651297161264,26.70830571258155
W_7563320645,58.376514516705406,26.748239409140677
W_6694491430,58.37651452322158,26.731910367401365
W_2564295047,58.376515501895234,26.72504201699699
W_1541570498,58.37651710263902,26.756263194208845
W_cluster_4813181190_6064864877,58.37651761090003,26.69855549302076
W_7568858406,58.376517650822755,26.746504135769023
W_7563320657,58.376518399792154,26.748295804070008
W_12037598399,58.3765192203748,26.71730165615354
W_cluster_11982758519_11982758526_11982758614,58.37651999939908,26.705958471238002
W_7569359657,58.37652320662307,26.74663386790031
W_cluster_11978303453_5969593211,58.37652564758636,26.714167582094966
W_7569503205,58.376527156746505,26.7491427646296
W_7568858394,58.376532131931974,26.745789516452533
W_7569503206,58.37653905919336,26.749120795018936
W_8114993606,58.37653915782487,26.722600270144923
W_4812388707,58.3765401677312,26.747810072547612
W_8785067775,58.37654082013025,26.716143792417274
W_2296317754,58.37654125164328,26.688503152460527
W_1541570338,58.37654238759494,26.752633165023482
W_330041762,58.376542667554205,26.770741911337556
W_6694549573,58.3765438335671,26.72305930889152
W_2408311691,58.37654425568411,26.7258860817136
W_7569359599,58.37654567623597,26.746687222848294
W_1404484733,58.37654717023019,26.76154893083561
W_11800102092,58.37654733095007,26.76631458807033
W_1602200776,58.376547665527575,26.72517205189558
W_6694491431,58.37654879217183,26.731976788817082
W_cluster_1541570280_4812389447,58.37655502930722,26.755239802290614
W_7572160527,58.37655761974255,26.745734278310014
W_12095755037,58.37655877249097,26.73039841672261
W_2409197122,58.37656255243775,26.725287175244688
W_4645121331,58.376563307812525,26.694830174624926
W_2409197124,58.37656578620757,26.725874288243467
W_11752330538,58.376565959111375,26.75834724663836
W_4645121344,58.37656618755629,26.69355345612473
W_11978303459,58.376566379408004,26.713624910536225
W_1352431996,58.37656689990243,26.759706683981364
W_8785067779,58.37656846756945,26.715084874703457
W_11016375900,58.37656857493472,26.71012890536569
W_3773486976,58.37657037679103,26.692640396482687
W_566138929,58.37657298014241,26.700795518041076
W_12037598410,58.37657302387595,26.7183226483584
W_8785067776,58.376574653232204,26.715483716556292
W_7572160526,58.3765756851884,26.745695336386767
W_7563320674,58.37657678351311,26.748023533576127
W_8785067781,58.376578471663564,26.715221576492105
W_2296317756,58.376578911421795,26.688329619629858
W_11750773565,58.37658185373804,26.752327009502228
W_11755410245,58.376582106504856,26.775565449567377
W_6111412924,58.376582793031936,26.770528954792027
W_4812388661,58.37658301839377,26.745679382684923
W_6111668670,58.37658349149332,26.76200280277651
W_cluster_7884736173_7962916545,58.37658373332708,26.73530392560466
W_6694491429,58.37658405403292,26.73178810372535
W_12038187572,58.376585249144405,26.7224417537453
W_7563320649,58.37658596036102,26.748077155205664
W_6139477488,58.376586850067746,26.76153891741385
W_7595975835,58.376587974095756,26.744874383111803
W_7572098859,58.376588376390266,26.74498619975212
W_7796416831,58.3765884904483,26.71674251676624
W_7796416833,58.37658902974809,26.716255737854674
W_8153886334,58.37658980860293,26.718603773522442
W_330046305,58.37658998841406,26.723012954169015
W_7572160562,58.376590351936606,26.745663599951914
W_12095755045,58.376597733599375,26.730944736305144
W_cluster_4813181297_6304257847_6304257862,58.376598591449145,26.68143371840415
W_2296317757,58.376601955507404,26.686767358290567
W_4812388698,58.376602910744346,26.74797325078013
W_324550962,58.37660317848179,26.68057074909009
W_7572160578,58.376603550568845,26.74566145324398
W_7572160563,58.37660370846956,26.745650509517958
W_6123698724,58.37660383479287,26.745623665068166
W_cluster_4812043118_7572098846,58.37660481568562,26.74489751455478
W_11808920773,58.37660626521885,26.762271768621382
W_cluster_2415667362_6854135420,58.3766080027695,26.73134423389844
W_2408311692,58.376608021724145,26.725842671691773
W_564730141,58.37660887126553,26.70070356986215
W_cluster_4645111851_4645240318,58.37661606301953,26.69963198782789
W_12037598394,58.37661867756541,26.717031057063345
W_7572098838,58.3766187046344,26.744926309603336
W_cluster_11559459923_330045938_330045944,58.376619193186364,26.703054605393913
W_7568858390,58.37661929278654,26.74621718957483
W_8833399347,58.37662297816838,26.70707786444946
W_6958344153,58.37662502219133,26.68011027753927
W_1495179496,58.376625790838276,26.71683591392932
W_7569359655,58.37662703095333,26.747087070449698
W_6111412951,58.376627389412334,26.77055567978082
W_cluster_4645120967_8145801743,58.37662741540411,26.690962943993718
W_7569503208,58.37662929664474,26.74933627080904
W_6854266653,58.376630661626955,26.702810180952167
W_6304257864,58.37663126491236,26.682511101573347
W_6064864868,58.37663135014465,26.69925707326577
W_7572098851,58.376633195308706,26.744896454839886
W_11977790689,58.37663575850646,26.71088459161349
W_7572160530,58.37663590542594,26.74617022229215
W_1602200784,58.37663659046148,26.724339551261902
W_2467752510,58.37663793578937,26.75351029783861
W_11559459936,58.37663842688571,26.70282789741617
W_7569503209,58.376638961127284,26.749318078591042
W_4645121312,58.376639281971606,26.70045727439368
W_6304257861,58.37663967179731,26.68202595987208
W_cluster_6854135402_6854135452,58.376641179117705,26.731061012752935
W_cluster_6694491424_6694491425_6694491440,58.37664369003535,26.7319589713957
W_2409197114,58.37664458717926,26.722386403748786
W_12037598403,58.37664600164697,26.718221702499388
W_12037598477,58.3766464058422,26.718528092469054
W_cluster_4645121318_6064864876_6780572968,58.37664848272302,26.695824363201
W_6532636005,58.37664873619644,26.715476965004953
W_9026473179,58.37665089997588,26.770794725460217
W_4813181271,58.3766519810712,26.67954101663193
W_7746387051,58.376654352640394,26.69964397289643
W_12037598400,58.376655194001124,26.71717626733706
W_330040634,58.376660035846115,26.764834882160006
W_7568858398,58.37666016276734,26.746037881916124
W_4387530768,58.37666061282433,26.75668041722277
W_cluster_12034750731_330044049_7080362440,58.376660819939715,26.71529665646599
W_8145801778,58.37666542555861,26.716441662063836
W_6854266652,58.376665876697,26.702890757712687
W_11807403252,58.37666718588064,26.771615656825134
W_cluster_7580175463_956710368,58.376667699780015,26.74812649827232
W_968046867,58.37667280520925,26.696081818676955
W_330040552,58.376673013598506,26.727890318048075
W_6109636987,58.376675173822115,26.779037253563914
W_9807250916,58.37667577118901,26.76455112462619
W_4241783850,58.376682447748315,26.729078374686303
W_7580175467,58.376685203436054,26.748166895409778
W_11559459922,58.37668537129838,26.702931457739485
W_8775800139,58.37668725716904,26.71518958191826
W_2662982954,58.37668839529437,26.731604877944047
W_4645120941,58.376689494927064,26.69369959973519
W_cluster_12034750725_12034760714,58.376689758802954,26.7159926481126
W_10215404741,58.37668977137962,26.77098511413048
W_1404465245,58.37668985795074,26.7642991797913
W_1602200777,58.376689976507734,26.72456482654642
W_2564295048,58.37669079294663,26.72477751745985
W_7569359656,58.376690921007466,26.746966415491794
W_11755410247,58.37669285178031,26.775669556027616
W_11807403254,58.376693353837965,26.7720367781556
W_7214519358,58.376696024825215,26.721711831286
W_cluster_12143025204_8164732879,58.376696043311505,26.775184641467227
W_12037598414,58.37669646449033,26.71866498963675
W_11978303451,58.376697028179,26.71522147618515
W_4645111861,58.37669834897722,26.692110446313933
W_6064864879,58.376700852535215,26.69913594188791
W_1680571684,58.376701702161135,26.716924898582413
W_11238821394,58.376703891694355,26.77220478186176
W_6111668716,58.376704159518155,26.763969096215238
W_11982758529,58.37670575940166,26.706594334541606
W_cluster_330045510_8107463341,58.376709123712416,26.732798663816283
W_966093399,58.37671091072534,26.73889147072691
W_cluster_4812388699_7572160529_7572160531_956710382,58.37671094142603,26.746099753235928
W_7572160532,58.37671150631334,26.745931677327157
W_4645111886,58.37671205726888,26.695780216498257
W_6854266651,58.37671289818644,26.702988846231236
W_7884736175,58.376714586256305,26.735343296621696
W_12034750758,58.37671616607955,26.715467189364823
W_6111668654,58.376716889086964,26.763712372618464
W_12037598402,58.37672018120203,26.718422182088894
W_7569359595,58.376723379006904,26.746302786400275
W_7572160535,58.376724834045,26.745904053979885
W_12034750722,58.376727215395896,26.71644014048795
W_4645120965,58.37672742425778,26.691055595061876
W_6061902453,58.37672998931215,26.686859749154674
W_11977790696,58.37673062258819,26.711929351007615
W_7569503211,58.37673206795923,26.749531312437437
W_12037596706,58.37673502918579,26.719212498655555
W_2409197105,58.37673640800135,26.722275572250755
W_4813097773,58.37673698167342,26.73126032888921
W_8169788953,58.37673788269175,26.757737900553067
W_11807403253,58.37673855883453,26.771598610743073
W_6139476481,58.37673919417467,26.761499761411333
W_7569503212,58.376739660386534,26.749509886310637
W_2597570920,58.37674338174884,26.72467383679532
W_12037598401,58.37674366194388,26.71709468646633
W_7580175459,58.37674759950197,26.748336574601456
W_11808920771,58.37674993249869,26.763221272245495
W_11977790697,58.37675151789763,26.71195516950115
W_cluster_9209582638_9209622549,58.37675163614601,26.72981561780519
W_6064864855,58.376754617854985,26.69904486536603
W_6694491410,58.37675497995901,26.733167460334894
W_2415667365,58.37675641822263,26.731749009474214
W_11976448114,58.376756483898866,26.709540564621797
W_11982758520,58.37675753686844,26.706887988546086
W_cluster_1404484716_6583645433_6583645435,58.376758751151996,26.76303604332954
W_7580175460,58.37676129003381,26.748310488360023
W_13556580658,58.376762278545144,26.685338945695623
W_8114993615,58.37676475273345,26.726053811769727
W_12095776419,58.3767667567378,26.727878824697036
W_1602200779,58.37676689690817,26.724916956576532
W_6061902451,58.37677057666801,26.685170457334394
W_12037598413,58.37677212868922,26.718560261205305
W_3015112790,58.3767727276079,26.766982650330334
W_2408311696,58.37677322013135,26.72606537270905
W_844163063,58.376774328127645,26.723072036132454
W_6694491418,58.376777549409724,26.732662902243504
W_7569305667,58.37678175610688,26.746391960296986
W_7572160536,58.37678183171,26.745795756591814
W_11808920772,58.3767836547401,26.762322211117688
W_9209622550,58.376786535645444,26.72975465350526
W_11805717112,58.37678791193553,26.683821618482977
W_6694491411,58.37678917660299,26.73324260388914
W_12037598406,58.37678990439548,26.71802581017141
W_7572160537,58.376791208026496,26.745813641939524
W_2296317759,58.37679317721671,26.684645862552497
W_cluster_5081404004_6958344086,58.376795740519086,26.690186423300712
W_cluster_12038173410_2409197092_2409197093_7214519357,58.37679659423889,26.721866117466806
W_cluster_12037596705_330045705,58.37679661982087,26.719283991563405
W_4812043120,58.376797800471124,26.74456750025175
W_2296317760,58.3767986346094,26.68398121725119
W_2296334289,58.376799858864615,26.683822195530954
W_2296317761,58.376800964518196,26.68368796686355
W_12091694597,58.37680191256357,26.723784289767835
W_6123698726,58.37680216678968,26.744595167284775
W_6304257860,58.37680243609791,26.682033215569223
W_11750789171,58.37680536586887,26.752399819142425
W_1148188331,58.376805987003046,26.724926398159216
W_12037596704,58.37680996278149,26.719429901768994
W_7572098849,58.37681136686533,26.74456962493832
W_11800102135,58.376813225099305,26.76432656863978
W_7580175475,58.37681620476612,26.748375240314214
W_11800102110,58.3768163755179,26.766635959382278
W_7595975830,58.37681690160121,26.744417584606108
W_7572098856,58.37681976303978,26.74454631111585
W_1157951758,58.3768217244202,26.726151170280275
W_7910478153,58.37682226504216,26.71354487079188
W_11991913359,58.37682766340436,26.71439373901662
W_6304257863,58.376827827912955,26.682239872311392
W_2415667381,58.376828952097945,26.731902853152157
W_10215404767,58.376829072955196,26.7714867185778
W_6064865489,58.37683051908738,26.697256458775296
W_cluster_1404484673_6583645432,58.37683367842762,26.76241711003278
W_7569503217,58.37683510775087,26.749726011338787
W_1541570370,58.37683720373197,26.754334737005202
W_7575086557,58.37683800654044,26.745906488999267
W_6694491409,58.37683919232719,26.733021492291876
W_6304257851,58.376841857677505,26.681813152219085
W_7569503218,58.37684387548129,26.74970850938807
W_cluster_11976448042_7910478138,58.37684417310945,26.711979719361448
W_8785143654,58.376845056781654,26.70428700818889
W_2296317763,58.37684521300938,26.684914520083705
W_8169788952,58.3768471010701,26.75802439680346
W_7572098836,58.37684770415864,26.744415481103925
W_7910478154,58.37684832528156,26.71379206671109
W_2167263353,58.37685005391934,26.750481462290033
W_7580175456,58.37685072655755,26.7485290467636
W_11982758538,58.3768539967289,26.70606392268297
W_7816105604,58.376854159400466,26.750468096934245
W_12095673300,58.37685419466526,26.72625709685312
W_1610343202,58.37685492054561,26.700453395171593
W_11982758540,58.376856349794124,26.705954305292
W_8154384307,58.37685826718828,26.685877873752297
W_cluster_330045514_4813097796_4813097797_6694377367,58.37685829915353,26.733139323670212
W_cluster_4812389421_7598467122,58.37685844218211,26.744575610972408
W_6690778436,58.37686076703275,26.7482908013134
W_7580175457,58.376864150706616,26.74850450122896
W_11982758542,58.37686437822085,26.705813009449752
W_12037598405,58.3768664367239,26.71823413646319
W_11745925460,58.37686742880575,26.777199394618307
W_11800102093,58.37686911274312,26.76625039521115
W_2408315928,58.376871592366406,26.73035191799237
W_12095673299,58.376871724431,26.726222423254136
W_8449142810,58.37687204971932,26.700250468249486
W_cluster_11807441769_11807441770,58.37687494452326,26.761906972731143
W_12095740596,58.37687559949165,26.727661013883225
W_12091694598,58.37687612717971,26.72396340917119
W_7589753534,58.37687696798827,26.748262474360516
W_7572098861,58.37687769838708,26.744413383443085
W_2296317764,58.37688167936933,26.685061066581568
W_1541570386,58.37688216569786,26.754409826357374
W_11755410215,58.37688261216545,26.776789290932793
W_6304257832,58.37688432743461,26.683148463677437
W_cluster_11807441773_330040675_6583645436,58.37688881960482,26.761495845143525
W_7962916558,58.376889081291516,26.735726693726214
W_11800102126,58.376890029655264,26.766984270722176
W_6111668717,58.37689328343196,26.764344329617224
W_11534737744,58.376894466051894,26.730508702640783
W_1680571698,58.376895028708255,26.716985073891312
W_6694491432,58.3768951276569,26.731251090438697
W_6694491439,58.37689687623569,26.73238655179551
W_7910478139,58.376896979134635,26.712256959927213
W_cluster_11016375897_12147662120,58.376897879502074,26.7105040696677
W_6958344096,58.3768989762894,26.689608290729815
W_11750789172,58.37690003415534,26.75384581230734
W_6958344123,58.37690063217883,26.683858567677714
W_9026473178,58.37690320766377,26.770853786968008
W_6694491436,58.37690391929527,26.73274863304713
W_10215404744,58.37690520496786,26.77111691113295
W_6958344122,58.37690525358568,26.68369318883891
W_11800102134,58.376905783236865,26.76538020996106
W_7569305664,58.37690625460474,26.746625992737606
W_6958344121,58.376906394427685,26.683536903051376
W_1352432014,58.37690699809045,26.7612739622723
W_5908778633,58.376908158124195,26.734354611557766
W_10215404758,58.37691114838132,26.771377103153288
W_2409197115,58.37691436553357,26.722705213570247
W_cluster_7214519355_7214519363_7214519365,58.376916818724816,26.721434986671042
W_12037598404,58.37691686546701,26.71837581854875
W_11982758531,58.37691870020242,26.7067066103916
W_cluster_6061902454_6958294966,58.37692000657093,26.689687953646615
W_4645240306,58.37692083008731,26.700370082380008
W_cluster_11559459901_11559459902_6958265437,58.37692138276293,26.700184051675663
W_7962916559,58.37692188125879,26.73577859725318
W_7572160541,58.376923301265485,26.745529378945015
W_4645111875,58.376923354148445,26.69478192734029
W_5604992455,58.37692345148301,26.697473149124935
W_7569359660,58.37692522180126,26.747407233146618
W_12091694599,58.376925298343444,26.724024577837177
W_11755410260,58.37692662407833,26.77653305689981
W_6694491470,58.37692852796688,26.734302480664436
W_11991913353,58.37692985236046,26.714142598945188
W_6694491473,58.37693066309971,26.734856096607558
W_7572160542,58.37693132496979,26.74554453835835
W_cluster_8775800145_8775800152,58.37693203127819,26.71524181013479
W_8154384305,58.376934771322404,26.687007542367716
W_4645121348,58.37693518754105,26.693869305396976
W_12037598332,58.37693580674875,26.719558505468793
W_7569503214,58.37693598569271,26.749917649037005
W_6304257834,58.37693646319567,26.68240406234544
W_12034760711,58.376937725733214,26.71606725459201
W_6694491459,58.37693805312446,26.73313820858432
W_11755410235,58.376940069324434,26.77595198381906
W_6304257859,58.37694129633546,26.68203521500557
W_11755410250,58.37694290181738,26.775928199722742
W_6583645431,58.37694295062777,26.76128808172611
W_11982758535,58.3769439564247,26.706440014191905
W_7569503215,58.37694466396865,26.74990031869648
W_2564295055,58.37694501783837,26.72413111523315
W_6304257848,58.37694574775201,26.681693898784815
W_6064864866,58.37694621471533,26.700087237386054
W_11982686569,58.37694664932585,26.717870164956008
W_4712105435,58.376947665843204,26.75503242082281
W_7589753513,58.37694833230934,26.7480598681818
W_4813181303,58.3769494506741,26.681413116165526
W_1404484757,58.376950720787676,26.767564175110905
W_7580175453,58.37695313212502,26.748720157338894
W_4645240309,58.37695361051607,26.700445890572738
W_11800102123,58.37695416029356,26.766985557736117
W_4645120963,58.376954630172584,26.695734186805996
W_6111412945,58.376955417559635,26.770618009683595
W_11016375896,58.37695578109666,26.710769298178484
W_12038187600,58.37695598301939,26.722803371441863
W_7575086544,58.37695686083569,26.746510047711187
W_7589753514,58.376957086334905,26.748081178241403
W_4812388642,58.37695886488821,26.748483480724826
W_6694491434,58.37695900994472,26.73113382552551
W_11755410249,58.37695909130399,26.775838503823888
W_2415667400,58.376962080524095,26.73217079456564
W_2296317766,58.37696299437116,26.685293216944203
W_7589753572,58.37696503023546,26.748192942345852
W_7580175454,58.376965117603774,26.74869476713616
W_12037598299,58.37696546440489,26.718747654535488
W_6707731194,58.376972198264625,26.73018718080791
W_11991913358,58.37697292808684,26.714368115083484
W_11800102140,58.37697295733129,26.766999625126463
W_4813181298,58.37697388106905,26.68369650723335
W_cluster_5160920840_6304257807,58.37697404520381,26.68350842757518
W_11991913348,58.37697490572488,26.713484132696504
W_cluster_330041768_6111412938,58.37697628610248,26.770735850195244
W_11982758534,58.37697681748564,26.706552588080115
W_7214519361,58.376979153468504,26.721353621888987
W_7214519366,58.37698257599022,26.721647167480562
W_4645240313,58.37698296517673,26.700516256568992
W_11559459907,58.37698461116666,26.700144873839655
W_6583645437,58.376989701216466,26.759823495434812
W_12037598331,58.37699095029928,26.719474971661406
W_4645121311,58.37699239105342,26.70028381469303
W_7575086543,58.37699386798894,26.746420872782757
W_6123698755,58.376994669029735,26.75007299645713
W_11016375898,58.37699539754592,26.711330130623164
W_4712105441,58.37699776833004,26.75823931282109
W_8153886335,58.376999180086194,26.7180689374129
W_4229015563,58.37700041094956,26.72993647977187
W_cluster_1935190418_4387530774,58.377000748537824,26.777839215205415
W_564642439,58.37700079958675,26.700730172640647
W_6694491433,58.37700101259107,26.731333039651307
W_2431033148,58.377002392763416,26.734146846583005
W_11807436768,58.37700368070192,26.761923374503738
W_8145388530,58.37700474845112,26.691230648561888
W_2564295056,58.37700598166966,26.72403796822912
W_6690778438,58.377006570893066,26.75009667850379
W_cluster_6061902455_6958344095,58.377007178289674,26.68974583456698
W_7816105605,58.37700725496352,26.75012505632923
W_8154384302,58.37701070279782,26.68599517937269
W_4645240321,58.37701078856476,26.70058475487088
W_cluster_6583645430_6583645463,58.377010856567615,26.760233019407803
W_7569503201,58.37701471104308,26.750033700336843
W_1680571722,58.37701776134249,26.719783207028513
W_1541570361,58.377020615917715,26.75284525285222
W_7569503233,58.377020795396085,26.750021859690627
W_1340940386,58.37702411809103,26.75983283644344
W_4645121313,58.3770259634601,26.700352606052885
W_7575086545,58.37702597829202,26.746353447271687
W_7569503226,58.37702652076391,26.7500561861754
W_8785143656,58.377027499791744,26.703250196168
W_11800102120,58.3770301254086,26.766876484696034
W_2409197083,58.37703121620043,26.722788419089714
W_7214519364,58.377031478512286,26.721584203614253
W_2431033147,58.37703253256801,26.73356648436322
W_6064865487,58.37703512897223,26.6977168661617
W_11807441771,58.377039990093486,26.761791304367257
W_4812388715,58.37704192189619,26.749847994533337
W_5875646958,58.37704282149859,26.730030023847668
W_7572160546,58.37704282729513,26.74529410470728
W_11800102094,58.3770449051759,26.76621401076909
W_cluster_2296317768_6958344088,58.37704526282552,26.689006180697483
W_4645240320,58.377045909623654,26.700662937357457
W_7572160577,58.37704730901288,26.744072932411157
W_7569305661,58.37704769993635,26.74689136579193
W_12037598411,58.37704906937424,26.718210282135395
W_7131849637,58.37705116434319,26.777235510068937
W_11016375903,58.377051189750915,26.709351603227528
W_7572160547,58.37705220470115,26.745312502986664
W_7575086560,58.37705280068979,26.746291701939626
W_7589753516,58.377054315550474,26.747877702818784
W_4645111880,58.377054774089444,26.700420753981106
W_1162539151,58.377055159671954,26.744001405859827
W_7580175450,58.37705598781889,26.74891194974243
W_cluster_11982919994_330042150,58.377056839063705,26.708004915187967
W_6109636988,58.37705769415803,26.77856689003573
W_6111412950,58.37705780053915,26.76996317567889
W_566138923,58.37705811187828,26.70031181113904
W_6109636282,58.37705879649442,26.77811395714901
W_cluster_2408315935_2408315936_2475219099_2475219101_#5more,58.37705945223583,26.730677057121937
W_6139477567,58.3770597710295,26.76911151129257
W_4812043122,58.37706042680283,26.745472652166494
W_7589753517,58.37706117105424,26.74789270017232
W_4645120929,58.37706119143032,26.695184251076103
W_cluster_11982758597_11982758621_330045940,58.37706365146961,26.70556633587248
W_2415667384,58.37706450018547,26.727669646225465
W_12037598298,58.377065694149984,26.719032052234947
W_564634825,58.37706601506607,26.70084947778437
W_7816105618,58.37706632016529,26.749647946027977
W_7580175451,58.377068067842416,26.74888895258192
W_6694491435,58.37706902999446,26.731217452892217
W_6113529867,58.37706947335672,26.763160314484228
W_7598467124,58.37707012454289,26.74402916725037
W_7913959317,58.377071551640014,26.769868363212552
W_cluster_330036697_330347097_418065240,58.377074467423796,26.727288625197716
W_cluster_3594270014_6694491469_6694491471_6694491472,58.37707514595696,26.73445115726601
W_12037598453,58.37707562078893,26.71970939772379
W_7597960161,58.37707627658947,26.745493910561322
W_cluster_1610343193_1610343195_1610343196_324253320_#4more,58.37707711004773,26.700600778164414
W_6111412949,58.3770785278835,26.767762013554957
W_11982758532,58.37708038050215,26.706554976897916
W_7575086495,58.37708095950344,26.74550020311193
W_11983069618,58.37708201238866,26.711823214900907
W_11755410223,58.37708216561472,26.776213537565905
W_4645120894,58.37708376790853,26.70049043929306
W_cluster_11016375899_11976448045_5489368820,58.377084085162714,26.711706589296742
W_6694491438,58.377084449609725,26.73244788140056
W_7816105614,58.37708603395042,26.74967054677131
W_4645188333,58.37708612711187,26.701385502686968
W_11750773567,58.377087627192815,26.75257070290591
W_12091741203,58.37708793126296,26.726736767489218
W_12879781386,58.37708893306575,26.722565007903935
W_11800102146,58.377089864144196,26.767277894143202
W_7214519360,58.37709064765843,26.72120364794607
W_6304257804,58.3770913131676,26.683459331934937
W_1680571717,58.37709236447968,26.718334581751467
W_7572171503,58.377093553398744,26.74469770170094
W_8114993611,58.37709491087116,26.726724573915526
W_cluster_330041440_6694491407,58.37709529637247,26.732782066022338
W_7575086419,58.37709705579612,26.743977507125127
W_7572171502,58.37710092464724,26.74470089708492
W_4645240315,58.377101460800816,26.70079754162252
W_1404484700,58.37710216352295,26.764669509280054
W_11755410230,58.37710500956777,26.776231174874003
W_12091741201,58.37710538192284,26.72670705294556
W_4712105442,58.37710755290159,26.75697364939026
W_7572160564,58.37710800089419,26.744691271070156
W_7572171501,58.37710820642208,26.744704264096896
W_4645120977,58.377111327064185,26.70056116275763
W_7599719433,58.37711168299467,26.74591067686677
W_4812271045,58.37711418132141,26.750701701244843
W_12034760702,58.37711420348408,26.715900669643826
W_11755410229,58.37711876666462,26.776085754535128
W_11756643393,58.377118769615265,26.7425775327197
W_7913959316,58.37711883675307,26.769891821606166
W_680161091,58.377121634423396,26.713310081820165
W_4812388702,58.3771220343733,26.746829280513165
W_12034760704,58.377123404546914,26.716364466233948
W_3017642814,58.37712645005228,26.764396120921944
W_7569359597,58.3771282942073,26.74704279031475
W_6304257815,58.3771294742132,26.683055475189214
W_11755410228,58.377132748383424,26.775966150692135
W_6430897727,58.37713279307155,26.703495524500237
W_11755410248,58.37713469589269,26.775949895213326
W_1404484732,58.377137861599465,26.767842155479553
W_7913959339,58.37713815079912,26.768746810994905
W_1148188330,58.377138394529105,26.724968095203746
W_6690778440,58.37713899954258,26.750578249237012
W_4645240307,58.37713993000079,26.700886467978535
W_cluster_11559460040_6430897766_6430898421,58.37713996810346,26.702213449998418
W_1541570359,58.37714019697768,26.752538532522184
W_6307706344,58.37714065624375,26.76928948648927
W_6430897729,58.37714110363932,26.703826644664325
W_7597996227,58.37714307879247,26.747025073506755
W_7816105603,58.37714310357721,26.74978127993942
W_6583645478,58.3771469045678,26.76132705567945
W_11755410224,58.37714952838437,26.77626560205655
W_7572160552,58.3771511008803,26.745001118589094
W_7816105613,58.37715302089545,26.749800530539652
W_4387530782,58.377153359044875,26.734399959365586
W_cluster_330040593_6583645429_6583645438,58.37715386856046,26.75828731651926
W_4387530781,58.37715586172634,26.734524072551178
W_cluster_7214519359_7214519362,58.377156063526165,26.72142386815753
W_7572160553,58.37715768387385,26.74501440758662
W_7580175447,58.377158214189436,26.749103576746712
W_1680571720,58.37715938300047,26.71826018396488
W_7589753519,58.37716110450149,26.74769433374535
W_11800102139,58.37716318405291,26.766998200148812
W_cluster_1319231658_2132673857,58.37716355238959,26.77745878619207
W_4645120900,58.37716767908279,26.7006925116918
W_7589753520,58.37716859243132,26.74771120738202
W_7580175448,58.377170025808965,26.749081094432725
W_4645240319,58.37717010352239,26.70096144426862
W_2662982958,58.37717016206618,26.706030858792392
W_1157948176,58.37717167057832,26.726877692204994
W_3015112791,58.37717482461805,26.767126871808944
W_12879781388,58.377174953095555,26.722388393387703
W_6139477565,58.3771750293191,26.76927489975447
W_6958294967,58.3771785039978,26.689913601999912
W_2418294802,58.37717998426367,26.688487777393348
W_1368119343,58.37718151164724,26.769483111842224
W_2415667370,58.37718231235078,26.73131490542685
W_7572171498,58.37718342589271,26.744816397123497
W_6304257811,58.37718478422293,26.68370282695728
W_6304257810,58.37718481198399,26.683568606473557
W_6304257809,58.37718482922674,26.683466530547314
W_12037598347,58.37718509957842,26.71864126649182
W_9209622558,58.377187099345726,26.72962027752361
W_cluster_4812389422_7598475786,58.37718717958671,26.74426666676658
W_9026473171,58.37719241057686,26.750932486474735
W_2561102396,58.377192649578284,26.72371899917078
W_12038187638,58.377195553913076,26.721989503948425
W_11750789174,58.377195798062274,26.753986692458295
W_11016375882,58.37719690974715,26.709764863053266
W_6173231998,58.377198380534395,26.76758528689798
W_7575086542,58.37719857762757,26.746068209477517
W_2561102394,58.377200172147994,26.72341750088655
W_5875646959,58.377201165216555,26.729646159029006
W_1390575641,58.37720123505511,26.751962412764723
W_2467752511,58.377202974091816,26.72534580264337
W_12091735654,58.37720351409341,26.726227376433833
W_8785143651,58.37720435156894,26.704534318556327
W_4645121337,58.37720443310288,26.70077769103476
W_2467752512,58.377204689677235,26.725475734871054
W_4812271071,58.377204815864026,26.755318570287955
W_564767729,58.37720587718479,26.700012709043886
W_2167263460,58.37720625585799,26.744869920294693
W_8785067763,58.37720691458079,26.71502073975973
W_11991913336,58.37720788166708,26.714446748463466
W_7598475788,58.37720965075239,26.744860833801706
W_6304257820,58.37720979796457,26.68140153650358
W_6304257801,58.37721039898381,26.680813184315564
W_cluster_7575086409_7598475787,58.37721116410349,26.744268545002004
W_12091735667,58.377214751063214,26.7254766826109
W_12091735663,58.377214758423364,26.725438211818176
W_1680571735,58.377214917082064,26.718272906840767
W_6123698722,58.37721812156375,26.74487496407335
W_5352317054,58.37721840736066,26.755098936744474
W_6583645441,58.37721842514184,26.75543730778951
W_4812388696,58.377219704695705,26.750419864334948
W_6583645464,58.37722134881277,26.760310071736104
W_2409197127,58.37722282086754,26.72484245107837
W_8785067768,58.37722291195472,26.715146452906176
W_6583645442,58.3772252298569,26.75533210744272
W_11755410226,58.37722557065502,26.776556301016374
W_cluster_12037596697_2409197022_330042053,58.37722612934323,26.72134569049416
W_1902654953,58.37722642526266,26.727030810121253
W_6694491467,58.377227972227445,26.734822063849684
W_8157875762,58.37722799055698,26.720386300640147
W_8785067762,58.377231771323984,26.71525307377317
W_7816105600,58.377235004979504,26.75039000560355
W_4645188330,58.37723639890225,26.701120237959294
W_4645121290,58.377236948240196,26.700855383251508
W_6583645457,58.37723985633638,26.75678705435599
W_2408315937,58.3772416500989,26.730701657943452
W_cluster_4387530784_4387530785,58.37724494557059,26.75696039407307
W_1541570365,58.37724511219041,26.754832705252603
W_12038187571,58.37724648710006,26.724946907336186
W_12091735653,58.377247356378454,26.72614906941714
W_7214519356,58.3772548854219,26.72098127368349
W_6694491441,58.3772548926346,26.730677790659097
W_cluster_7597960178_7599719435,58.37725582167777,26.745857662421095
W_7589744781,58.37725712506591,26.747561479915326
W_11805717165,58.377257221710856,26.68346690812255
W_11805717164,58.37725952669404,26.68334566155798
W_7580175444,58.37726016781767,26.74929366796189
W_7589744780,58.377262717140944,26.747573408656084
W_7575086551,58.37726349727957,26.745878466932165
W_4812043145,58.37726361253828,26.738263819264354
W_4645120904,58.37726369542322,26.696798621660154
W_1404484730,58.377264490826214,26.766009945809294
W_7575086572,58.37726500139578,26.74586700038002
W_2654540726,58.37726541580514,26.706561476806403
W_3681336531,58.377266082909614,26.688547375051453
W_4812271063,58.37726798376749,26.754816303399537
W_7598599021,58.37726899069957,26.746067019680034
W_7589753522,58.3772694159867,26.74750890091144
W_2415667375,58.37726966646962,26.731383146834652
W_7575086539,58.377270320868554,26.746829757193897
W_7580175445,58.37727126329833,26.749272387594946
W_cluster_4812388651_7569359675,58.37727320682068,26.74688120186278
W_7597996228,58.37727382227552,26.746829048189156
W_7575086519,58.37727596807708,26.74614339815501
W_7575086541,58.37727617550625,26.746066797080317
W_10215404768,58.3772769324194,26.772770968601204
W_11016375883,58.37727697396836,26.70978181669634
W_7589753523,58.37727726656819,26.747527481782246
W_7597996229,58.37727876037376,26.74682815791224
W_6583645455,58.37727940258817,26.756801486615018
W_7597960177,58.37727947717324,26.745920071461978
W_330046214,58.37727980709258,26.695677015399983
W_6694491466,58.37728019834531,26.734756186181087
W_2561102399,58.377280655577856,26.724129521463894
W_7575086522,58.37728167381619,26.746167294548993
W_7575086517,58.37728201003326,26.746155665409827
W_6123698759,58.37728243640243,26.746144206604193
W_7575086365,58.37728445506007,26.74526090292324
W_1162034420,58.377285762119996,26.718019118641244
W_4812388644,58.37728661766361,26.74762384841618
W_12037598451,58.377286809557845,26.72029931872128
W_6064864864,58.37728986546507,26.70090058746347
W_cluster_6532636006_8775800138_8775800147,58.377294464982036,26.715254107532957
W_cluster_12038173402_12038173403,58.377296956705734,26.721659054081897
W_6111412960,58.37729697856099,26.769712841415174
W_6975301889,58.37729733400828,26.770812419079487
W_332752513,58.37729780443289,26.745967814485493
W_12037598441,58.37729907572384,26.721394358063215
W_4645120942,58.37729960418356,26.694146730027796
W_2408311705,58.37729960541775,26.725089776435674
W_4645111845,58.37730033012991,26.695355906111683
W_11016375889,58.377300376280274,26.7102007003513
W_1541570408,58.3773032789874,26.754768183798454
W_2654540718,58.377304698254235,26.70594920749679
W_7597960159,58.37730485315074,26.74522074627161
W_7904488628,58.37730727973188,26.736388684632388
W_cluster_12038173405_12038173406_12038187639,58.37730928531916,26.72204229757909
W_7575086441,58.377309328969176,26.744626895662797
W_12147662119,58.377310381533,26.710256187339816
W_5983199204,58.377311349101014,26.751452799519903
W_7575086422,58.37731371311694,26.74452837869625
W_7580184695,58.377314077033034,26.749441526434413
W_12038187633,58.37731615255808,26.722351207250416
W_12037598330,58.377317115760306,26.71904458704448
W_7575086366,58.377317557128855,26.745195691409283
W_4812485694,58.37731866814969,26.75539489472514
W_6583645456,58.37731911840402,26.756810617317356
W_12091735655,58.377319382205464,26.726020104221764
W_7598467123,58.37732227697512,26.744499078969437
W_2408311706,58.37732316066033,26.72514259751273
W_2167263513,58.37732523604493,26.75138875481454
W_8785143655,58.37732580943273,26.702760222690756
W_12091735665,58.37732728533413,26.725390659728244
W_3015175530,58.3773295836645,26.765947961593856
W_7575086421,58.37733093098196,26.74446994955814
W_2167263526,58.37733111117573,26.744515258350695
W_12091735664,58.37733126902654,26.72527983269316
W_7580175464,58.3773343668856,26.74939128502779
W_2654540744,58.37733560544163,26.706110357147743
W_12038187627,58.37733831621393,26.722756259688218
W_2408311707,58.37734036335931,26.725290533851346
W_7598475791,58.37734057475648,26.74453177515403
W_cluster_12038173408_12038173409,58.37734260637371,26.722497701730692
W_7580184703,58.3773452748958,26.7494118964513
W_7569620154,58.377346253983944,26.749361449956695
W_4645240308,58.377346326591116,26.701579591527853
W_7913959342,58.377346816880554,26.768263449095475
W_4712105434,58.37734726492548,26.755131385300764
W_11800105831,58.37734913525765,26.769698310133933
W_7575086569,58.37734920981718,26.745802276826094
W_2654540713,58.377350878367004,26.70536936585605
W_7580175468,58.37735121534719,26.749188894380048
W_6583645454,58.37735197404282,26.753746060286073
W_cluster_2415667363_6694407908,58.37735236071327,26.73124231339574
W_4645240311,58.377353212969396,26.701528409804197
W_8114993604,58.37735349038423,26.72479492679822
W_10759648697,58.37735355574506,26.772675752280623
W_8775800135,58.377354022599256,26.715703309821546
W_cluster_12037596699_7214519354,58.377354914633145,26.72084592139557
W_2409197129,58.377355731410574,26.725211249865954
W_7575086382,58.37735750032711,26.744461892317783
W_6583645477,58.37735838029202,26.76140205639759
W_6304257825,58.3773596877859,26.68306178893775
W_956710360,58.37736173205678,26.74777514375073
W_7913959340,58.37736338756422,26.768685664783288
W_330044069,58.37736499280092,26.743088855419913
W_2415667377,58.37736690590388,26.731582627450624
W_6304257830,58.377366981494376,26.681403881256735
W_2296317784,58.37736817569708,26.684790854564373
W_11982758624,58.377369379559696,26.70548616327129
W_7589753526,58.377369888395165,26.7473108703365
W_cluster_2431033149_4812066789,58.377370363981015,26.734881865044972
W_6304257831,58.37737465623429,26.68087889694286
W_2408311708,58.37737549296892,26.72512851200766
W_7589753525,58.37737692595456,26.747327063284512
W_2654540717,58.377378497822946,26.705897469914103
W_11559459933,58.37737853494909,26.70168002798657
W_cluster_1157945201_12038173633,58.377378860031676,26.722897856606238
W_10876234809,58.37737987178757,26.723033437290503
W_2415667391,58.37738072431052,26.726776052398378
W_cluster_12038187570_2139961603_2467752514_330036565,58.37738307131755,26.72493507258399
W_330040585,58.377384003070844,26.755321262413357
W_2654540745,58.37738457328088,26.706079173224456
W_7589753527,58.37738495585372,26.747345471907956
W_4812485695,58.37738543148087,26.755504886860603
W_330043510,58.37738670010796,26.777226898031707
W_6583645453,58.37738693484214,26.75375778542796
W_10692516564,58.37738726592304,26.716762617521617
W_12038187588,58.377387578622645,26.72477551140631
W_cluster_1541570397_6583645446,58.37739215024122,26.754978729619648
W_11807436767,58.377395823903456,26.76226645811173
W_12037596695,58.377395986270514,26.721063940965077
W_2467752513,58.377396255518526,26.724800920148237
W_2654540747,58.37739724992504,26.706006400432816
W_3017642815,58.37739804886577,26.766996651868777
W_3015180235,58.377399337110845,26.76706298427311
W_4812271066,58.37740200927506,26.755155798390387
W_cluster_2296317786_6958344089,58.37740317784131,26.687345529871745
W_cluster_11016375886_12251310264,58.37740540350265,26.71009605309563
W_3017642816,58.377408123747784,26.767153375703426
W_5983199205,58.37740945104604,26.75216014540959
W_12038173397,58.377409936532054,26.721861974927016
W_cluster_7575086291_7595932475,58.37741002164058,26.743283618445506
W_330042047,58.37741195983577,26.72316911654737
W_330043436,58.377414614684874,26.755454245348215
W_2654540740,58.37741730206945,26.706094802398354
W_4229015571,58.37741871395103,26.729228153803515
W_6430897726,58.37741875569641,26.703025660300728
W_12038173404,58.37741885742912,26.72208230059729
W_7962916557,58.37741959650134,26.735062052725365
W_11805717163,58.37742095866227,26.683468006497304
W_7913959346,58.3774211597284,26.77079571484947
W_11805717162,58.37742328097526,26.68335376949206
W_6958344094,58.377424033333014,26.687169062613087
W_11559459919,58.37742625810564,26.70180905873702
W_7913959347,58.37742632328985,26.77112174366137
W_cluster_7575086408_7598475790,58.377426942474195,26.744064370158206
W_11016375887,58.377427961489886,26.710698238283598
W_7575086363,58.37742852073198,26.745532751811222
W_2654540714,58.377428983810496,26.70586251141507
W_7575086362,58.37743082176103,26.74592274511069
W_2654540738,58.377431892676974,26.706034153363763
W_4812043114,58.37743390575944,26.74323539902962
W_7576867288,58.377434481171974,26.74338808177441
W_11016375893,58.37743495490722,26.71089173290206
W_6583645465,58.37743543390168,26.76038727160369
W_2654540741,58.377436389729674,26.706193471416327
W_cluster_11238821374_1404484699,58.377440217838036,26.767614986353603
W_7908463778,58.377440450744466,26.735766000594403
W_5875646957,58.37744089570305,26.72926936154432
W_7576867287,58.377442983386956,26.743372973626823
W_7816105665,58.37744690826914,26.75077356061532
W_7962916556,58.37744822777157,26.735009004637046
W_7597960160,58.377449989205275,26.745488825840116
W_4812271065,58.37745120326753,26.75247907608427
W_6430898420,58.37745240099769,26.701889028903206
W_7576867289,58.377452469789155,26.743355977522732
W_cluster_11016375895_11983069620_11983069649_5489369823,58.37745366039282,26.711420086177423
W_6061902456,58.37745426298502,26.687190167863356
W_12038173407,58.37745598052026,26.72246859952868
W_6583645424,58.37745729806123,26.755183114478964
W_7575086364,58.377460186928644,26.745468063572947
W_6173232011,58.377460857952194,26.763289006073705
W_330036595,58.377460931198996,26.721067702985355
W_11993559152,58.377464223573966,26.7161069675769
W_4812388654,58.377464469158305,26.745860607704856
W_2415667368,58.37746513692145,26.73178398244162
W_6583645447,58.37746731532708,26.753802193720222
W_cluster_12142980695_12143025205,58.37746871896592,26.775641549124582
W_844163065,58.37746929290391,26.723308018065904
W_6111668720,58.37746952289955,26.76448154783864
W_7962916555,58.37747059678723,26.734967972177838
W_966093391,58.377470980532166,26.73843172702433
W_2415667388,58.377473373984834,26.726967862250522
W_4712105433,58.377474588874364,26.755301314342567
W_10215404786,58.37747519212126,26.773095756734556
W_2467752515,58.37747560904212,26.724989750693208
W_13143337636,58.377476031264585,26.75380418479413
W_4812271067,58.37747644845769,26.755193411743214
W_1157949213,58.377476489857784,26.72661800838593
W_cluster_330043434_4812271069_6583645427,58.37747980902833,26.755542192047535
W_330042063,58.37748048747191,26.723334603676605
W_5202774478,58.3774808201027,26.70136524080908
W_6430897732,58.377482082084036,26.703920734485546
W_2654540716,58.37748225834183,26.70582941041415
W_11016375878,58.3774822938221,26.709227857497886
W_4812271062,58.37748346465671,26.752070202739677
W_7589753528,58.37748379987352,26.747141638473078
W_cluster_4812389423_7598475789_7598551478_7598551479_#2more,58.37748402531196,26.74395452818492
W_1935190424,58.377488296250675,26.77739040047242
W_7589753563,58.377488759237124,26.747151519963364
W_7962916554,58.37748906317045,26.735211312521752
W_7575086520,58.37749155275569,26.746565372813517
W_6304257827,58.37749222421141,26.682903809353068
W_7598556815,58.377493073699675,26.743808272787973
W_7589753564,58.377493809089266,26.74716174277363
W_7575086516,58.377494494300734,26.746554066891786
W_cluster_330045445_6694491465,58.37749559728639,26.73454956189194
W_6123698758,58.37749743618311,26.74654293194803
W_cluster_7598551477_7598556813,58.377498014310284,26.744168154722455
W_7589744777,58.377498769126284,26.74717196622928
W_7575086518,58.37750369832418,26.746575715646575
W_7816105669,58.37750431787339,26.749860965258954
W_12037598446,58.377504325202175,26.721073686881507
W_6109662673,58.37750469072575,26.743106135105528
W_4812271068,58.37750844753734,26.7554414563891
W_2408315938,58.377508765015776,26.731687559241387
W_11805710655,58.37750945022723,26.68231632899556
W_3681336532,58.37750980464324,26.687425461497973
W_2654540721,58.37751030772128,26.705997594829313
W_6873910453,58.377512379626,26.743402220695952
W_11805710653,58.37751438202006,26.681987313766676
W_7575086426,58.37751756774396,26.74361591103035
W_cluster_5160920832_6583645423_957034690,58.37751783220107,26.75447841895185
W_7869023360,58.37751799833726,26.7327101353078
W_11805710651,58.3775192320773,26.681661889816734
W_4816222441,58.3775194221832,26.735168510451615
W_12143025207,58.37752138480092,26.776482960359296
W_12037596715,58.37752191239052,26.72106602485764
W_6583645452,58.37752536728634,26.753818374643284
W_2475219103,58.37752600238365,26.747227169727772
W_7576867285,58.37752993316563,26.743556490420605
W_7576851304,58.37753082622581,26.7436436849972
W_7595419365,58.377533386271644,26.75104327405807
W_2654540722,58.37753352927291,26.70613641061848
W_7576867286,58.37753527033297,26.743530633341557
W_cluster_10681699619_11101814952_11101814954_11559459918_#8more,58.37753640263916,26.701552168288938
W_cluster_7598556791_7598556792,58.37753735874274,26.74489129685142
W_1404484657,58.37753737722529,26.763822300597752
W_7962916553,58.37753917108012,26.735119974413518
W_7575086378,58.37754074822843,26.743664814863905
W_2415667382,58.377542080591056,26.73194207039153
W_7575086286,58.37754400375395,26.74358613929112
W_6958344093,58.37754575940936,26.687253134719413
W_957034689,58.37754595054605,26.75359287637313
W_6173232008,58.37754768519844,26.763664927884445
W_6583645458,58.37754933281581,26.75139230801621
W_2167263365,58.37754970155362,26.743560963519965
W_3015180238,58.377553523920945,26.765522442202098
W_cluster_6304257822_6304257874,58.37755641616893,26.681445261409596
W_6694518868,58.37755773244797,26.733805491686983
W_11805710656,58.377560196306625,26.68231638582901
W_7595932479,58.37756076676781,26.750990247586262
W_11805710654,58.3775608259502,26.681990999479808
W_11805710652,58.37756127981364,26.68166749551088
W_cluster_7838102018_7838102019,58.37756377430435,26.73145050159655
W_6694491464,58.37756419181144,26.734364385428805
W_8157875765,58.37756477777272,26.720253005459142
W_330043310,58.3775659595772,26.701863962513666
W_6111668718,58.37756853159342,26.764157218175136
W_6110586673,58.377568557610466,26.778458877265265
W_7131849640,58.37757125182392,26.775672017085686
W_7575086361,58.37757334902088,26.746189479381748
W_12143025202,58.37757478752527,26.775742097468044
W_6583645476,58.37757490335995,26.761534816057367
W_2467752516,58.377575795851406,26.731572491943535
W_2637403536,58.377576426640154,26.728378016103633
W_6111412962,58.377577780810924,26.769634582664008
W_566138932,58.37757798621991,26.699745382072635
W_cluster_6430897725_6430897728,58.37757965850311,26.703587013276458
W_11983069614,58.37758297645264,26.71213031928419
W_10215404783,58.37758406800931,26.773157466410428
W_6873910454,58.37758740042431,26.74328010732718
W_cluster_2463084285_2670805412,58.37758778623933,26.743562397028192
W_4812043126,58.377588569891316,26.745893569961165
W_7589753510,58.37758996615299,26.74696186003449
W_6958344154,58.377590371558846,26.68014975782778
W_cluster_4812271052_4812271064_6583645450,58.37759136095714,26.75157462193164
W_7589753511,58.37759420769131,26.746972088633576
W_cluster_8154384301_8154384306,58.37759482793463,26.686456773966356
W_6975287077,58.377594878746024,26.7712567543256
W_6583645421,58.37759528229721,26.75383840559887
W_1935163727,58.377595793042765,26.77671246139365
W_2415667387,58.37759730288394,26.729244909835003
W_11805717161,58.37759735935913,26.683468991468263
W_11805717160,58.37759970026932,26.683362276987122
W_7575086494,58.37760322603988,26.746128223975273
W_12038187624,58.37760397793394,26.722916267667003
W_7131849639,58.37760608703038,26.7763835967414
W_4812271055,58.377606252523236,26.75110277576768
W_4812389448,58.37760829170194,26.755472397354122
W_2418294807,58.37761036939393,26.68859358439926
W_564642449,58.377611163594096,26.699798788933222
W_7838102020,58.37761146816968,26.7313656736502
W_cluster_1580556750_6583645449,58.37761264693541,26.75231653771349
W_6854266655,58.377614775358765,26.70172932898012
W_4812271046,58.37761564757656,26.751038249080956
W_6975287082,58.37761599808355,26.771868222822103
W_6975301891,58.37761926496189,26.771131779107076
W_cluster_7600199793_7600199795,58.37762128635325,26.745136906447275
W_6583645451,58.37762381599355,26.753824015295848
W_cluster_330041438_6694407909_6694407910,58.377625967405585,26.73185577170213
W_7595419359,58.37762760707285,26.750860684602596
W_2408315939,58.37762779191926,26.731483356874303
W_12120437724,58.37762882088061,26.683879582675146
W_13143337627,58.37763008050335,26.75153297192394
W_10215404782,58.37763150871557,26.772863584495425
W_6304257823,58.377632688168724,26.681561013658126
W_1423873851,58.37763290466277,26.776825759502962
W_1935190426,58.377635416140805,26.777236615268635
W_6111412963,58.377635981065815,26.770284621986143
W_3015180233,58.37763602732937,26.764523013068768
W_7598556819,58.37763670967803,26.743818687516182
W_1935163729,58.37763886956201,26.777466565364286
W_7598556817,58.37764239225717,26.74383078612131
W_7597960181,58.37764366912686,26.746277372618277
W_3017642817,58.377645072275264,26.76637247473163
W_7598556841,58.37764681162225,26.743839987173995
W_3015180237,58.37764757542136,26.76740245914179
W_2132673868,58.37764798709141,26.777028278937607
W_6583645466,58.37764816308841,26.76045986505287
W_11983113780,58.37764995672971,26.710685307298263
W_cluster_11016375881_12251310263,58.37765014838426,26.709936057113744
W_7575016284,58.37765275808643,26.743984082789005
W_7575086428,58.37765456016502,26.74615316074495
W_cluster_4712105429_6583645419,58.3776558895494,26.75364203696449
W_11983046271,58.37765595706244,26.709170517269634
W_1162034418,58.37765622139281,26.717719849154978
W_7575086287,58.377658553702,26.743828104240613
W_6854135413,58.37766148522982,26.729397961067583
W_7597996232,58.377662821312626,26.746242867533045
W_6694491457,58.377663408657796,26.731549940712394
W_6583645481,58.37766380356953,26.760130616759742
W_cluster_2167263392_7816105602,58.37766766025261,26.74878894215974
W_7576851376,58.37767003448999,26.743955061498703
W_cluster_3032839886_7039311018,58.37767122197226,26.7787217184821
W_6113529862,58.37767238317115,26.763342816959696
W_330044569,58.37767288142375,26.75994230280863
W_7869023358,58.37767325486259,26.73243538804215
W_7576851362,58.377674983905735,26.743825078443173
W_7576851337,58.377681471988154,26.74636327676876
W_4812388652,58.37768409877743,26.746283750736012
W_3017642818,58.377684147479606,26.766326221997442
W_6873910457,58.37768769797852,26.743491056060385
W_11998509759,58.37769035525699,26.717273651837022
W_7589753531,58.37769052988866,26.746765022330397
W_7597996233,58.377691191163386,26.74619153986688
W_cluster_2296317795_2296317797_6958344091,58.377696471276415,26.685895387881125
W_8775800149,58.37769709771694,26.715087574610347
W_7575086285,58.37769715730303,26.743909383465056
W_7589753530,58.37769765395101,26.74677950486451
W_7589753485,58.377702951242604,26.746324651392882
W_7597960184,58.377703831287555,26.746043548556695
W_6430897730,58.37770509636324,26.70427143440563
W_7589753532,58.377705409077855,26.746795179766554
W_4938522018,58.37770580484196,26.764762437600993
W_cluster_4938522019_6111668719,58.3777070099666,26.7645384415958
W_7597960182,58.37770703171639,26.746162871904833
W_cluster_4812388664_7576851306,58.377707519776145,26.746046599753694
W_4812389424,58.37770856316918,26.743819192612754
W_2167263516,58.37771055461665,26.747992539024025
W_6975287073,58.3777112161385,26.771372098989627
W_7576867351,58.37771156616601,26.74604896444651
W_7597960183,58.37771241549387,26.746024336744966
W_6694491445,58.37771357142144,26.731657450251983
W_4645121350,58.377713657900344,26.69268448525048
W_6304257889,58.37771415406288,26.68261165884471
W_4812389449,58.37771478854294,26.7545204805448
W_cluster_330040564_330046045_4812271048_4812271051_#1more,58.37771849792183,26.751367864402898
W_11982758464,58.37771876258823,26.70689574760477
W_7576867353,58.377719061268344,26.746295981546783
W_6304257888,58.37771982271831,26.682000169909504
W_7746387050,58.377721096371396,26.702376801752088
W_6304257892,58.37772150991914,26.681811559597314
W_4712105425,58.37772231201915,26.753667392469623
W_6173232003,58.377723934443004,26.76334127490324
W_cluster_11982758630_2654540737,58.37772404278346,26.705165520364158
W_4712105432,58.37772449351457,26.75219076509825
W_11805710622,58.377727207990034,26.682587774870367
W_7595419356,58.37772862854138,26.75066522244612
W_680161103,58.37772900588484,26.71360796722502
W_330045640,58.377730702402566,26.729553539081973
W_6854135434,58.37773076044208,26.729283384679672
W_5908778634,58.377732896424625,26.73162156797784
W_4812389477,58.37773362145548,26.75506869343822
W_7575086367,58.37773566889253,26.74597458445473
W_11016375891,58.37773577694321,26.71078531418734
W_9523362246,58.37774101738436,26.72801990850173
W_564767722,58.37774241626514,26.699429375075802
W_11101814955,58.37774795019209,26.70152712818626
W_9523362245,58.3777486581732,26.72810756429824
W_4712105428,58.37774921621819,26.75173902441596
W_6975287078,58.37774972435,26.771309099002032
W_7869023359,58.377752901577956,26.732296972312763
W_6854135427,58.37775567283405,26.729511798990426
W_4812388649,58.377757396259916,26.74696886857742
W_680161104,58.377759993804794,26.713930191506496
W_330041578,58.37776003210853,26.75847689540325
W_4712105423,58.37776186809274,26.751640107066446
W_3594270018,58.377763904724,26.73339545896712
W_7039311008,58.37776525599385,26.777527494628544
W_11101814953,58.37776548644534,26.70157519754922
W_1404484734,58.37776550820741,26.76474938746342
W_12042149468,58.37776641595118,26.713990667788995
W_6694491446,58.37776721894635,26.731756384465623
W_11805717158,58.37776920347095,26.683370675537418
W_10215404781,58.377770621982584,26.77326296277399
W_11983113783,58.377772898648566,26.710519301533918
W_7569620152,58.37777676390254,26.7472708580016
W_6975301892,58.37777767723599,26.771119297435035
W_7576867354,58.37777769043464,26.746421746630208
W_cluster_13249615069_4812112421,58.377780236857305,26.734209731277122
W_1148193460,58.37778046004547,26.726129379371706
W_12042152869,58.37778118378537,26.71408818007155
W_7576851381,58.37778503247049,26.74419685427609
W_4812388666,58.37778602733556,26.74650444291849
W_cluster_2415667361_4816222443,58.377786398694646,26.732639028103975
W_cluster_10557398194_10557398195,58.37778897955129,26.743655320299656
W_564730139,58.37778961915216,26.699259186542758
W_7816105606,58.3777910158112,26.7485798072707
W_6801420450,58.377792273108405,26.726109453711416
W_cluster_11805717159_12158212670,58.37779298063207,26.683469975297662
W_3017654018,58.37779362659884,26.76455718571106
W_6583645475,58.37779653688878,26.761614537949473
W_7576851356,58.37780285523909,26.746475425970175
W_7589753558,58.37780341461524,26.746621955043693
W_cluster_11016375892_11983069648,58.3778047914183,26.71107986783567
W_2139961604,58.37780480532969,26.72587989620558
W_2310104547,58.37780498399935,26.714127997794098
W_2338597249,58.37780579769271,26.729685647960867
W_4712105422,58.37780781394576,26.75166594472582
W_7934409465,58.37780960962592,26.738443583621375
W_7575016282,58.37781152530315,26.744150496904517
W_7576851358,58.3778125059784,26.746495874802523
W_7589753559,58.37781595224027,26.74664888060762
W_4812271049,58.377817103665244,26.75122303140874
W_12158212668,58.377817461240966,26.683745040704046
W_12158212669,58.37781838619159,26.68357404817144
W_cluster_2015826093_7569660712,58.377820012278356,26.748526937985226
W_4812389450,58.37782019153856,26.753703984766936
W_2132673884,58.37782046794668,26.777151666950733
W_11805710623,58.37782352568568,26.682601956496704
W_6304257893,58.37782637661218,26.68165160012029
W_8145388535,58.37782698823504,26.691892184812264
W_7595419353,58.37782866508222,26.750471475962414
W_cluster_11016375842_12251310269,58.377829594116506,26.709893719229562
W_13143337625,58.377829781916084,26.751554308897774
W_6304257890,58.37783097919544,26.681407564021132
W_7589753597,58.37783128526201,26.746681428623724
W_1680571751,58.37783399712885,26.71757069907656
W_cluster_1208773034_6694491456,58.37783476314652,26.73137201274562
W_4812271059,58.37783589531792,26.75202088096215
W_7589753560,58.37783609113019,26.746613684546254
W_12038187626,58.37783628453049,26.724059697761522
W_1423873856,58.37783755613424,26.777061792735207
W_6173232000,58.37783908060196,26.763051199247993
W_4645120914,58.37784569282111,26.693511585258868
W_3015180239,58.37784582898366,26.76732045007786
W_6854135443,58.37784597493324,26.728595317192852
W_4712105426,58.37784848843633,26.752169890611672
W_4645111857,58.37785117712408,26.69403987931566
W_12120437714,58.377851887752435,26.685104913662872
W_4812389452,58.377853066433836,26.753285186935614
W_6583645479,58.37785672974663,26.760611995107343
W_cluster_11982758605_11982758632_2654540733_6430897734,58.37785846147721,26.705033083129685
W_6113529870,58.37786169050729,26.763329922494126
W_330036712,58.37786512221145,26.725987490412503
W_6694491458,58.37786655495665,26.731242165121746
W_6694500514,58.37786921273432,26.73109629540935
W_330046012,58.37787030871898,26.72413569109214
W_6694491454,58.37787078333984,26.731588204954704
W_1423873864,58.3778747542849,26.777225018748958
W_7589753486,58.3778751498134,26.74669889658606
W_6854135412,58.37787718563234,26.729040662432382
W_4645111865,58.37787736074581,26.694812673412397
W_5372323933,58.377878195336365,26.75132433694228
W_7908406399,58.377879434897274,26.764575935301856
W_4812388691,58.37788067284508,26.75098149636869
W_7039311009,58.377884072739434,26.777573938322824
W_11016375841,58.37788413477534,26.710141711872268
W_11238821375,58.377886173737906,26.767676515229404
W_6694407913,58.37788650702592,26.732449675205928
W_6304257887,58.37788897990282,26.682013865590452
W_4812389425,58.37789017906712,26.73438672813492
W_12120437715,58.37789208665677,26.685125757604947
W_12097303903,58.37789360631654,26.72907575931381
W_7576851374,58.37790075021374,26.744439498340704
W_7576851348,58.37790168770367,26.746266458238388
W_564767720,58.37790360925847,26.698424666884485
W_11962410265,58.37790362594,26.683903285452562
W_1404484723,58.377903961096564,26.763360929544397
W_12097224252,58.377904162672216,26.72909841931572
W_11238821376,58.3779048690994,26.767684086627778
W_cluster_11755435837_12143025201,58.377906235841294,26.7759126883835
W_11238821367,58.37790693575402,26.768081098225398
W_12251310262,58.377907630307355,26.70972910456726
W_cluster_7600199787_7600199788_7600199789,58.37790899660259,26.745197583035093
W_12097303904,58.37790949402553,26.729071191935457
W_7576851312,58.37790970244092,26.746322483544937
W_6109593230,58.37790990805694,26.753279147681518
W_7576823276,58.377911521152754,26.746288444617974
W_6430897771,58.377911853636085,26.703301076887914
W_330045053,58.37791627502353,26.68375167985696
W_11838366376,58.37791640654747,26.701279658768343
W_7816105664,58.37791935856366,26.750184607947403
W_11016375877,58.37791936895995,26.7097963760775
W_11999604200,58.37791972649707,26.717346879242093
W_6304257881,58.37791998782037,26.681805498162063
W_2015826097,58.377921081105654,26.7467168627339
W_6304257877,58.37792140564748,26.6822319214062
W_12097272439,58.377924460387455,26.728928305189456
W_12097224250,58.377925586641155,26.728951208469752
W_3681336534,58.37792626357618,26.683577527978134
W_7575016280,58.37792715604898,26.74439450950355
W_12038173664,58.37792841704431,26.72425971427256
W_7595419350,58.37793022283801,26.750274981882153
W_11982674815,58.3779316502528,26.705574835634618
W_7576851313,58.37793199170422,26.74628470700174
W_5160920835,58.377932054495126,26.74831976266623
W_5110452944,58.37793308379816,26.721807246642022
W_11982758463,58.37793408105624,26.706791200221303
W_330045824,58.377934958434295,26.722505874767645
W_11998508539,58.377935803149875,26.717631781980817
W_12097272438,58.37793605401614,26.728931806946928
W_330041149,58.377940192674494,26.684892276705344
W_1404484724,58.37794208382616,26.766170972763014
W_4812389466,58.37794229414143,26.75461567759233
W_680161119,58.37794296492911,26.720652338898926
W_11805717157,58.37794333446517,26.683470851579635
W_11805717156,58.377944365360975,26.683379194458315
W_6854135411,58.377944763446635,26.72918531024648
W_6958344152,58.37794525943083,26.68019596086403
W_7816105663,58.37794865491932,26.750239115900783
W_3594270019,58.37795246827475,26.732338206900913
W_cluster_11982758469_11982758470_634125100,58.37795369456676,26.707316473628758
W_cluster_10681699620_10681699621_330041156_9210620257_#2more,58.37795453154559,26.701067144421145
W_6694556826,58.37795948638357,26.71900767760701
W_7575086394,58.37796097548684,26.74532083012774
W_11998508530,58.377961427403996,26.717358856651405
W_7598556809,58.377964108788895,26.745315678013625
W_7598556831,58.37796679335917,26.745310700116722
W_1423873865,58.37796683417936,26.776668568131676
W_12097295178,58.37797078983404,26.72913330246788
W_3017654019,58.377971127208816,26.7661398324305
W_6854135406,58.3779712142047,26.728866905078352
W_7913959334,58.377971499527476,26.7677761512594
W_11982674819,58.377972173359815,26.705816441618733
W_12097303907,58.37797329175365,26.72908472364105
W_7039311010,58.37797448729988,26.777608592120952
W_12120433784,58.37797466334741,26.68415536597808
W_11983069647,58.377978355783696,26.710898743970034
W_13249615054,58.37797995840834,26.73367715089389
W_12120437716,58.37798165723272,26.68517215150376
W_4712105430,58.37798501825797,26.751850388945936
W_11988001022,58.37798775866774,26.71481285268643
W_12097295180,58.37798798470778,26.728939957907237
W_cluster_11838356457_330043311,58.37798802055848,26.70326367573559
W_333216354,58.37798950908768,26.725773991979615
W_6694556825,58.377990453123296,26.71899871118813
W_12097303908,58.37799046579101,26.729093825178442
W_6304257866,58.37799091406637,26.682626785011
W_12097295181,58.37799251457475,26.728915985296627
W_6304257903,58.377995590885476,26.682883220695583
W_7913959344,58.37799626615609,26.768061190805685
W_12037602772,58.377996274332325,26.720715865895922
W_11016375843,58.377998747577166,26.710542415548932
W_6304257865,58.37799921931395,26.6830791371062
W_4812388695,58.37800079676492,26.748885916480923
W_11983069625,58.37800351090602,26.711021134425216
W_12097272436,58.37800352618036,26.728941548565146
W_4811786486,58.378003881967466,26.71604654984461
W_6583645474,58.378004590888615,26.761684948241143
W_6690778434,58.37800493358356,26.75142124848569
W_1423873868,58.378006851502434,26.776645403337536
W_12037602771,58.37800787773556,26.72060018840475
W_7913959337,58.37801002120133,26.768217380502705
W_11982758646,58.37801055406503,26.705790132434934
W_564642436,58.378011061309316,26.699202416089935
W_11016375867,58.37801207453077,26.708971980092254
W_7908406386,58.37801396323779,26.76030589344494
W_4812389465,58.378014283730586,26.75384454956756
W_330044574,58.37801503053372,26.755688956756178
W_2310104558,58.37801530802537,26.713956166566767
W_7576851371,58.3780168328881,26.74468521908141
W_5605096630,58.37801908288808,26.72390387119822
W_966093384,58.37801991821806,26.738468187959768
W_12120437732,58.378020168165406,26.68417889726437
W_2558853665,58.37802062914889,26.731561248265784
W_11993559226,58.37802206885449,26.71100610699282
W_1423873871,58.378023054676156,26.7772852965139
W_7920598357,58.378023718049086,26.735724707328533
W_12037602770,58.37802381065934,26.720451818463673
W_4812388684,58.378023882363046,26.751050078193803
W_10557398192,58.37802470557018,26.74215869001732
W_6304257875,58.37802508371551,26.682352901758236
W_12120437728,58.37802573512257,26.683850555826975
W_4812389451,58.378026054480166,26.752309537012913
W_8078732737,58.378028480338,26.731836303410237
W_4938522325,58.37803001517163,26.76725699908508
W_4645120951,58.378031633726216,26.697260020319302
W_7595419347,58.37803169047557,26.7500784873078
W_6854135410,58.37803276996132,26.729009376312842
W_561103742,58.37803414833259,26.720744121121733
W_12120437729,58.378035665343745,26.68390740510843
W_6304257884,58.37803930162209,26.68167635598314
W_7598556810,58.37803987702237,26.745478251646688
W_12536248790,58.37804049076911,26.69204592021754
W_8115292710,58.37804100029294,26.739469832836807
W_566138933,58.37804128306925,26.69945060041161
W_6304257868,58.3780429118472,26.68150277332951
W_12536270365,58.378043583622365,26.68968031174112
W_7575016278,58.378043868872695,26.74464090966716
W_7910478143,58.37804496147975,26.716021255983406
W_12120433779,58.378045850511896,26.68370367046039
W_7576851350,58.37804946928144,26.746012168598163
W_11016375846,58.37805027245893,26.712323488177937
W_377093914,58.37805118119644,26.720605830563056
W_11998508527,58.37805659066205,26.716730238082505
W_7576823277,58.37805876524411,26.74603484280116
W_cluster_11016375845_11983069615_11983069626_11983069646_#1more,58.37805953379117,26.710891924493374
W_8115292703,58.37806016420482,26.739441991996387
W_7576851318,58.37806035547613,26.7460668055714
W_6583645480,58.3780616254535,26.760674213727157
W_8153886384,58.378063437025176,26.703600396559214
W_11988001017,58.37806739460518,26.714637805163868
W_2558853673,58.37806795214086,26.73164227777012
W_12037567563,58.378068522557314,26.720773771938884
W_3015175529,58.378074266355895,26.76724166101143
W_8153886391,58.378074348729626,26.703231489645983
W_12038173663,58.378074654537556,26.7240176552138
W_8078732738,58.378076453317746,26.731884670201527
W_cluster_11998508555_6694556831,58.37807863269907,26.719974164994838
W_4712105387,58.37807945187295,26.76901474107301
W_330041146,58.378080062159896,26.68420999439186
W_4812389426,58.37808131518821,26.734044518257786
W_7816105657,58.378081503548984,26.74987671463827
W_7576851319,58.37808219728674,26.746029886846184
W_11807436738,58.37808300896186,26.763580130454077
W_11988001023,58.37808509064476,26.71463885918552
W_10910864737,58.37808910918012,26.707776499869453
W_6801420447,58.37809058771895,26.728319862398255
W_11998508563,58.3780915196719,26.720610983216858
W_6854135430,58.37809336156093,26.729503230166245
W_6113529881,58.37809585986851,26.763292276599774
W_4712105388,58.378096454121604,26.769478512406494
W_11982674824,58.378098453145235,26.7055423267635
W_3681336536,58.378099135831064,26.685171959982046
W_7816105658,58.37810006839956,26.749908899456777
W_11988001012,58.37810031442839,26.714135355242867
W_cluster_11805710636_6304257895,58.37810662277291,26.68108225840323
W_9365836312,58.378107693022535,26.752446949947725
W_11998509681,58.37810879610576,26.722692251881718
W_cluster_13249615068_2415667374_4812112424_7838021577,58.378108922426435,26.733412690746245
W_4096900402,58.37810922431302,26.7742278822647
W_7816105656,58.37811007250763,26.749926611132107
W_cluster_11998508559_6694556827_6694556830,58.37811030498879,26.720329221748223
W_5409595806,58.37811270566398,26.767290138634166
W_cluster_330045843_4811786484_6532636009,58.37811342249649,26.71655811319974
W_cluster_11238821377_1404484695,58.37811357824441,26.767770943117497
W_6975301893,58.378113784692495,26.772591696571308
W_11805710635,58.378114490897666,26.68150110238733
W_2408315942,58.37811555907683,26.728363442708112
W_12536248791,58.3781196147447,26.69159639346107
W_4645120893,58.378120954480266,26.69421571098182
W_2558853679,58.37812142505996,26.73174360807195
W_6111412964,58.37812282816874,26.770210669903964
W_4712105420,58.378123373112246,26.752381010790558
W_564767725,58.37812505736972,26.698943257614513
W_3681336537,58.37812609439426,26.68448401521481
W_8078732739,58.37812641038828,26.732022789418693
W_5352317068,58.378127610741856,26.77047361404441
W_7816105660,58.37812821432405,26.74978815565026
W_4812389430,58.37812828208303,26.735038103022703
W_4712105385,58.3781288288125,26.7705519173571
W_12120437705,58.378129410011006,26.68400727732669
W_7595419344,58.37813101027793,26.749886110450593
W_11805710646,58.37813185566299,26.68263509461459
W_12120433798,58.378131902038405,26.68363416409252
W_7576851368,58.37813210539959,26.744930263338343
W_4812389432,58.37813347792361,26.734251189107134
W_11807436737,58.37813435099341,26.763319376457368
W_940352703,58.378136322218445,26.725967263402048
W_7904488624,58.37813896616915,26.736254755415388
W_11987872391,58.378140679439255,26.713308313374302
W_4645120945,58.378144612442846,26.694682810370658
W_3017654022,58.37814485670998,26.764634012201267
W_cluster_11988001011_680161108,58.3781452422092,26.714104043464275
W_cluster_12120437726_12120437749,58.378145582706736,26.68310073679613
W_9523481335,58.37814655985653,26.726555032345324
W_6854135440,58.37814692302373,26.728541539574493
W_5202763287,58.378147910832816,26.703543091876934
W_6958344097,58.378148750762655,26.683364881540776
W_11999604208,58.37814935971785,26.71676608549098
W_564642438,58.37815200916788,26.699022707404104
W_cluster_4645120905_4645121341,58.37815327362754,26.695529286212633
W_6690778435,58.37815365460858,26.751321714901092
W_6694556829,58.37815381874978,26.720184394577824
W_7816105659,58.37815507984991,26.74983960306433
W_7576851352,58.378157601394506,26.74582809510388
W_7575016276,58.378158957412964,26.744883732483654
W_1423873885,58.37815897392975,26.776991884166346
W_6690778433,58.378160903539296,26.75153967036562
W_11988001025,58.378161358660364,26.71533159040033
W_6304257902,58.37816412520145,26.6828993200961
W_7576851323,58.378165534989044,26.74588839593878
W_2558853697,58.37816769092744,26.731834563237417
W_7576823278,58.378168236123045,26.74584648506281
W_6854135439,58.37817037328188,26.72875748532542
W_cluster_11016375871_12251310261,58.378170480825304,26.709592551014758
W_3681336539,58.37817160475249,26.68425465874016
W_8078732740,58.378172180499305,26.732091520586323
W_11805710644,58.378173277774835,26.682352082841305
W_7595419362,58.37817328294442,26.749181521881805
W_10557437925,58.3781734030883,26.74289985363018
W_9210620256,58.37817467913027,26.70130209785001
W_6854135405,58.37817537268151,26.72848882846445
W_11805710641,58.37817856508839,26.682021519365378
W_11805710638,58.37817875483145,26.682822587109754
W_11016375864,58.37818017364088,26.70915389273432
W_11805710639,58.37818370931028,26.681706003845846
W_11998508526,58.3781843763852,26.71655788615145
W_7576851326,58.378186121382875,26.745852511934142
W_11233333553,58.37818625486742,26.778064645691288
W_cluster_12106132519_4812388682,58.37818803498126,26.75038840458487
W_6694407917,58.37818952456383,26.733085671062852
W_cluster_7600199790_7600199791,58.37819543448319,26.745205606188872
W_11982758609,58.3781981167111,26.704709136886397
W_12120437720,58.378199165257165,26.68341247698409
W_12120433778,58.37820052046812,26.683706560946714
W_4712105421,58.37820291084895,26.752035917436345
W_11805710645,58.37820630877137,26.682633400153424
W_8775800154,58.37820717807156,26.716309260768575
W_12120437710,58.37820830228021,26.683911845662525
W_6583645470,58.37820846415796,26.76221226115619
W_6694556832,58.37821187423638,26.719953616938817
W_2558853706,58.37821286357269,26.7319181745415
W_330036744,58.378213296479146,26.724294082718448
W_3017654023,58.3782137207519,26.76564937931716
W_12106132528,58.37821376620476,26.751427132118224
W_11016375851,58.378218096386576,26.710749564019533
W_9523481341,58.37821815655658,26.72685609753625
W_4812043100,58.37822142024539,26.73954852427215
W_8078732741,58.37822162286265,26.73219835395292
W_1827795964,58.37822229588091,26.72888908796423
W_6583645469,58.378222856018446,26.761740414771037
W_3681336540,58.37822604979208,26.684553056268516
W_cluster_11016375848_11993559222,58.37822637719295,26.71183337672105
W_cluster_6113529877_7908391278,58.378226403721676,26.762441603297372
W_4812389454,58.37822735943141,26.754002082348467
W_11982758635,58.378228482239436,26.70486841320808
W_7595419341,58.37823256712845,26.749689613007533
W_11983069627,58.378233612097496,26.710819199357566
W_cluster_2167263394_2475219104,58.37823390571305,26.741678061431497
W_1827795966,58.37823551722253,26.729110071396676
W_4096900413,58.3782373733683,26.774881254976584
W_4811786485,58.37823996934849,26.715907864250198
W_11805710643,58.37824136469807,26.68235471965537
W_7575086376,58.37824147147363,26.74509601432156
W_8115292708,58.37824254930888,26.73951536828526
W_1208773109,58.37824499039896,26.728620978804056
W_6694556828,58.378245313156384,26.720336189788632
W_cluster_12142980692_12142980697_1935163735_330041359,58.378250097282844,26.776145442664557
W_6583645472,58.37825056028793,26.761231887104547
W_3017654024,58.37825081315814,26.766583228889775
W_11805710642,58.37825492040562,26.68202630397765
W_10557398189,58.378255472849304,26.74293379579818
W_2296334298,58.378256682208225,26.683462915721094
W_3681336542,58.378257113162356,26.684401969042444
W_12038187573,58.378258204917095,26.72296226358854
W_4645111853,58.378259405932454,26.692995551678102
W_4811786480,58.378263293049514,26.715976071247
W_12120437751,58.378263932069956,26.68316208568855
W_6173144101,58.37826436308206,26.746130485508182
W_7576867347,58.3782643812686,26.745144580103513
W_2132673917,58.378264898697324,26.777268554824243
W_8078732742,58.378268354987945,26.732297684756873
W_cluster_4812388665_7575086288_7576851305_7576851361,58.37826848754422,26.745086757218427
W_cluster_11805710640_6304257870_6304257894,58.37827036804438,26.681628279516378
W_4347772947,58.37827193426775,26.7411622605107
W_9210620293,58.37827256707693,26.701335809811923
W_cluster_4812388685_4812388686,58.378275651942154,26.750550735480786
W_2015826094,58.37827627111184,26.74788505880947
W_7039311019,58.37827685356015,26.7772223132978
W_11982758480,58.378277054760794,26.706110736177248
W_4812389434,58.378277584040994,26.73496499858699
W_5352317112,58.37827798140874,26.715229256234835
W_cluster_6694407918_6694407919,58.37827837345632,26.733225208716398
W_cluster_1258183576_330045808_4812066812,58.37827873252433,26.733095769494188
W_10557398191,58.37827999185598,26.74270979666886
W_11988000973,58.378281106148194,26.715948912269326
W_cluster_2558853725_2558853736,58.37828170662539,26.732068120193528
W_6583645467,58.378281830200805,26.760709997585174
W_13531755172,58.3782819291502,26.726563047296057
W_1827795973,58.37828208910435,26.728708067892164
W_6854135436,58.37828257061287,26.729572912340817
W_cluster_330043304_5202763285_6430897772,58.378284036830735,26.704733554030472
W_4812389453,58.37828443342704,26.753696304021393
W_7908391282,58.37828621974158,26.76200552889856
W_cluster_330042900_7908406385,58.37828945166861,26.76041482408921
W_11233333560,58.37828971718143,26.77769911201531
W_429784179,58.37829198167023,26.722550092894522
W_324550965,58.37829208699293,26.68111615009833
W_cluster_1423873886_2132673920,58.37829628137386,26.7773415390529
W_11982758479,58.37829795548003,26.706647801696267
W_6690778432,58.37829963202729,26.752588037021507
W_4811786483,58.378304705433294,26.71581740506375
W_1827795979,58.378305228259606,26.729286678904025
W_4645121343,58.37830522977092,26.694129307353876
W_7576851354,58.37830539024406,26.745577905399063
W_4096900417,58.37830591825467,26.77478797296778
W_11927749490,58.378309824137325,26.700520915247715
W_330046058,58.37831002690208,26.751832889276525
W_7576823279,58.378313868446234,26.74559579792362
W_7576851329,58.378314664040694,26.745634606074088
W_1827795982,58.37831470173251,26.729136993291107
W_7595419339,58.3783147963357,26.749530355432547
W_2431033152,58.378315465277964,26.73176196973109
W_5352317115,58.37831631750872,26.715060867678712
W_11988000972,58.378317597612124,26.716203901752895
W_7908391280,58.378319048941194,26.76149935975527
W_5352317114,58.37832260155931,26.714898037892617
W_8078732743,58.37832297659426,26.732433205197136
W_4811786479,58.37832443093027,26.71588307625342
W_330036519,58.37832722190244,26.725231909534585
W_13688946421,58.378327515366315,26.73074160246928
W_1827795976,58.37832816429429,26.730580357350263
W_11982674830,58.37832931790834,26.705402759170852
W_3017654025,58.37833100734062,26.766380080620472
W_330045048,58.37833402053478,26.683720242084988
W_6113529880,58.37833620228168,26.762465316332328
W_12120437738,58.37833666719936,26.683846406631528
W_7576851330,58.37833757942206,26.745595627251358
W_6958344098,58.37833879464179,26.683944192034854
W_4938522326,58.37833958981826,26.764689995799625
W_3681336546,58.37834080895343,26.683523204562043
W_11238821370,58.37834091412035,26.767777998697053
W_1827795984,58.37834211928014,26.72885106476583
W_4812389467,58.37834286787365,26.75409856961095
W_6694407921,58.378343227663706,26.73266867123074
W_6975301896,58.37834325127022,26.77067055768517
W_7595419364,58.378344323718586,26.749473207721632
W_cluster_10910864734_11982758487_11982919972_11982920005,58.37834637281347,26.70712171678366
W_6113529857,58.37834637641251,26.76359546737306
W_cluster_13282575947_6975301895,58.378347307118176,26.770979674523364
W_cluster_10557398208_10557437909,58.378350845852786,26.744814807762918
W_12038187577,58.37835095598872,26.723198352950305
W_9523481343,58.37835196592279,26.727354515100977
W_12106132532,58.37835273254433,26.7510682802403
W_6113529878,58.37835666383229,26.762844255549606
W_2015826096,58.378357572612686,26.74757516439833
W_4811786470,58.37835859989358,26.71231909771429
W_cluster_1224240943_330046213_4347772950,58.378360604442356,26.7412621511941
W_7908391284,58.37836066742341,26.7609874876763
W_332645887,58.37836072961534,26.7189015536476
W_1827795993,58.37836458941103,26.728901162435953
W_11200740116,58.378365504502845,26.698680283633852
W_6854266665,58.37836579954035,26.7056052453703
W_2418294825,58.37836708376128,26.68893299454667
W_1174577771,58.378369024805444,26.726424900230366
W_4812066791,58.37836946130741,26.734312679778437
W_4811786476,58.37837148496905,26.71511052202514
W_377094188,58.37837179007484,26.720631850894545
W_4812066820,58.378371811077564,26.734883244354
W_4812388689,58.37837462589761,26.750733847429693
W_4812043111,58.37837482400115,26.738445898309116
W_564634828,58.378377003775206,26.69891067586993
W_6856910800,58.3783770764191,26.733481969550883
W_11838366375,58.37837785627299,26.703007684238166
W_1208773063,58.37838104839777,26.728699784881037
W_13249615065,58.37838145456316,26.73429241319876
W_13249615066,58.37838213617463,26.734881457037616
W_6304257800,58.37838277209906,26.68273218496532
W_6126963359,58.378384062150005,26.747708857690867
W_7576867346,58.37839083371268,26.74541160430298
W_8153886386,58.3783926517933,26.70299730069708
W_4387530787,58.37839426912957,26.77248524815164
W_11838366372,58.37839536640974,26.702116353315876
W_6695580326,58.37839556774927,26.72066226958232
W_1208773104,58.378396831598195,26.732747090658684
W_4812389471,58.378397251610934,26.753794861020637
W_3017654026,58.37839735635191,26.767650413879185
W_2408614927,58.37839793300273,26.736268553695584
W_7904488623,58.378399089829934,26.736394220293644
W_3017654027,58.37839995197184,26.766805210386064
W_4812043113,58.37840238525625,26.739100573440812
W_330042902,58.37840401040262,26.758667932419915
W_7576851364,58.37840418331765,26.745440233904105
W_9898259356,58.37840440731677,26.73872661056276
W_9523481337,58.3784117681425,26.727263088785204
W_11982758640,58.37841275435195,26.7058707390022
W_7575086289,58.378414476962206,26.745422548131746
W_429784183,58.37841559570606,26.722148500260175
W_1404484682,58.378417777622026,26.764863026672728
W_cluster_6854135407_8220933,58.378417840848044,26.730002422195895
W_4812043101,58.37842134828586,26.73923876177862
W_7576851367,58.37842159086768,26.745477041667478
W_2463084287,58.37842432018432,26.74145814858453
W_6854266666,58.378425582076275,26.705551057478893
W_7576851360,58.37842611306102,26.745402458863786
W_3017654028,58.378428158467386,26.764695732634724
W_4645120970,58.378428167479726,26.69461025613421
W_cluster_330046211_4812066810,58.378428756768955,26.733542622151724
W_1208773042,58.37842928547748,26.73108793053225
W_4812066811,58.37843220363456,26.734207393167615
W_12251310260,58.37843263366094,26.709386067458265
W_9898259361,58.378433701624466,26.739483352828533
W_1889973090,58.37843465815582,26.7349585201199
W_1889973094,58.37843546742185,26.73487216567044
W_4812043103,58.37843712953124,26.73971159503528
W_11988001002,58.378440550232675,26.71434291742266
W_2463084288,58.378441150544255,26.745376531525554
W_11988001003,58.37844183090439,26.714272802378762
W_6109662670,58.37844190534372,26.745078666976024
W_11988001009,58.37844197239176,26.714255702529204
W_429784210,58.37844249613433,26.717854975652436
W_11559459906,58.378442512797974,26.697971056269463
W_11016375866,58.37844509061792,26.70945316296216
W_cluster_11987872395_330041241,58.378446689179185,26.712750465083953
W_6113529856,58.37844757840678,26.76382801642685
W_8153886387,58.378450324313576,26.702730930996744
W_7576851307,58.37845126546239,26.745540093122948
W_11750786133,58.37845209556956,26.765308389949798
W_cluster_12038173659_330045823_330046021,58.378454006797114,26.723213276688725
W_13282575952,58.37845533203667,26.771620687917633
W_1208773090,58.37845555060392,26.73520236187961
W_11016375849,58.37845562687693,26.711173207075426
W_429784208,58.37845683536449,26.718248815470435
W_cluster_12106132526_4812388681,58.37845710803898,26.750888521815938
W_4812389469,58.37845819628477,26.754194887767966
W_11998509686,58.37845998999361,26.7230311285855
W_cluster_4812388693_956710353,58.37846041482546,26.749774176748854
W_7904488629,58.37846129985306,26.73633493677469
W_6173144102,58.37846215793272,26.746503868161845
W_cluster_11838366380_8153886390,58.378462520035164,26.701448253133332
W_11838366371,58.378465567980015,26.702140212814662
W_11016375861,58.378465897787045,26.70924199370034
W_4811786477,58.378467012387794,26.71517489812773
W_4387530788,58.378467303246886,26.77254376846908
W_6109662669,58.37847070614427,26.745153864511995
W_1208773067,58.3784726031233,26.738563155772635
W_1827796016,58.378472616483,26.733427388170377
W_7576851366,58.37847300274838,26.745586274101814
W_6694407920,58.378473963647956,26.73286688232909
W_4812043102,58.378476048984524,26.73972601329793
W_4347772953,58.378477309005724,26.740302572397567
W_7591625688,58.37847883440966,26.74954817249641
W_11982758478,58.37847883489036,26.706565252410883
W_cluster_2520303702_4812043098,58.378479007848526,26.74012165559399
W_10557437910,58.37847906081185,26.74479387654621
W_11988000998,58.37848259090222,26.715193068218998
W_6695580325,58.37848353200038,26.72084299178872
W_7904488625,58.37848630191574,26.736394766739306
W_12106132521,58.3784891831455,26.74992615155904
W_4812112432,58.378490626925434,26.73627059781024
W_6694556822,58.378491173080384,26.71879296519408
W_7591625685,58.37849233686219,26.749517641114615
W_6173144106,58.378493558904985,26.747486818769048
W_3017654029,58.378493883554874,26.76743895235173
W_11838356466,58.37849427481457,26.70150817245851
W_8775800158,58.378495413074205,26.715304619607068
W_429784215,58.37849641063334,26.71745888064646
W_11216000163,58.3785058304224,26.738604972842126
W_5352317107,58.378507833851664,26.739721162574437
W_6173144093,58.378509572295286,26.74745455877134
W_5202763284,58.37850960807841,26.705493931592347
W_8775800155,58.37850981167303,26.715843113860963
W_7576851363,58.378512427323145,26.745629250071648
W_1208772986,58.37851948428196,26.73860589778348
W_4811786473,58.378522277979755,26.715228313795887
W_cluster_11988001001_680161110,58.37852526775716,26.714191421765463
W_cluster_4096900435_4096900441,58.37852690478999,26.775322438404036
W_11016375857,58.378535594709454,26.7083333054622
W_7625091556,58.37853856724945,26.738450500117416
W_6126993469,58.37854092479669,26.706185315452778
W_cluster_330044225_7575086290,58.378540963983525,26.745662045245524
W_1258183574,58.3785425307498,26.73836822585239
W_4812389475,58.37854272737735,26.755328458586597
W_12038173658,58.3785433020003,26.72322181070833
W_11233333556,58.378543482770716,26.777823875414725
W_429784206,58.378544111974314,26.71876911869783
W_2167263524,58.37854718106723,26.741054574524963
W_3017654030,58.37854765868295,26.7678216099369
W_4096900439,58.37855140173879,26.775104786930317
W_cluster_11022082574_4812066809,58.37855363427543,26.733515690589243
W_11988000914,58.37855746000875,26.715216745140875
W_4096900440,58.37855841702604,26.77337759996424
W_3017654031,58.3785590314354,26.76790207024429
W_4876397900,58.378563890874204,26.74571933204128
W_9210638751,58.378567965416984,26.684001133498384
W_9523481344,58.37856801627751,26.727206312085528
W_377094071,58.37857035376805,26.719021800619117
W_6792352357,58.37857240362781,26.723222437747232
W_4811786482,58.37857311922035,26.715837475242537
W_3681336552,58.37857685057636,26.68428985265749
W_cluster_11016375856_12251310271,58.37858615376754,26.709397116240776
W_3735673213,58.37859041618139,26.71300064899602
W_1889973097,58.37859126382911,26.735116364233566
W_7908463781,58.37859281675353,26.7354331927134
W_cluster_11233333554_11233333555,58.3785931611254,26.777519376520278
W_11982919975,58.37859368298588,26.706867631323657
W_7908406395,58.378595425677574,26.762619172777196
W_1889973100,58.37859688314791,26.736272711722137
W_12160132384,58.378598355970084,26.72057277911622
W_11016375863,58.37860021512953,26.708707406592243
W_cluster_11016375854_11983069628,58.37860354754039,26.710454533188475
W_11750786131,58.3786085668262,26.765119264618694
W_7816112001,58.378609477508725,26.748932033166973
W_12020365213,58.37861021329319,26.703086780005677
W_6873910458,58.37861042664204,26.741195517978962
W_11247655472,58.378613427668256,26.717697499185125
W_10557437920,58.37861346110088,26.744451614631522
W_11016375855,58.37861780304392,26.70957057975729
W_7816105680,58.37862200224662,26.748906809001422
W_564767727,58.37862257399232,26.698267720680832
W_cluster_12120437741_12120437742_3681336551_3681336557,58.37862433326231,26.68384075559583
W_5202774658,58.378626027672524,26.70612766897027
W_4812389479,58.37862635683511,26.75514629071081
W_11982920011,58.37862728930361,26.707031330091446
W_7625091563,58.37862955508536,26.73964315068087
W_9210638750,58.378633298445806,26.68401610928814
W_cluster_330043305_6430897773,58.3786418923221,26.706936652638188
W_11998508521,58.37864290908235,26.716568571847002
W_940352828,58.378643219243266,26.726966177522833
W_6173144089,58.37864791549844,26.7464226845053
W_11807631074,58.378648884062045,26.762968483698064
W_10557437911,58.37865006790796,26.74479298371391
W_11998509747,58.37865039232742,26.715851729919113
W_330042899,58.37865096188962,26.755896927732824
W_564642437,58.378654057169186,26.698364231218626
W_11016375852,58.37865438686817,26.71089355613177
W_10557398184,58.37865606209007,26.743746494466144
W_377093856,58.37866026391755,26.721078756327117
W_7625091565,58.37866035213328,26.739594192246813
W_3017654032,58.37866312924764,26.766272898768854
W_330041734,58.378664892599716,26.770627091625265
W_333008789,58.378667017664206,26.73215496791896
W_324550966,58.3786688349653,26.68121260809883
W_330045379,58.37866900949484,26.733799857716086
W_11222466426,58.378673093722576,26.764749160024152
W_cluster_12106132520_4812388676,58.37867439270664,26.74947155201182
W_940352831,58.378676495050996,26.738436313332723
W_7908391277,58.37867681645737,26.76233820596699
W_6694500503,58.37868062621099,26.733296381291748
W_2431033166,58.378681203866186,26.718007985342425
W_cluster_1902654955_330036518,58.3786828587947,26.723796605942816
W_4812389472,58.378683029643476,26.754864109912372
W_2015826095,58.37868370399036,26.74863125093734
W_2431033162,58.37868569043243,26.717761384543294
W_4096900448,58.37868606912253,26.773492882224787
W_cluster_330041261_330041268,58.37868690289505,26.715548445236156
W_12251310266,58.37868767982734,26.709214349928924
W_3735673214,58.378691198213026,26.712924424779004
W_940352840,58.3786944789449,26.727333919112137
W_6792352356,58.37869523208314,26.723079555631166
W_429784170,58.37869577362934,26.721093694044033
W_11022082575,58.3786996189903,26.733748159727288
W_11016375858,58.37870014851584,26.709286575410353
W_2431033170,58.37870789071301,26.71776855975644
W_429784187,58.37871027872495,26.72156841411141
W_7816111999,58.378710826449385,26.749134276132644
W_1174577772,58.37871371043847,26.727086008715936
W_11016385610,58.378715893574906,26.70858710326799
W_cluster_3017654834_3017654835,58.37871595439842,26.767365847108778
W_7816112007,58.3787178148334,26.748713082656728
W_10557437912,58.378721476742385,26.74479571685758
W_8153886385,58.37872156111417,26.703154068988972
W_6583645473,58.37872214928905,26.761841693607437
W_11016385605,58.37872247646778,26.71010286157768
W_cluster_1927527471_330036569_330045942_6801420442_#4more,58.37872262885061,26.727562655312273
W_6304252481,58.37872283454819,26.683139334025775
W_10557437916,58.37872291017796,26.744253502846785
W_1404484690,58.37872368458367,26.76359174670473
W_cluster_7816105679_7816105681_7816105682_7816105683,58.378725759235756,26.748962839951457
W_7267122156,58.37873017199835,26.751363483306704
W_2431033172,58.37873127925246,26.717540616392736
W_11988000874,58.378732003753164,26.71498877901816
W_4712105413,58.37873266200469,26.7526496392383
W_6694500493,58.37873347627028,26.72713116800848
W_4387531189,58.37873545991708,26.73297365445946
W_1889973106,58.3787366961843,26.7348659732561
W_11806589004,58.37873766931191,26.74149398676655
W_1174577767,58.37873823718277,26.727047175943753
W_330041142,58.378741768631585,26.701491719189487
W_1889973108,58.378741886301796,26.73394704277687
W_4812388720,58.37874512565235,26.750877771355995
W_1889973110,58.37874519336373,26.733420886579434
W_1162538808,58.37874589688366,26.743576564664483
W_4347772954,58.37874870275305,26.740731639912433
W_6694500494,58.3787528944829,26.72718180166607
W_377094038,58.37875399297344,26.718719913822312
W_1889973119,58.378754304234654,26.733655755981108
W_4387531190,58.37875666391041,26.733020345094896
W_cluster_11238821378_11750786135_1404484756,58.37875745474641,26.767864004723634
W_6583645471,58.378757589460804,26.761339262176104
W_cluster_11016385606_11983069644,58.378758484681605,26.710258165864392
W_cluster_12120437744_6304252466,58.37875906376157,26.68387990372515
W_11750786101,58.3787636354139,26.76246586339798
W_11750786122,58.37876386648364,26.767388102197597
W_940352690,58.3787653327645,26.727286692614545
W_11998508525,58.378766759440225,26.716525515435414
W_5085856895,58.37876727851869,26.715544207586035
W_330044520,58.37876999835773,26.762409907443658
W_6792352364,58.37877160922977,26.72363586704287
W_6694500504,58.3787739673286,26.73313477670835
W_cluster_11016375860_11016385608_12251310267_12251310272,58.37878049924624,26.709231882046655
W_6694500491,58.37878336441207,26.72799478834887
W_cluster_7868801055_7868801056,58.37878385073263,26.739948938493963
W_7908391281,58.37878632557569,26.762109200027293
W_1889973126,58.378786621986976,26.734037158985725
W_11988000873,58.37878836743966,26.714930188324292
W_cluster_12120437746_6304252480,58.3787894085532,26.683692741383936
W_6583645468,58.37879057904754,26.76082419316585
W_8164649237,58.37879102404793,26.707542597244434
W_6694500500,58.3787911103034,26.73196764988082
W_3017654836,58.378795111952385,26.764775705997394
W_6958344150,58.37879524743653,26.68058034746741
W_6792352362,58.37879536239931,26.72369689526127
W_1680571766,58.37879565639572,26.71602821935125
W_6873910476,58.37879698473598,26.74049070475668
W_1174577764,58.37879958017702,26.72624698801362
W_11750786129,58.37879961803152,26.764832957147835
W_1889973140,58.37880312721189,26.734070377572454
W_11807631073,58.37880337018119,26.762921793689518
W_377093811,58.37880546102851,26.721021526135743
W_1927527477,58.37880796853639,26.727949970930524
W_cluster_7908391279_7908406387,58.378811158746736,26.76164975762851
W_11998509742,58.37881345001219,26.715870766647942
W_330041239,58.37881431906344,26.71359917271576
W_11998508510,58.37882351639728,26.71631970254965
W_12536248775,58.37882613434128,26.692467573270005
W_6694500505,58.37882949509051,26.73327456825619
W_4812389463,58.378833899487276,26.75415055356571
W_11750786104,58.37883712527761,26.763496431169223
W_11806589035,58.37883729747619,26.741238313767354
W_cluster_4712105389_7908391283,58.378838940346164,26.76113472333069
W_7908406400,58.37883978185214,26.76406033405618
W_330042903,58.37884208010542,26.724119898621506
W_11016385607,58.378843009259946,26.709429031091727
W_cluster_7816111998_7816112006,58.37884307483145,26.748971240064886
W_10688075631,58.37884368320944,26.705359657214494
W_2408614928,58.37884386735398,26.73626847489314
W_6053324291,58.378847798410774,26.75162478161952
W_6873910477,58.37885010226528,26.74037575219564
W_1902654958,58.37885291302547,26.72435406896394
W_5085856894,58.3788540887206,26.715687310681023
W_1889973189,58.37885670221607,26.734178552433075
W_6801420441,58.37885860940515,26.727858273007286
W_7908406398,58.378860455472726,26.76426418565573
W_cluster_2418294844_2418294850_2418294855,58.37886188038243,26.686465368143434
W_11806589034,58.37886265098214,26.741295409430748
W_1889973195,58.37886538168811,26.73321239941537
W_10557437919,58.37886547084471,26.744986013696224
W_11750786112,58.37886630962594,26.76432176983592
W_3017654837,58.378869976576304,26.765733258079027
W_4812389461,58.3788702111512,26.75388355832211
W_2167263521,58.37887293073102,26.74336960130191
W_11988000920,58.378874363447714,26.7128581321102
W_5202763282,58.37887505445107,26.70748701437018
W_6304252479,58.37887605261186,26.68324517070897
W_940352794,58.37888033291718,26.731770164823462
W_330044526,58.37888088498528,26.76060591317529
W_1174577738,58.37888441868461,26.72568377667597
W_6304252463,58.3788892545203,26.691898484363072
W_5339464951,58.378890377742486,26.740704952253147
W_1224240949,58.378893592901456,26.740296948732777
W_10557437915,58.378894935220856,26.74449266866149
W_10688432808,58.37889557379512,26.775616418488834
W_940352599,58.378898194962886,26.73150756091377
W_13534003588,58.37889857511688,26.727477001378634
W_6694500486,58.37890066038818,26.72778185902345
W_429784238,58.37890386159019,26.719195781111193
W_2415673194,58.378905965255065,26.72425721726904
W_4812389478,58.37890613161147,26.755239935323107
W_5372323937,58.37890889533146,26.752146381919143
W_7868801057,58.37890924865974,26.739779591503936
W_6694500485,58.37891041682019,26.72759711550245
W_1889973209,58.37891145003369,26.734289283641566
W_7908406397,58.37891497400042,26.764801924523606
W_6694500506,58.378915814283616,26.7328897040262
W_2415673197,58.3789174148694,26.724736581909287
W_cluster_10692439127_2167263532,58.37891768462933,26.74387608824264
W_7267122157,58.37891892054336,26.751017270380068
W_10688075630,58.37891908934342,26.705928936329634
W_9323775889,58.37892619293356,26.719057957243784
W_11222466425,58.37892826373386,26.762900266226307
W_1889973231,58.3789297257501,26.733359135491277
W_7625091566,58.37893037203933,26.740230334644547
W_4096900474,58.378930425655646,26.77230995270833
W_10226357625,58.378931067113,26.715528355234607
W_6173144095,58.378931472582366,26.747473088687485
W_10688075634,58.37893225687737,26.705835295519414
W_6801420439,58.37893510374734,26.728013968264577
W_9210638748,58.37893534782236,26.684088473253787
W_cluster_330043667_330044068_5339464950,58.378938435163434,26.740530532577836
W_429784233,58.37894345852602,26.718045562424745
W_11750800078,58.378947922738206,26.752821686817036
W_2408614929,58.37895207523863,26.736084366814037
W_7879083236,58.37895323022381,26.71934603061567
W_1162527184,58.37895539601255,26.72460616310783
W_11806589005,58.3789563877215,26.741146817480672
W_1827796028,58.37895645502677,26.732609487183588
W_2408614930,58.3789574585808,26.735646080751724
W_1902654960,58.37896115318684,26.723235124392055
W_4812389458,58.378962185447584,26.75360488919312
W_10688075632,58.378962300487395,26.7053078844192
W_13511665400,58.37896301771386,26.724057740354137
W_13511665399,58.37896328373645,26.72384776315195
W_6854266664,58.37896343115381,26.708826499574492
W_1889973237,58.378964754346384,26.734396948230128
W_13511665389,58.37896661593359,26.723935283756077
W_9323775886,58.37896916448693,26.71891227451911
W_cluster_12020245941_330044932_5202774656,58.378971417473444,26.70823121878075
W_8164649239,58.378972666002895,26.707046763032128
W_11222466424,58.3789765132919,26.763444714590285
W_11806589033,58.37897830755482,26.741104764515036
W_377093804,58.3789788851503,26.720728448931272
W_4096900477,58.37898047040187,26.773485010822384
W_cluster_10681699623_2771897577_2771897580,58.37898140650229,26.69923040744939
W_1889973246,58.37898395800361,26.733006316862262
W_11750786136,58.37898469177006,26.76766792631136
W_5339464952,58.37898705662546,26.740634650222482
W_7267122155,58.3789874555405,26.751158879810042
W_6792352363,58.37898882462301,26.724113281485522
W_1174577768,58.37899246533998,26.725934805806194
W_1827796025,58.37899346136384,26.732223625640884
W_429784234,58.37899400437868,26.71787314354138
W_11750786134,58.37899412161366,26.76667920356996
W_12251310258,58.378995168297116,26.70899876678274
W_6801420436,58.378998694683474,26.72864990239887
W_11988000918,58.37900046837648,26.712899855010633
W_1827796026,58.3790047097144,26.731547276289863
W_2138684173,58.379005891973776,26.770660444360526
W_5352317065,58.37900842276713,26.770368548932808
W_6958344112,58.37900971745718,26.67946167313006
W_12536248772,58.37901092750544,26.69129023829477
W_11806589032,58.37901303599945,26.741267634243624
W_10226357626,58.379013424063814,26.71564789818461
W_2138684174,58.37901411657032,26.77048854655797
W_6792352359,58.37901758078,26.722747532616488
W_418091418,58.379017603414844,26.70879288123431
W_3017654839,58.37902170647953,26.7666855190664
W_12160132385,58.37902529018934,26.7205912903765
W_1889973254,58.37902590500814,26.734520285257815
W_cluster_1208772990_1208773077,58.379026887587074,26.72881520406145
W_12251310273,58.37902722952524,26.70915564253917
W_11750786113,58.37902785471933,26.764450302699352
W_6690825560,58.379028290260024,26.730543900110828
W_429784248,58.379037266331714,26.719126838190885
W_11222466421,58.37903759216627,26.7628641379303
W_6690837786,58.37903777382448,26.730227667602293
W_6694500509,58.37903836014832,26.73550475101858
W_1208772984,58.37903849125552,26.728484249667627
W_429784246,58.37903913109835,26.71833992777487
W_3017654840,58.379042705763176,26.767911889138812
W_6690825567,58.37904343009869,26.73018402201241
W_11993559251,58.379046202227784,26.713068079627593
W_6690825563,58.379048229107674,26.730586495565753
W_2409197141,58.37904904992302,26.73093428273908
W_1889973257,58.37905207307233,26.733152340624002
W_6690825564,58.37905287692448,26.730149067950958
W_12120433775,58.37905389144357,26.68397387612963
W_cluster_940352620_940352837,58.37905392631759,26.730647666524742
W_330046007,58.37905397289503,26.722547872833918
W_6690825559,58.37905468976142,26.730498215520196
W_6694500502,58.37905524858,26.73243569795899
W_429784168,58.37905538251139,26.718296708780834
W_12020245940,58.379057506269845,26.70821169917011
W_429784165,58.37905796966332,26.717554591502594
W_11806589045,58.37906401165066,26.74084816483182
W_1827796031,58.379064359254755,26.73215366655571
W_12096909832,58.37906562777754,26.71650824214836
W_4712105401,58.379066493948635,26.75273621758678
W_330044522,58.37906797445896,26.758883975506457
W_429784227,58.37906917723251,26.715718752480857
W_2409197142,58.379070349166035,26.730769457226284
W_429784222,58.37907200703356,26.71545608893076
W_2409197145,58.37907298028965,26.73069659544176
W_6690825568,58.379073813437756,26.730238848839925
W_1889973263,58.379075201367115,26.73291568682885
W_11806589030,58.379076332236025,26.741522800851136
W_cluster_297303594_5202774655_6854266656_6854266660,58.37907638153436,26.70900750255261
W_1404484751,58.37908202878548,26.765045499275637
W_11222466420,58.379082790083054,26.763409634296934
W_3017654841,58.37908425659126,26.767794146262695
W_6854266663,58.37908497094051,26.708755905240928
W_330040772,58.37908588768696,26.67892629525531
W_cluster_1889973260_940352845,58.3790863181505,26.732604571909338
W_4812388719,58.379087010897635,26.750210210576373
W_cluster_4812389459_4812389462,58.37909043054475,26.75434711742751
W_564642450,58.37909202760106,26.697766814930237
W_5085856892,58.37909622995695,26.715969890490946
W_9323775890,58.37909759309219,26.718745050621468
W_8145251909,58.379107883954894,26.738702601141476
W_1889973266,58.379107890116664,26.734685700849973
W_6793282800,58.37911541504167,26.75604726893657
W_940352588,58.3791164185356,26.730126354062847
W_10557398178,58.379119418846734,26.74455499608105
W_11993559271,58.379123448002765,26.71471870637375
W_564730092,58.379123648048335,26.69625020100036
W_4712105415,58.37912872040182,26.7524955410902
W_6793282808,58.37912979788622,26.755959451723932
W_940352669,58.37913427542612,26.729820316053793
W_377093648,58.37913503430564,26.71820835583516
W_cluster_10688199393_10688432810_10688432811,58.37913710829265,26.773586429959035
W_4645120985,58.37914317713597,26.694491566029388
W_2670802908,58.37914392323393,26.746945604704703
W_1889973269,58.37914550605991,26.733250467588793
W_7908406388,58.37914722511692,26.76178206046723
W_11222466423,58.379148806689,26.76282799675292
W_11806589043,58.37915037676939,26.741051693987174
W_cluster_12096909831_1680571769,58.37915257941568,26.716188305455663
W_6173144088,58.3791540249949,26.74696707715271
W_1889973271,58.379155624662566,26.73297714857802
W_6723242874,58.37916352376608,26.70988789952702
W_3017654842,58.37916616256904,26.767592865589457
W_10688432835,58.37916725037808,26.775658980123993
W_429784252,58.37916987527476,26.720089316033754
W_2415673199,58.379171424366675,26.72528553500713
W_4096900481,58.37917187692404,26.7726286619043
W_8833399334,58.37917437562002,26.747585403702676
W_4812271061,58.37917631104052,26.752815130794126
W_11806589037,58.37917655457067,26.741739567710017
W_11983069641,58.37917701244416,26.709815801742785
W_cluster_6138125022_7625091559,58.379177778640454,26.740833651388712
W_11761458320,58.37917845258265,26.74501829544016
W_11233333559,58.37917947923544,26.778194174964984
W_6792352358,58.37918040488017,26.72332369046354
W_12879852632,58.37918690297033,26.76327282901471
W_6723242872,58.37918746543069,26.709989613452002
W_1827796035,58.379189008437116,26.73292081145262
W_360474103,58.379189434960985,26.781583652897805
W_cluster_330045892_4876397898_5085860334,58.37919292955117,26.744575838578807
W_5127935851,58.37919407352823,26.716025873075086
W_11988000814,58.379195023031166,26.711347388781636
W_11222466422,58.37919535008105,26.763372459839463
W_4096900482,58.37919572315307,26.77250231761163
W_9323775887,58.379196973319345,26.7188878919236
W_6792352352,58.379198672771096,26.723007556715203
W_2431033190,58.379199553692416,26.713565785569088
W_2409197133,58.37920047569233,26.729100281414468
W_4645120939,58.37920241668128,26.695380377461987
W_1889973272,58.379206123920156,26.733376201156158
W_6792352360,58.37920936325944,26.72342434828277
W_11806589024,58.379216877676875,26.741826649265885
W_2431033191,58.37921771492241,26.727953485525543
W_564730093,58.37921866192537,26.696056164640154
W_10688432833,58.379220510114614,26.774482056693962
W_11983069636,58.379223057333725,26.710000606790555
W_2771897583,58.379225097495386,26.69977533363529
W_3017654843,58.379225562095826,26.767957026782337
W_6958344109,58.3792259529578,26.679194162796513
W_4712105412,58.37922875184091,26.752576574083854
W_cluster_11233333547_11233333548,58.37923131575942,26.77783887337184
W_2431033193,58.37923242128024,26.71985849600382
W_7746848813,58.37923312073505,26.733099334438187
W_cluster_11983069616_11983069617_330043312_6723242873_#1more,58.379234640208246,26.709880134139187
W_1680571780,58.379237475148095,26.71587317145742
W_11806589047,58.37924269693533,26.741268859798407
W_2138684182,58.37924529176853,26.77269932168476
W_10688432840,58.379246121179186,26.77398020688441
W_2409197132,58.37924687020405,26.726797704833427
W_cluster_11806589012_11806589013_11806589025_11806589026,58.3792482766335,26.742031437846233
W_1827796037,58.37924905065663,26.733071855603015
W_11983069632,58.37925177361697,26.709751750239494
W_12879852618,58.3792532765194,26.762496428710286
W_2139961608,58.37925446436456,26.72318118821964
W_11988000819,58.379255784086,26.71204607477212
W_11750786109,58.37925871873784,26.76451989617088
W_1889973274,58.37925988589504,26.7334876236159
W_11806589038,58.379267304704896,26.74193588605006
W_2167263529,58.379267477660484,26.742736293061014
W_4096900483,58.37927008534433,26.772550058325738
W_6694491483,58.37927313169068,26.7270249198515
W_6793282809,58.37927612380417,26.756015210293384
W_12879852612,58.3792767320597,26.76303728597431
W_6792352361,58.37927971144832,26.72339319036551
W_11750786114,58.37928258690098,26.76484974941705
W_1404465244,58.37928479957091,26.764880855025407
W_2138684187,58.37928541924452,26.77102386682717
W_9210834448,58.379285676894554,26.70977062281953
W_2418294873,58.379289031879736,26.684339233977838
W_6694500490,58.37928952584249,26.727215961247317
W_11806589020,58.37929316908582,26.74220227215852
W_6694500512,58.37929362338106,26.73503022143506
W_11983069633,58.37929449431826,26.70993606990383
W_10226357621,58.379298291543016,26.71466599768364
W_cluster_12066850920_2431033196,58.3793007022177,26.71385428293838
W_10688075628,58.379302368054354,26.705787757235154
W_2387592585,58.37930306627796,26.718897307531616
W_12066850935,58.379304625494754,26.71412304939159
W_8145297315,58.379305431608316,26.76535675650228
W_6723289185,58.379308765434054,26.709892179008754
W_330044537,58.37930899694912,26.75610988335511
W_11806589039,58.37931205817794,26.74185929724
W_cluster_2418294877_9210638747,58.37931218380644,26.684112292493513
W_1889973277,58.37931265554933,26.733597002000078
W_5085860333,58.37931649877882,26.74479261718881
W_2408614931,58.37931966935459,26.736074098223867
W_1881499642,58.379324951718694,26.783692159467517
W_4811786471,58.37932603229843,26.70847776766235
W_cluster_2138684189_3032839891,58.37932721196858,26.772704095543148
W_11806589049,58.37933212714773,26.74147835327712
W_1166472791,58.37933321137982,26.724796952238695
W_cluster_11998509730_330042798,58.37933608268282,26.716476662223023
W_1278970321,58.379336856116915,26.72129006269308
W_1827796042,58.379338795726206,26.732951825877905
W_12066850934,58.37934189845948,26.7140825649147
W_12536270372,58.3793517856387,26.690102972953586
W_12066850930,58.37935266033729,26.713994930221283
W_330036503,58.37935330148873,26.72349076347711
W_10688432852,58.37935520316279,26.76326520405251
W_11806589027,58.37935616017701,26.742128115429075
W_cluster_13531755067_6646866042,58.379358779666966,26.727894433593303
W_4712105410,58.37935930117882,26.753159766260485
W_12879852607,58.379361792076395,26.76333133351485
W_11806589040,58.379364729706275,26.74214651996721
W_1889973281,58.37936632716212,26.733708254819643
W_6126993473,58.37936795372274,26.70850734539588
W_1889973279,58.37936827923373,26.734259003447395
W_11238821371,58.37936899953339,26.767512362819062
W_12066850925,58.37937300834342,26.71377589635336
W_6516915350,58.37937834860303,26.740484555042265
W_7873204614,58.379383713403016,26.772809575757304
W_12879852608,58.37938614822541,26.763875435796788
W_12066850932,58.37938667356381,26.714103576637797
W_1707074392,58.37939086478007,26.716271374769402
W_12186075715,58.379396124778005,26.709046762886572
W_12066850924,58.37939645878795,26.71442359389698
W_1278970305,58.37939911530054,26.721132772377473
W_6694500511,58.379399862520145,26.73528471532493
W_12066850928,58.37940082739363,26.71400650984909
W_6053324285,58.37940148861673,26.751983905321424
W_4813097755,58.379402736908524,26.725973859236397
W_8145251908,58.379404607537296,26.751739365618533
W_4812388672,58.379405721833116,26.746393650488667
W_11761458317,58.37940581729124,26.744903800673555
W_8833399337,58.37940582774716,26.74799464326253
W_11806589041,58.37940733705823,26.742074563647446
W_cluster_6723289186_6723289187,58.379409172729424,26.710564207399056
W_cluster_11238821380_1404484694,58.379411174772315,26.768036345080983
W_12879852625,58.379411605125966,26.762439279526596
W_2138684198,58.379412369180784,26.770494509886923
W_11761458321,58.379412864162965,26.74519529041888
W_11806589011,58.379416870157,26.742259335990738
W_12879852610,58.3794170186361,26.762500971062344
W_1166462744,58.37941829693374,26.724727380031297
W_10688432844,58.37941870833326,26.772689656796956
W_6696568321,58.379420488715255,26.721172786790348
W_11806589051,58.37942272977449,26.741690404119193
W_4712105398,58.37942494860391,26.752550577761887
W_429784163,58.37942797068287,26.71741449911654
W_1889973283,58.37943280736508,26.733845915225174
W_12066850927,58.37943397001977,26.713966571542294
W_12066850923,58.37943690065148,26.714555614818796
W_4813097756,58.3794386482484,26.72605086909076
W_1707074393,58.379441282978846,26.71632620038469
W_1174577773,58.379444168672585,26.725902405392183
W_2418294884,58.37944660018122,26.688756604803952
W_10688432836,58.37945490014107,26.775693575421453
W_761545730,58.37945752789773,26.71782549842024
W_9324053490,58.379461323832196,26.719307968409602
W_12066850921,58.379463020593974,26.71434679362244
W_12879852611,58.37946889784207,26.762967429852914
W_12097398994,58.379469172853206,26.72274706780969
W_330046194,58.37947146810263,26.7039456195458
W_6111462884,58.37947159944542,26.750670367228604
W_4813097757,58.37947221011648,26.726121228621228
W_6801420452,58.379473559958825,26.723904991139403
W_12020245943,58.379479667490244,26.707908464566437
W_cluster_10688432864_3032839876,58.379480013074,26.772718160104024
W_cluster_2387592588_2387592589_2431033200_9324053489,58.37948092554715,26.71923599606812
W_11988000800,58.37948145622521,26.711192866389272
W_6126993474,58.37948289288356,26.70865430559702
W_1162527405,58.37948396597271,26.72394081817391
W_6723289191,58.37948570852567,26.711007476173325
W_11988000828,58.379487820213654,26.711945008787186
W_12879852629,58.37948826173884,26.763142053623444
W_10688432865,58.37948981590605,26.773080086649653
W_cluster_10688205507_3032839871,58.379491383233564,26.772091060108476
W_10688432871,58.37949513640784,26.77319359104301
W_6696568322,58.37949677843093,26.721313253403782
W_12879852609,58.379497120729695,26.76322150546774
W_11761458293,58.379497278796585,26.746229867166072
W_cluster_1278323222_330043313_6723242869,58.37950156144209,26.711147047174844
W_10688432832,58.37950396779983,26.774533084426427
W_6723289195,58.37950522268404,26.712855400486898
W_578375578,58.37950551293437,26.7845639674593
W_2138684205,58.3795101204008,26.77111474663713
W_1889973307,58.37951031390158,26.733714180596554
W_11806589053,58.37951233547986,26.74189818852514
W_10688432862,58.379512965282736,26.773168511811473
W_10688432854,58.379515366224574,26.773104203448533
W_2431033204,58.37951555854733,26.713620848850628
W_429784153,58.37951622211691,26.71723476461014
W_7908406390,58.379516825899586,26.761980655778938
W_3717131474,58.37951750218608,26.754065602982713
W_cluster_11806589009_11806615173,58.379517832953944,26.7423983002253
W_12020245944,58.37951875265331,26.707993979677124
W_2431033205,58.379520307872355,26.720570106623544
W_cluster_11998509724_429784164,58.37952111810094,26.717377674965807
W_11806615172,58.379523522656996,26.74232456115411
W_cluster_6516915343_6516915351,58.37952466670171,26.74164400417979
W_6723242848,58.37952609871198,26.71642076231103
W_6723289192,58.37952677583923,26.710977216706333
W_1174577753,58.37952944827603,26.72575537463843
W_4812388668,58.37952992014748,26.7440371717556
W_12186070070,58.37953252816895,26.708718873522646
W_cluster_330046178_330046196,58.37954041075605,26.701839099016766
W_1278970313,58.37954782117337,26.720419073823123
W_3717131482,58.379550780548584,26.755356362293206
W_10693880988,58.37955247529776,26.747573298719963
W_6111462882,58.379556006598676,26.75112221716224
W_6053324288,58.37955631527581,26.751327405649125
W_7908406391,58.379556702800535,26.761256064429134
W_10688432867,58.37955822110868,26.77377165248074
W_12186070064,58.3795598080058,26.708037585538605
W_cluster_10693880987_330040563,58.379560631267964,26.747701313668667
W_11806589010,58.37956359005854,26.742016995851298
W_330041129,58.37956401184435,26.699217925640813
W_cluster_2139961609_2139961610,58.379565230335345,26.69540050528444
W_2138684213,58.37956596469256,26.77095228441138
W_3032697602,58.379566200467735,26.750452710649572
W_6723242882,58.37956680536915,26.711163784173156
W_6723242861,58.37956815260082,26.712401246048156
W_cluster_5202774385_6723242862,58.37957226845488,26.712714470883
W_940352681,58.3795722940347,26.73075298003448
W_4813097753,58.3795780533307,26.725678392843943
W_6723242866,58.37957846202056,26.711912978366893
W_1889973312,58.37958088476075,26.73387540772466
W_cluster_2338597279_940352778,58.37958269789288,26.73027634475875
W_12143025292,58.3795838615449,26.768119852833323
W_12020245942,58.37958421748131,26.707831679759735
W_cluster_330042966_7908406389,58.37959039785417,26.760974725426802
W_12143025291,58.37959086280201,26.768018237477744
W_940352832,58.379595324583235,26.730813677919958
W_10688432816,58.37959984748335,26.773795324946942
W_12042152890,58.3795998584278,26.71578185491898
W_2387592587,58.37960096715504,26.719012068035738
W_6690825572,58.379605586293515,26.73069629885036
W_6792352355,58.379606108728815,26.724688982785253
W_12186070071,58.37960823447593,26.708202193477355
W_2338597281,58.379608498035054,26.73174155437121
W_6690825573,58.3796104336797,26.73065231681424
W_4813097754,58.379610803414494,26.725747048671867
W_6696568304,58.37961086890155,26.720623595279456
W_6690825569,58.379615997957416,26.73073571881133
W_1278970303,58.379617321747006,26.721524675791844
W_6792352354,58.37961999059583,26.72467057842844
W_2338597283,58.37962010352146,26.73187945734407
W_12042152888,58.37962525010715,26.715810548497732
W_1889973315,58.37962828617815,26.734731211076188
W_1278970318,58.37963064989595,26.720016414584027
W_6690825578,58.37963107406748,26.730387975780655
W_6690825574,58.3796310841622,26.730307438139267
W_6690825577,58.37963429785352,26.7303407571963
W_940352734,58.37963481212055,26.738296872558713
W_6696568305,58.37963499134315,26.720482677527478
W_6053323578,58.37963831666496,26.751651372648073
W_11233333546,58.379638729398096,26.778571237973146
W_10688432866,58.37964626042669,26.7732750396038
W_4813097758,58.379648065029684,26.725825416216463
W_6793282797,58.379648177484455,26.753408252875744
W_11999607025,58.379651118852365,26.71355323414343
W_2139961611,58.379659317988974,26.695497331417737
W_12042152878,58.37965935426295,26.715920393710743
W_cluster_2167263487_4876397912,58.379661176656114,26.74217410983682
W_12186075717,58.37966380253024,26.709335589302263
W_6138125023,58.37966403289849,26.73998794606913
W_330042977,58.37966794973389,26.75907891776109
W_2338597298,58.37967200816794,26.73825897869661
W_6696568332,58.379672919816954,26.718812118151725
W_12186075721,58.37967688566957,26.709441155415217
W_8153691254,58.37968001405691,26.7237234936691
W_2338597302,58.379680901930605,26.731790421754372
W_6138125018,58.379682124802656,26.739300079542083
W_10688432853,58.37968439307158,26.772847484179685
W_12042152873,58.379684721053366,26.71581639702329
W_2338597304,58.379687467739664,26.731880656213875
W_11998509700,58.37968786557347,26.72166638614727
W_10688432843,58.379688179889406,26.772805053642422
W_940352743,58.37968819534941,26.731156495446335
W_4347764551,58.379689117791614,26.76501068461752
W_6723242858,58.379691056925495,26.712337491421323
W_5352317022,58.37969111763674,26.75322601686712
W_1889973318,58.379693372012916,26.73411001803018
W_2415673195,58.37969549033962,26.72457064328338
W_6126993483,58.379705751401794,26.707680030019553
W_429770750,58.37970655441861,26.716996587251902
W_429770751,58.379706650843055,26.717487849817235
W_6173144086,58.37970706070812,26.74440916650583
W_cluster_4347764552_8145297316,58.379709121527036,26.765241904975035
W_cluster_11233333543_11233333544,58.37971359437419,26.778080361484335
W_4347764553,58.37971551814237,26.766826282731
W_12096909842,58.37972221279669,26.715105960611368
W_1278970300,58.37972295631384,26.721736558990322
W_429784147,58.37972777547742,26.712930881250898
W_8145388517,58.37973059537174,26.765491412085755
W_2431033208,58.379731782274995,26.71412010712359
W_7908406392,58.37973569495979,26.761298800491407
W_cluster_1707074395_429770747,58.3797357825464,26.715190150925853
W_332646518,58.379735810712205,26.712829245947287
W_6723242856,58.37974330880949,26.71276848237701
W_10688432826,58.37974382105554,26.77573602888728
W_9210848949,58.37974485124512,26.709985039598518
W_4347764556,58.37974563047767,26.766938255496303
W_429770762,58.37974637336416,26.712213070972144
W_3017842428,58.37974979067506,26.753005197020872
W_cluster_1224240947_1224240962_330044065_6873910465,58.37975473677112,26.73905553654859
W_1889973321,58.37975511412857,26.733998920864295
W_4347764557,58.37975986646711,26.76583029721582
W_4347764558,58.379761356614395,26.767981893780092
W_12879852635,58.37976292439879,26.762708968126162
W_2387592593,58.37977512049346,26.719586247439477
W_2418294890,58.379777208714735,26.687133014920654
W_4945438015,58.37977836555097,26.71665282824604
W_12879852634,58.379778912337535,26.762854888996845
W_6111471186,58.379780681350425,26.751007266430257
W_429784145,58.37978219094424,26.713406485289532
W_cluster_330041204_4347764555,58.37978431956187,26.76816385081326
W_1278970320,58.379784807704155,26.71962139524216
W_1174577739,58.37978543124119,26.72534009700689
W_8220941,58.37978609780942,26.7305596675267
W_10688432831,58.37978919375774,26.77456819932445
W_4645121339,58.379789365088584,26.694363377602766
W_cluster_11998509718_6696568326,58.37979163507823,26.71872071802606
W_12042152910,58.37979196622052,26.713440091757374
W_12042152899,58.37979604870362,26.71599914895411
W_4876397914,58.37979835503874,26.742501587485673
W_12879852633,58.37980199483711,26.76304898254454
W_2431033209,58.379805229903916,26.72058238833002
W_12879778632,58.379807911005734,26.70781529602053
W_429784150,58.379811877037646,26.714795739250743
W_10688432839,58.379811976266204,26.774041052572475
W_10688432822,58.37981198760327,26.773843897193004
W_cluster_330046142_9210848950,58.37981404756878,26.70944703848668
W_11999607019,58.379814188324836,26.713778308107095
W_1278970306,58.37982024955011,26.72075651214454
W_6723242859,58.37982686144763,26.71281927244203
W_2505353392,58.37982961739803,26.769724552778072
W_11761458316,58.379833418182656,26.745169003193734
W_4347764561,58.379836594533614,26.766977155124245
W_12096909860,58.3798383986177,26.71549403492615
W_cluster_12879852606_4387531192,58.379840273149135,26.763155254868824
W_1278970314,58.37984497957753,26.720605842198776
W_429784144,58.379846386503075,26.713677502954873
W_11224863139,58.3798489247676,26.74241401225503
W_11761458311,58.379850129626725,26.744946248930354
W_6696568330,58.379854881650616,26.71893276002405
W_429784143,58.37985642200243,26.71398845956156
W_4945438014,58.37985727529562,26.71627036623713
W_cluster_429784142_5884520570,58.37985881863155,26.714015970186228
W_1174577760,58.37985891089898,26.72547067822686
W_1278970310,58.37985918308635,26.71954300297615
W_7879027084,58.379860713058704,26.722140900820488
W_cluster_11224863142_330043670_4876397910_5352317106,58.37986296483131,26.742517703132105
W_cluster_11742421623_6516915352,58.379864760661064,26.741002685284197
W_11685092816,58.379864767059225,26.761061786487655
W_4945438013,58.37986490840199,26.71622926641386
W_1827796066,58.37987215961726,26.734266158263992
W_11761458315,58.37987422686266,26.745095010617202
W_10688432817,58.379877921639526,26.77288471387545
W_8153691255,58.37988723540052,26.724356603420585
W_6696568307,58.37989372643672,26.720842454563822
W_2338597319,58.37989634878942,26.732596733251675
W_11761458312,58.37989802660277,26.74504918358518
W_11838366413,58.379899391259706,26.703109635166427
W_6111462881,58.37990190201223,26.75233520588193
W_12042152901,58.379903823723964,26.716119004729062
W_cluster_330041201_4347764565,58.37990487751031,26.7670392886388
W_1224240941,58.3799065922543,26.738427893353016
W_11998509715,58.37992115514172,26.71950164357829
W_2431033215,58.379930777913444,26.7208642201521
W_6696568306,58.37993158162559,26.720614904229404
W_9210848958,58.37993877281395,26.708841035126177
W_4347764567,58.37993900030459,26.765019282760104
W_cluster_4347764564_4347764570,58.37994048316989,26.765681703640816
W_cluster_11998509716_2052668311_2387592594,58.37994079890811,26.719448821432444
W_940352853,58.37994291286318,26.73201397468162
W_8153691253,58.37994648807734,26.723427984367845
W_1889917272,58.379950099234605,26.731285655716515
W_1889917273,58.37995302541994,26.731139262382797
W_429770746,58.37995371632455,26.715977191628767
W_4347764568,58.37995930273209,26.764679040527213
W_cluster_4347764566_4347764572,58.37996147037489,26.7652730595956
W_2431033218,58.37996863276766,26.72063649861074
W_2431033216,58.37997576935055,26.714544251722398
W_1707074397,58.37998310056214,26.721052071803058
W_940352810,58.379984325086426,26.726198824323372
W_1891995719,58.37998696731674,26.767087822863655
W_cluster_330045927_940352847,58.379986986979276,26.725428302679557
W_2338597325,58.379989133342455,26.732169229129475
W_8157875780,58.379991500835736,26.740918995192594
W_12879852613,58.37999163220091,26.7627777111635
W_6694491482,58.379994101702955,26.725814694956558
W_333034708,58.37999885816589,26.71648827362127
W_7879027080,58.379999534569464,26.722664249634224
W_2338597329,58.3800067177375,26.732074022918965
W_4347764573,58.38000728434809,26.765032508292457
W_7879083222,58.380007847328365,26.72090892500092
W_4347764574,58.38000966485113,26.76369001593311
W_4945438012,58.38001466828358,26.716164966897324
W_11998509703,58.38001757846502,26.721170640940674
W_6696568331,58.38002118794974,26.718836193368286
W_8154398122,58.3800226872936,26.738718066819047
W_7040952819,58.38002446074403,26.763336642544274
W_6696568315,58.3800263859624,26.720802077920634
W_12879852604,58.38002655200401,26.763156058428436
W_10688432842,58.38002860928019,26.775777825283633
W_12879852627,58.38003040860617,26.76295887598941
W_429770748,58.380039013742866,26.71406734942104
W_11999607018,58.38004048228174,26.715250792470744
W_2338597337,58.38004080491217,26.72779359639731
W_6696568319,58.380041260479814,26.721239706971392
W_5884520569,58.38004310511931,26.714532593179726
W_7879083221,58.380047497424584,26.720680675837954
W_11224863168,58.380050035288335,26.73891587647147
W_11981447574,58.380050259017985,26.732064801101615
W_429770749,58.380054233093624,26.715659188374268
W_2338597339,58.38005668420578,26.73852082956577
W_330045740,58.38005939695984,26.750831743199726
W_12879852614,58.38006090162062,26.762595478951365
W_11806603758,58.38006750736663,26.74217661735583
W_1924824265,58.38007216469146,26.7208307853982
W_2338597343,58.38007432350534,26.738494194863765
W_6696568310,58.380075969335195,26.720516124690743
W_10688432830,58.380078498651024,26.77462449210135
W_2338597341,58.380078874329165,26.727872302815506
W_6126993475,58.380079984693154,26.706763650142207
W_429770755,58.380080672624025,26.711337248256253
W_8154398123,58.38008148625389,26.739143922225665
W_cluster_330045499_330046055_5983199206,58.3800890761134,26.753125429064784
W_11685092821,58.380093503792594,26.761145566408747
W_940352590,58.380096962355765,26.737793803186747
W_5352317105,58.38010027823697,26.742930465794355
W_cluster_330045890_4876397891_4876397894,58.38010047962656,26.743030838335088
W_10688432841,58.38010297459379,26.77408980647801
W_9210848954,58.380106854493654,26.709054762275564
W_cluster_9210834465_9210848951_9210848959,58.38010706687219,26.70934613625848
W_11998509712,58.380108948168925,26.72048251984727
W_10688432828,58.38011359509222,26.77394969385867
W_cluster_1115577085_1404484679_4347764576_7040952814,58.3801139366689,26.763152907884987
W_1924824250,58.38011425507405,26.720856786160553
W_cluster_322943594_330046533,58.38011432772036,26.738555970035986
W_940352649,58.38011450201075,26.727943162426172
W_2338597349,58.380115472214975,26.73841266776041
W_4812388673,58.38012929558172,26.751027894628052
W_cluster_1889917281_1889917290,58.380131585241784,26.732042468154738
W_11224863167,58.38013426709376,26.740366660465877
W_6451395319,58.3801347264357,26.73864918245147
W_12536270366,58.380137218986214,26.692149398705837
W_1889917287,58.380137473927874,26.727848767248123
W_330041160,58.380143194097386,26.70250876127383
W_12155155364,58.380145128326674,26.727477990688836
W_6793282798,58.38014551709105,26.753797900338782
W_564767716,58.380148228996994,26.695704811262658
W_11998509708,58.38015022728768,26.720877876441797
W_6696568320,58.38015267681198,26.720477215127506
W_1889917288,58.38015851327782,26.72811313491683
W_330046105,58.38015923017464,26.700103062233808
W_12155155363,58.38016956835395,26.727524996937547
W_429770763,58.380170512420236,26.71106907758182
W_4876397895,58.38017117138458,26.743079057970252
W_4876397909,58.380172664880185,26.741989978360504
W_11224863151,58.38017298598039,26.73886845745153
W_360474108,58.380178162644455,26.779405050055782
W_6516915353,58.380178754198305,26.740913005588588
W_9210848952,58.3801803116013,26.710198459417903
W_11233333538,58.38018086444158,26.77836863197103
W_3032698120,58.380181176872014,26.748757396216913
W_12879778630,58.38018128663258,26.706916192588906
W_cluster_330041369_7267122149,58.38018185254235,26.761177800375318
W_429770745,58.380182065900165,26.71684640735001
W_330046020,58.380185284456765,26.72101490890569
W_6690825582,58.38018688840024,26.731045658721158
W_7040952818,58.38018868126407,26.7633570882297
W_11233333542,58.38019640768454,26.778267818343974
W_11001443311,58.380204995176754,26.716817667379246
W_11224863147,58.380206548726996,26.739119059764324
W_12160214674,58.380211934106065,26.727596659421966
W_11224863162,58.38021329325113,26.74053827232692
W_7231240153,58.38022298616498,26.763208776530586
W_11224863170,58.380230897422855,26.74142680691441
W_10208974390,58.38023111114567,26.778028549135534
W_940352662,58.38023131357467,26.733004588209756
W_2431033233,58.380231507180085,26.7167844527721
W_332221894,58.38023302636576,26.73098990501966
W_429784159,58.38023353095905,26.71700929590946
W_10218396929,58.38023920650386,26.762946360825175
W_330046019,58.38024501428599,26.720933556408525
W_7879083185,58.3802452087496,26.721807514073067
W_377114475,58.380251407866716,26.76211541177151
W_9210848955,58.38026053596278,26.70905777198415
W_6115558207,58.380265467572045,26.71585618605472
W_4645111884,58.380276014673605,26.693285313604562
W_7267122141,58.380277777410775,26.759068433706254
W_7879027081,58.380281471693614,26.722335263978728
W_10688432819,58.380281823035226,26.77374821098302
W_2418294904,58.38028339546167,26.684636264614557
W_6696568329,58.380285352654845,26.7181490819693
W_6115558215,58.38028616519417,26.71603624939475
W_940352836,58.380286795002114,26.724843903319126
W_7879027069,58.38028703508696,26.72241575935174
W_330043858,58.38028799097832,26.748860944283862
W_11001443306,58.38028946389742,26.717202586470037
W_6138125021,58.380298002741156,26.74072232595461
W_7042359390,58.38029809100438,26.761331595031553
W_12155155367,58.38030329393607,26.72697199090851
W_cluster_11233333539_360474110,58.38030366066916,26.778379318597946
W_cluster_2418294906_9210638745,58.38030715764452,26.68440161665747
W_cluster_330043193_5983199207,58.380309473114934,26.753353194912084
W_7042359385,58.38030997133174,26.76110391938136
W_cluster_330041366_330041378_377114463_7267122147,58.38031162129861,26.75939412102407
W_3032698169,58.38031226175125,26.74969745468171
W_1184743236,58.380314950593345,26.730910281265693
W_11224863156,58.38031880473463,26.73999595345187
W_7267122140,58.380324691383215,26.759084529482095
W_2338597374,58.3803259530812,26.727194794753004
W_2139961613,58.380330380946845,26.730048001499522
W_6516915323,58.3803349647581,26.743019215585853
W_12155155362,58.38033909955618,26.727041822712
W_cluster_2138684225_332221897,58.3803394654358,26.730310069181005
W_11224863161,58.3803450896323,26.740201981369
W_12536270376,58.38035315240779,26.691223281853123
W_9210834451,58.38035545605239,26.709090676836723
W_7879083224,58.38035769713163,26.72038171658872
W_330045954,58.38035872343189,26.72089350036077
W_12155155361,58.38036368856998,26.727116529162817
W_330040961,58.38036670616907,26.731477081784274
W_940352842,58.380369085695904,26.725648655235396
W_4812389556,58.38037081132666,26.730523575331837
W_10688407904,58.380374117448355,26.775822315106904
W_cluster_10688034222_10688034223_7039333817,58.38037529804824,26.752788961144418
W_330041628,58.380375600777775,26.761282850675112
W_940352822,58.38038005351568,26.733481570183194
W_cluster_5470397558_9210834456_9210848960_9210894329,58.380381677169375,26.709365423329242
W_7042338876,58.38038210635385,26.759622605015586
W_2338597382,58.380382199176665,26.727289263552976
W_6516915355,58.380382461545075,26.74091578709588
W_6115558204,58.380387555065425,26.715666424363654
W_9210848961,58.380391676940086,26.709814548956253
W_cluster_1889917310_7868938378,58.380392596720434,26.73187428065623
W_6516915356,58.380393184127676,26.740577819742917
W_2475219105,58.38039668580561,26.73086896177653
W_7042338875,58.38039713067856,26.759396787790617
W_429770756,58.380403160491475,26.711678317272817
W_12520808462,58.380407189831445,26.70841908932076
W_10557380377,58.3804090525482,26.74926859428782
W_10693880962,58.38041475313769,26.749014966208215
W_2338597384,58.380419296763904,26.726785221476778
W_11806603766,58.380421566082916,26.742536717856108
W_7267122139,58.3804217526382,26.759116699123147
W_10557380378,58.380425899846266,26.74897401889718
W_429770784,58.38043032582731,26.71085970545375
W_7879027078,58.380431836789924,26.72463005426007
W_cluster_11224859930_6516915357,58.38043757489323,26.741032515688648
W_10688432829,58.380439494698145,26.774691272485367
W_cluster_1889917316_7868938379,58.38044478611038,26.732306848172595
W_940352622,58.38044785675696,26.736648087399093
W_1184743262,58.38045025350706,26.729097199320478
W_10693880964,58.38045086552963,26.74888081943713
W_7214478051,58.38045982366308,26.73753376099217
W_10693880961,58.38046076180501,26.749072607309802
W_1889917313,58.38046395868756,26.72835890131232
W_6115558202,58.380470324931125,26.71415517211727
W_10688432827,58.38047205563685,26.774055470836498
W_7214478052,58.38047498229482,26.737523901598273
W_cluster_2441482883_330044725,58.380477657740094,26.76318432762127
W_940352639,58.3804824632087,26.72490889765807
W_10688432818,58.38048460281998,26.773785729007876
W_8951135387,58.38049068452779,26.713699984501186
W_7231240156,58.38049356722358,26.76338531311236
W_5160920837,58.38049587678496,26.730671730978948
W_2138684230,58.38049825053232,26.73043385620072
W_429784134,58.38050028519291,26.715914489030244
W_6451395326,58.38050099057601,26.73750524077166
W_6115558199,58.380503764739245,26.71586350394733
W_429784103,58.38050632799933,26.714189593313964
W_1889917318,58.38050641832114,26.72716467419518
W_10218396934,58.380506960038595,26.763099316880623
W_7214478050,58.38050813051052,26.737483129138557
W_7868938380,58.38050849866758,26.733054477167446
W_9523665500,58.380510864505524,26.725127210743615
W_940352779,58.38051479853524,26.725244484097267
W_3032839889,58.38051903175421,26.773040817776025
W_330045741,58.38052386212544,26.751957390020195
W_6516915326,58.380525305619734,26.743209177104454
W_11927798762,58.380526708925586,26.732054349012394
W_cluster_330041638_330267659_418091423,58.380529970326634,26.7055147146945
W_940352839,58.380530332882074,26.736223913185697
W_1889917319,58.38053491915007,26.72726277749531
W_cluster_10693880979_2139961615,58.38053771864399,26.748973224642288
W_7868938361,58.3805443894417,26.732048059065686
W_3029578169,58.38054801979035,26.75777590619149
W_2408290569,58.380552523457176,26.725329347407705
W_2408290568,58.3805540843057,26.725219555071682
W_7868938381,58.38055701756751,26.733063344525647
W_1184743207,58.38055793215933,26.72854080400698
W_6801472756,58.380561029257734,26.721407459374447
W_2408290567,58.38056441741971,26.72538910400499
W_7231240157,58.38056646628468,26.76331984615957
W_7879027076,58.380566862579066,26.724269565887454
W_9160412539,58.38056727435402,26.732426131410385
W_9210834455,58.380567618465825,26.709098506249617
W_1184743443,58.380569759380414,26.729716661282566
W_cluster_1224255444_1224255447_329983462_330044237,58.38057021925367,26.73767127784657
W_377114441,58.38057067184145,26.757548324807207
W_2409197146,58.38057290098303,26.725450084117945
W_11268086,58.380576492486334,26.72507266514807
W_377093530,58.380578286157444,26.716338277515902
W_7231290661,58.380578489621755,26.757977815952394
W_330043956,58.380578582030125,26.733239992822842
W_12119092351,58.38058402486453,26.730562133916585
W_429784105,58.38058457162582,26.713271559333087
W_1184743297,58.380585130602256,26.729807856295466
W_12656060777,58.380586335658066,26.71905348077037
W_13315907628,58.38058757701758,26.727021948832558
W_11247655442,58.38059233080118,26.714292180245863
W_10219343709,58.38059381086428,26.757293551230326
W_940352600,58.380601778391195,26.73559086066399
W_6920684810,58.38060391037065,26.729896973367428
W_940352595,58.38060412318784,26.72518308554593
W_6801472742,58.3806061952836,26.72305910993861
W_7879027079,58.380607066731756,26.724462821341188
W_330046497,58.38060837497881,26.742220379774537
W_429770758,58.38061002596645,26.712286406886033
W_8145251941,58.380614178197604,26.738525083626744
W_7879027077,58.38061986365211,26.724524622672757
W_12656060782,58.38062231516808,26.720062422408386
W_9210848979,58.38064010480156,26.709813535062228
W_10219343711,58.3806417100917,26.75673987457326
W_329983465,58.38064472949908,26.737083861115817
W_7879083226,58.38064584973929,26.720187064294024
W_6723242852,58.38064691995952,26.71263750687433
W_564767684,58.3806495260727,26.693947766695963
W_330041665,58.380649976867936,26.712759061418463
W_9160412534,58.38065980026527,26.7330794969454
W_8145251943,58.38066185706062,26.740063196606428
W_11999604239,58.38066276687022,26.71241490986275
W_9026473177,58.38066336837093,26.75589670759908
W_11247654135,58.38066697679039,26.71477994654818
W_4812043128,58.3806690752781,26.737743902051843
W_10219343708,58.38067256402436,26.75747529380204
W_330043967,58.3806729273015,26.733172420563427
W_330045929,58.38067479259413,26.725008460250297
W_12656060793,58.38068349657402,26.72015239564821
W_9160412517,58.380686403913536,26.733260724671275
W_2408290573,58.380688161985475,26.725127883719725
W_cluster_9210834454_9210834457_9210848963_9210848983,58.380690241410996,26.709386312455564
W_1184743214,58.38069050991342,26.730246173061765
W_2338597402,58.38070342927441,26.735885755433298
W_1889917330,58.38070745390849,26.72882761599122
W_6801472739,58.38071195708246,26.72299860285011
W_332626838,58.38071196811528,26.742684909323774
W_2408290574,58.38071290134896,26.725230290083893
W_6516915313,58.38071428549928,26.74402089878197
W_429770744,58.38071549548486,26.71864650466586
W_8145251945,58.380717655981556,26.738750206259045
W_11632358534,58.380720458843975,26.690128077807238
W_9331380035,58.38072337570193,26.737549929420805
W_9210848964,58.38072679796186,26.709703897388835
W_7879083227,58.380727865631776,26.72011134676182
W_429784109,58.38073110109267,26.714375018441885
W_cluster_12509023928_9160412523,58.38073290857912,26.73489528567225
W_2475219107,58.38073443139303,26.73037494133057
W_5160920823,58.38073550101559,26.755902365287206
W_4712105392,58.38073969565623,26.75405709774733
W_2393683565,58.3807414549977,26.71872957409553
W_7868938360,58.38074261972464,26.732008594500336
W_2338597403,58.38074474737722,26.726471317854593
W_cluster_1224255450_330040978_4859197803,58.38074866023545,26.735998960124913
W_2408290575,58.380754217011024,26.7253142709541
W_8951135384,58.38075783294816,26.713475351520398
W_2393683562,58.380763796745086,26.718801215548527
W_12656060774,58.38076985707755,26.718820661132035
W_4812389497,58.3807706604225,26.756112792054854
W_3029578153,58.38077126491193,26.755675887817755
W_6516915296,58.38077311265022,26.7433465689746
W_377093561,58.38077403211683,26.71607148793501
W_cluster_8157388682_9160388416,58.38077578418005,26.73313795731723
W_cluster_12656060792_12656060796_1707074401_3035321732_#1more,58.38078263084663,26.72043016693481
W_329983470,58.38078370549522,26.737449447419074
W_9210729348,58.3807917297531,26.689850606157712
W_1889917339,58.38079411776302,26.728993503386974
W_330369021,58.38079481982721,26.73735069883334
W_377093576,58.38079526161142,26.71580284983549
W_2393683566,58.38079590629153,26.718903730103257
W_329983468,58.380798072216955,26.73687854832781
W_6723242851,58.380800979870315,26.71256905175851
W_6516915316,58.380801767380575,26.744246495857002
W_4712105393,58.380806281354005,26.75412075870097
W_cluster_3029578527_330041187,58.380816074436204,26.755154033248353
W_1707074402,58.380817549418616,26.716741623572023
W_1707074403,58.38082162033056,26.716795455487315
W_10219343713,58.38082162598267,26.75684260311436
W_11247655459,58.38082265122791,26.717018087348652
W_11247654136,58.380823494123476,26.71444335513095
W_5983199208,58.38082451464723,26.7535602702888
W_cluster_1889917340_1889917344,58.380826943947184,26.72905652110373
W_3032698135,58.380829076004204,26.750395913625802
W_11247655443,58.38083799763629,26.71446273178488
W_1184743365,58.380840132880174,26.727990414919578
W_2338597416,58.38084102666347,26.726469888668802
W_6516915307,58.380842709727716,26.743386419177394
W_330041018,58.3808430324427,26.755866909879657
W_1707074407,58.38084446580989,26.718848795289535
W_1707074408,58.38084827606407,26.715975303179203
W_6138077935,58.38084979403616,26.74181643026244
W_12142980799,58.38085010665552,26.778332458231812
W_12656060785,58.380850906647886,26.718918853508352
W_1707074405,58.38085222338052,26.71698775478138
W_12142980797,58.3808571124817,26.77791774325893
W_329983477,58.38086327683583,26.737359252984565
W_12155155383,58.380867394712475,26.726620505445315
W_429784111,58.38086881917269,26.71362441763418
W_6801472741,58.3808714152368,26.723098071256356
W_11247654128,58.38087355510045,26.71453905196233
W_12118988877,58.38087950245324,26.734425478504647
W_13315907631,58.380884779106374,26.72757146624805
W_11412673955,58.380891295905684,26.746860247220646
W_12096956134,58.38089176746962,26.718343972276212
W_330043747,58.38089903422722,26.74514610037523
W_940352823,58.38090448652787,26.72640920588237
W_8145251944,58.38090818850824,26.738458612735247
W_9026347716,58.38091038132426,26.684519520095698
W_9210848990,58.38091098137548,26.708662710288962
W_5983199209,58.380914465162036,26.753490388525496
W_cluster_1889917350_6920684812,58.38091763936973,26.72930274822992
W_4812389483,58.3809220229898,26.755136370325076
W_10688432820,58.380929412662816,26.775905659985085
W_11247654132,58.3809319511885,26.714626815800663
W_3032839882,58.38093238012295,26.778645553840267
W_cluster_9210848985_9210848991,58.38093512965456,26.709369079724148
W_6801472744,58.38093529850253,26.72298471132539
W_940352746,58.38093835705777,26.726540099943065
W_cluster_12096956136_12656060773,58.38094011778487,26.71868438816664
W_1184743512,58.38094457469814,26.727857086753076
W_377093592,58.38094657274222,26.715628239866273
W_11247655453,58.38094827479867,26.71566670098446
W_1003058850,58.38094945845166,26.71571440023233
W_10208974391,58.38095581960876,26.778384462798368
W_8154329823,58.380958984713985,26.740381976393206
W_cluster_12766643724_12766643728_12766643729_12766643742_#8more,58.3809621180538,26.75384368207094
W_10219343710,58.38096508886226,26.757615386485984
W_8157388684,58.38096622313747,26.7336702075954
W_6723242850,58.380969317099265,26.712499111899383
W_2415677593,58.38097403042145,26.719363327338986
W_680161148,58.38097486838788,26.755107105328943
W_2418906743,58.38097650709565,26.71938690557304
W_12142980798,58.38097765477432,26.77792348371204
W_2408603288,58.38097767797971,26.724979256518786
W_12509023925,58.380980665011656,26.734656764209596
W_2431033249,58.38098168821629,26.715991501886272
W_9331380037,58.380983864777946,26.73861588493712
W_6681233925,58.3809840788399,26.72671108742262
W_12656794592,58.380985580440004,26.718773458922747
W_7231240152,58.38099088860381,26.7648556534771
W_3029578522,58.38099229358195,26.754216592029525
W_6516915293,58.38099468836953,26.74429007249135
W_7868938362,58.3809971733009,26.73171596533778
W_1707074415,58.38099880974467,26.717601494745093
W_2408603289,58.38100310817643,26.725110557138482
W_6138077934,58.38100437526695,26.74217747740685
W_6137918735,58.381005125080655,26.75817427923863
W_330042474,58.3810069996539,26.71570059939387
W_2408603290,58.38101507487462,26.725204171746565
W_2415677599,58.38101758907016,26.719608536695514
W_cluster_10693880955_330043198,58.38102383395455,26.749495081609492
W_3533927972,58.381024370882976,26.724222049431194
W_13548404313,58.38102678015642,26.757466706976633
W_429784121,58.38103128787816,26.714667395544296
W_11360741969,58.38103814769383,26.73279910712187
W_cluster_377114406_4812389485_4812389495,58.38104246949281,26.756079965363227
W_4812389492,58.38104401066806,26.756938029639215
W_7231290657,58.381045891781916,26.758311996780886
W_11632358523,58.38104728276113,26.690084514138423
W_330036738,58.38104997619034,26.721940543719718
W_6681233924,58.38105346993032,26.726525700229015
W_6137918736,58.38105639049312,26.757973859096587
W_2393679926,58.381057152379675,26.71860479668202
W_10681699612,58.38105933518027,26.6951824276053
W_9898259387,58.38106051902588,26.72625170424526
W_9331380036,58.38106099035958,26.738207309508915
W_2393659917,58.38106132710196,26.718460952690958
W_2415677594,58.38106320264245,26.719602702799573
W_10208974394,58.381065308149864,26.778802211651282
W_6801472745,58.38106610182746,26.7236647777888
W_1707074422,58.38106697032941,26.714517653658334
W_12656060772,58.3810679154723,26.718475435181237
W_10200633432,58.38106810705572,26.747615995751932
W_2415677596,58.38106861020171,26.719693289751184
W_2477988463,58.381071378196886,26.731252847906806
W_11632358525,58.381077668122856,26.690578950602752
W_4812389557,58.381083023626374,26.731024303713347
W_12656060783,58.38108522727511,26.718669553064196
W_cluster_6681233922_9898259386,58.38108778543647,26.726360248894455
W_cluster_10219343707_2138684232_7231290658,58.381090812878526,26.758128719992996
W_cluster_10208974392_10208974393,58.38109359384091,26.778590679219608
W_429770765,58.381095611350574,26.712465081469862
W_2415677595,58.381096479121155,26.719582089788815
W_5160920824,58.381097472771536,26.75595749197571
W_2393679943,58.38109826263196,26.720110123242463
W_12766643737,58.38109939271118,26.753349049850353
W_1707074424,58.381100132775494,26.718545117485657
W_2393679984,58.38110076606622,26.72014601339065
W_2415677597,58.38110390971251,26.719325017974633
W_2418906742,58.38110539881366,26.719348775135412
W_2393680102,58.38110605467126,26.72022343446859
W_12119092347,58.38111288333796,26.73087274156045
W_6690897886,58.3811145145803,26.728962660410957
W_3029578396,58.381117459805544,26.754010350810788
W_3032699196,58.38111813324794,26.77756521171923
W_1707074416,58.38111942462515,26.71645961896024
W_1924824255,58.381120615372026,26.7187516933426
W_429784138,58.38112747441456,26.713658402631616
W_2393689210,58.381128553946816,26.71954592527297
W_3533927973,58.381129365278085,26.724723115072425
W_4812389487,58.38113097151989,26.755814817805355
W_429770736,58.381136412203276,26.713799576293194
W_3029578346,58.38113752967126,26.753657780413757
W_2422802004,58.38114013349032,26.72413410703867
W_10219343706,58.38114406735956,26.757887758706385
W_429784114,58.38114771968912,26.71339370135549
W_cluster_330041132_330267660_418091425,58.381148929540686,26.70401193700139
W_6516915308,58.381152913999735,26.744635544571906
W_9210729350,58.381153064014185,26.69007554945907
W_11999606984,58.38115337419685,26.71585126999191
W_6801472737,58.38115567231606,26.722554115564662
W_12766643735,58.38115830575473,26.7536260005985
W_2504232459,58.38116411861982,26.755111778885222
W_3029578486,58.381164611505596,26.770061615736562
W_2393679955,58.38116513380665,26.718901648223436
W_10208974398,58.38116543471658,26.77672120068737
W_1707074429,58.38118076534259,26.713872918230166
W_2431033250,58.38118166710077,26.716622082853732
W_8951135403,58.381187357217094,26.713928952971486
W_6801472743,58.381187768767894,26.722734952884363
W_6801472748,58.38118800583517,26.723218368833244
W_940352855,58.38119257879368,26.726350203449037
W_3029578217,58.38119296291949,26.753573261945032
W_2422802005,58.38119311190955,26.72446201406211
W_1707074426,58.38119828690014,26.714117648932547
W_1707074428,58.381202505349584,26.714035876608694
W_1184743377,58.381209932818095,26.7275814427085
W_8951135382,58.38121500207236,26.713117502915345
W_8154329820,58.38121518737358,26.74120499970921
W_9210848994,58.38122083122373,26.709605788876555
W_cluster_9210849012_9210849013,58.38122453280746,26.70945579097534
W_6801472751,58.381224775581494,26.722943796107064
W_10200633434,58.38122756468495,26.747724981166776
W_2393679965,58.38122880835702,26.718694915126296
W_13548404309,58.381229153415376,26.757524142199138
W_6801472749,58.381238777051614,26.723022346582415
W_2418294934,58.38124288996226,26.685034855222458
W_12118988858,58.38125265389513,26.732811849295352
W_12458833603,58.381257729756584,26.73103135302165
W_330041196,58.38126097492449,26.75186295412501
W_2502842520,58.38126378954633,26.75346024975677
W_cluster_10200633435_330043195,58.381266991070696,26.748088759811274
W_6126993481,58.38127761458045,26.708033995792466
W_9210849007,58.381282266368736,26.709804500014208
W_3032698038,58.381282903770135,26.76619418329654
W_2422802002,58.3812881694346,26.72401820993336
W_cluster_2418294947_9210638743,58.38129120329005,26.68470319559251
W_2670815564,58.381291222833994,26.736603327457342
W_8449142813,58.381292950391696,26.712511356088747
W_4812389486,58.38129318253378,26.75515825169212
W_429770781,58.381293634358606,26.71241593204098
W_8951135394,58.381296023580546,26.71260008054368
W_330044074,58.38129815788923,26.753817743312513
W_429784116,58.38129853686529,26.713762695125826
W_2393679963,58.38130537441239,26.71859187612523
W_4812389559,58.38130803677412,26.73039536009662
W_11999604226,58.381309373467936,26.71118784615653
W_330042493,58.38131001605784,26.723361908977733
W_429784085,58.38131075875593,26.713043195164154
W_2393680016,58.38131578892391,26.718712690853813
W_8153598622,58.38132030050275,26.74372119079141
W_3032697931,58.38132083370101,26.766998148494178
W_4812389493,58.3813225830279,26.756588298157162
W_330044043,58.38132761615507,26.73652473780471
W_4812496719,58.38132960507563,26.724616731714388
W_12528979604,58.3813342621374,26.712389780260516
W_2422802003,58.38133651902703,26.724365306374665
W_7231240148,58.3813466188408,26.766115443393687
W_9026473176,58.38134776448618,26.751321468936442
W_11632358531,58.38134828550531,26.689651806193226
W_3029606140,58.38134952613884,26.75190576658592
W_2408603291,58.38135089704518,26.724786540852815
W_11412673958,58.38135422753913,26.746281342026865
W_2505353411,58.381354483346925,26.767623789660277
W_7231299371,58.38135983159831,26.756008690498092
W_429770780,58.381365675540664,26.71214003382648
W_2463248848,58.381366499230374,26.712787095731038
W_2502816684,58.38136709983879,26.75492295525824
W_cluster_9210849015_9210894328,58.381367937651085,26.70940262758639
W_cluster_332646680_6723242849,58.381370287174704,26.712473790679965
W_12528979612,58.381371070926164,26.710747355711263
W_cluster_12656060764_330043367,58.38137121091766,26.718224896290554
W_8951135378,58.38137255010888,26.71260168120198
W_cluster_4812389490_5160920821,58.381372762002876,26.756384632373006
W_6801472750,58.381375227075154,26.72290704833836
W_9210849016,58.3813762127662,26.70881465710774
W_680161190,58.381379620505406,26.754238693347496
W_1924810347,58.38138051499001,26.71841241047452
W_cluster_10681647998_330041223,58.38138138185631,26.694829267914567
W_429784087,58.3813853683079,26.713633056836787
W_2502816680,58.38138747564062,26.755057391783694
W_2502842538,58.38139513684328,26.75240836064501
W_2670815568,58.381398227340554,26.736794735282412
W_12119092309,58.38140001860546,26.73452895562297
W_10200633433,58.38140440192047,26.74772012776522
W_2393679893,58.381404486654226,26.718817150691144
W_429770779,58.381406067165244,26.711889016739455
W_4812389529,58.38140749558346,26.730240358149228
W_2393679982,58.381408027191846,26.718875262988718
W_2393659914,58.38140848017896,26.718345497105258
W_12119092318,58.381409598392565,26.73447091422339
W_12119092320,58.381411272251896,26.73445516952751
W_9210729323,58.381416202863,26.688068589701636
W_cluster_2502842547_2504231121,58.381424164142516,26.75190643961046
W_2502842545,58.381425969321356,26.752189434020814
W_2408603293,58.381427404493685,26.72490479102766
W_2393680041,58.38142798997889,26.71921368710091
W_2408603292,58.3814312735073,26.725033525001813
W_11838366396,58.38143209382044,26.69458891466386
W_1707074431,58.38143582027651,26.719344099037343
W_330041624,58.381436656560766,26.7638377950252
W_13638425293,58.38144285751426,26.75386803569936
W_2670815531,58.38144320233773,26.737089890786372
W_2771897602,58.38144761452993,26.694996277663023
W_cluster_2139961620_324245834,58.38145208093313,26.72872665433879
W_4812389521,58.38145366019155,26.728539395534906
W_7231240149,58.38145368548152,26.76602068407729
W_2393680074,58.38145560820462,26.718497483929013
W_cluster_13638425292_330044064_680161192,58.38145600001865,26.753976872051624
W_7231240150,58.38145797619126,26.76532211520838
W_2670815529,58.38146100706443,26.739606729553774
W_10681699615,58.38146106715503,26.694648685900233
W_6801472753,58.381461587377096,26.722679965059054
W_429784096,58.38146521945528,26.71528736406718
W_12118988883,58.38146676736961,26.734363266692377
W_12118988886,58.38147479369205,26.73442237291442
W_6681220401,58.381476257478376,26.728522292789435
W_12119092319,58.38147700878713,26.73445108453854
W_1707074432,58.38148132974616,26.72011170636594
W_4812389494,58.381482747804704,26.756742635336064
W_10681699616,58.38148526647074,26.694702684411517
W_13548404308,58.38148630263511,26.757860447806177
W_2393659899,58.3814923573703,26.71825898570295
W_11412673949,58.38150057908252,26.7497729998596
W_4812389525,58.38150092282593,26.729440211767454
W_12119092333,58.381503029206115,26.734915500730533
W_12458833604,58.38150376238459,26.73074527552412
W_12160214657,58.38150377497123,26.724875639226546
W_330044014,58.38150530379239,26.71164521399522
W_9210729324,58.3815056983688,26.687752813937745
W_2422802000,58.381505874719565,26.723847901969716
W_2408290582,58.381506675144706,26.725180683885636
W_9210620287,58.38150674934752,26.694973708023582
W_332646601,58.3815070165773,26.71105011338375
W_10681699617,58.381512259772535,26.694760762912516
W_429784130,58.381514164624186,26.716013727864773
W_12528979610,58.381518360781556,26.71098264585421
W_330041218,58.381519967176075,26.696795963068293
W_cluster_2520121325_4812434914,58.381522537560755,26.743976910843934
W_4812389500,58.381522875620654,26.75734787613238
W_7231299370,58.38152459563165,26.755324572073622
W_13040080393,58.38152859714318,26.72131757975276
W_12458827000,58.38152986266491,26.730685397001956
W_2670815538,58.38153197232389,26.73780675417166
W_cluster_10219405619_10219405621_330044101,58.3815352629751,26.767019990931594
W_cluster_330045972_330045985,58.381536031592766,26.720319211541177
W_7267122153,58.38153807652439,26.753641992152783
W_2393659907,58.381538116485586,26.7184010655634
W_2393679980,58.38153848048932,26.7188530209765
W_12119092321,58.38154075664822,26.734440858408618
W_429784129,58.381542098660766,26.71577136448861
W_3032698180,58.38154252035027,26.766024712952664
W_12119092335,58.3815441253562,26.734506155833802
W_330043594,58.38154802443627,26.746767990027465
W_7039333816,58.381554820833536,26.750045534812475
W_2422802001,58.381555872719716,26.724292971631805
W_cluster_10681699626_330045838,58.381556451077415,26.69453551323743
W_12528979609,58.38155768164029,26.71101430167505
W_9026473174,58.38155970510484,26.750247282527994
W_cluster_2139961619_2139961628_2139961631_317744728_#2more,58.38156205170891,26.729253351518377
W_2393679905,58.38156361529089,26.71884683593708
W_9210620283,58.381565724049366,26.69473311175058
W_330041219,58.381565979023264,26.698366908312526
W_6690897906,58.38156640037322,26.729271102417535
W_330040727,58.38156825608505,26.684691489584
W_10693880952,58.381571795840706,26.749907416152805
W_12528969804,58.381575324185796,26.71170911049505
W_cluster_12248778270_2502816686,58.38157583546006,26.754034862463023
W_12528969863,58.38157626290706,26.712366435437048
W_cluster_12528969857_12528969858,58.38157966364055,26.7127612519532
W_6690897887,58.381582787046796,26.72844144540935
W_6690909906,58.38158486929717,26.727476464138228
W_2670815536,58.38159097907913,26.738113094221248
W_12118988853,58.38159255511308,26.73149888966351
W_6681174340,58.38159988218322,26.75007821949978
W_12528969814,58.38160215201925,26.711697092474026
W_1184743501,58.381606652170866,26.72737215576505
W_10693880945,58.381607221666826,26.7497431743856
W_10883076159,58.38161169099627,26.72070559107941
W_9210894323,58.38161195284065,26.710268800329473
W_9210620281,58.38161279387472,26.694962019546914
W_9210620280,58.38161449451066,26.694657962347804
W_11632358533,58.38162006223673,26.688576207060073
W_9210894325,58.381620178658764,26.71049069408337
W_2409182596,58.38162341683239,26.719946760712208
W_9210693282,58.38162367997362,26.685059676801117
W_cluster_8164649276_9210834449_9210894318_9210894326,58.381627889371714,26.709453329743134
W_12118988871,58.381628383249456,26.73446807331071
W_12339549170,58.381628881256596,26.710804583380924
W_2393659908,58.38163298139629,26.718696143902044
W_cluster_10693880965_3029606152_330041229,58.3816427908651,26.749882289390435
W_cluster_12118988852_12119092344,58.38164878614664,26.73145913186122
W_12337844818,58.38165040328033,26.710869217242895
W_12118988862,58.3816509963533,26.734241667152375
W_360474078,58.381651576321744,26.78013133318126
W_2393680001,58.381654887362934,26.71914228623941
W_7039333815,58.381656366283345,26.750119202614584
W_7231299369,58.381659310490505,26.75626244234493
W_13040080392,58.38166055404154,26.721243179034808
W_2502842566,58.381661062029835,26.752352289767213
W_4812389523,58.38166500089379,26.72913559703447
W_1184743243,58.38166546417301,26.727448482203815
W_12337844819,58.381677063190644,26.71094201728751
W_330040774,58.38167907270301,26.684940507109907
W_12528969817,58.381679965470404,26.711631989620575
W_11806629870,58.38168435839265,26.741592817759546
W_12337844820,58.38168537469442,26.71096349565208
W_330045507,58.381690734142325,26.721574515262628
W_2422801998,58.38169139035907,26.72370280999701
W_12337844821,58.381697666944746,26.71099776668302
W_12528969818,58.381701052771206,26.711663282069765
W_10883076162,58.38170175726257,26.720449914101003
W_2670815549,58.381702736004904,26.739226690473824
W_12339549169,58.38170875672492,26.710698249936353
W_2505353416,58.381710968124956,26.767726783120672
W_12118988861,58.38171290760566,26.733779494121872
W_2502842574,58.38171535479345,26.750385207667367
W_cluster_10681647999_9266984842,58.381718069002595,26.694853549918545
W_6138107251,58.38171923394677,26.733755164067386
W_12528969805,58.381725635188545,26.711930701131877
W_5528062156,58.38173112442731,26.75268097904509
W_2502842576,58.381733121960245,26.752088098554978
W_9210894324,58.38173394882076,26.710757381745104
W_330046486,58.38173614849245,26.702462860900134
W_cluster_330041642_9153097107,58.38173679373519,26.713140969481078
W_9266984843,58.38174016149084,26.69443816350118
W_2422801999,58.38174150484407,26.72420174681401
W_2505353418,58.38174400198839,26.762524321135338
W_13143333982,58.381745160474246,26.762470960494277
W_10697585844,58.38174770277003,26.739697300614854
W_6920820181,58.381747925791515,26.685108673472815
W_3032698052,58.38175588314547,26.766988952963448
W_cluster_330267664_418091424,58.38176129792262,26.702501979888403
W_4812389527,58.381764254294616,26.73041633299275
W_6920820183,58.381770352766374,26.684842050386916
W_cluster_2670815498_2670815501,58.381772232799484,26.738819874484708
W_330045894,58.38178296441021,26.740254852856154
W_13548404377,58.38178339994542,26.753941760179902
W_7042338881,58.38178351169292,26.762325692233077
W_429784095,58.38178418176791,26.715299500575465
W_2502842580,58.381784403760925,26.75009897392288
W_10681648004,58.38178820344812,26.69484866922988
W_2670815505,58.381789131297644,26.739090789496462
W_330046487,58.3817932076063,26.702551473233193
W_9266984844,58.38179332571065,26.69454834301426
W_1889917357,58.38179581607357,26.72661930835788
W_cluster_11806603268_11806629872,58.38180080508518,26.741348457804314
W_6690897907,58.38180806111743,26.730021494335137
W_cluster_2505353419_2505353422_2505353425_330043972,58.381808604057845,26.762440779528927
W_cluster_12656060760_330036581,58.38181145628303,26.717395439864063
W_330040906,58.38181599191998,26.72304997113122
W_2132673981,58.38181681335384,26.694642875949082
W_cluster_2502842583_3029606141,58.38181825512479,26.754038818278946
W_4812389501,58.38181935391714,26.757014778316435
W_7231299368,58.38182050058719,26.75558740719412
W_2393687172,58.38182840664663,26.719058312532642
W_6920827748,58.38183006278343,26.685309896892843
W_10681699606,58.38183718189088,26.69474769616983
W_12119092341,58.38183775973291,26.73218924827471
W_2505353424,58.381838756351,26.76257224929652
W_11632358516,58.38184746445446,26.692587488895857
W_cluster_4812389526_6925333686,58.38185593224592,26.730319700674343
W_6690897912,58.38185623040233,26.729992226747086
W_5160920822,58.381856420446674,26.75685839742587
W_cluster_8153895125_9153097108,58.38186111687775,26.713510354110003
W_330036598,58.38186278936866,26.72359219863981
W_8153895123,58.381868756268474,26.744461591373067
W_cluster_4812389489_5160920825,58.381868937918085,26.756686623913108
W_6681233919,58.38187039456116,26.726297586720932
W_330045061,58.38187180153748,26.6845326546781
W_10697585845,58.381876576451845,26.73942650779486
W_2505353426,58.38187850221599,26.762404056930663
W_12667609052,58.38187880690449,26.7129871104001
W_cluster_10693880940_330043595,58.38188054834809,26.74769193310039
W_12118988866,58.38188129520195,26.73468061142616
W_4812389498,58.381881563698016,26.756761094480634
W_13158167042,58.38188288746271,26.72449989977238
W_2502897373,58.381883430914115,26.753695844714358
W_2408551289,58.38188526236698,26.723850922397094
W_332679817,58.38189061467985,26.710809281624723
W_cluster_11233333540_360474082,58.38189368180351,26.779169984944755
W_cluster_13158167041_330040922,58.381894096408836,26.724324533601514
W_3032698177,58.38189785753468,26.76841213360087
W_2408551290,58.381897974013604,26.723998057262577
W_11101814962,58.38190078052382,26.69478921377507
W_2502897374,58.38190468995153,26.75223789110879
W_9210729347,58.38190841968565,26.685727645989324
W_cluster_2381168992_9160412530,58.38191227473737,26.732173977248255
W_4812389488,58.38191290912709,26.756477354777367
W_6138107257,58.381913922108005,26.733826202849485
W_12118988867,58.381914759551755,26.734706181741647
W_1184743183,58.381916373540996,26.72629449454674
W_12119092334,58.38192322446181,26.73428356787685
W_429784091,58.38192532858714,26.71519918118077
W_cluster_10219405622_3032698077,58.3819256280668,26.76703485971239
W_330045984,58.38193502870448,26.720047919610874
W_1184743270,58.381936073928856,26.726645412935316
W_6958411562,58.381939495429876,26.724469361767106
W_13548404166,58.381944301027694,26.75569975543327
W_13548404390,58.38195445840036,26.75410798184717
W_10693880968,58.38195747559732,26.747623666333407
W_2408603296,58.38196029231034,26.72470125206144
W_4812389516,58.3819615746114,26.75912997264238
W_9210729329,58.381964786709474,26.685639248493615
W_10693880941,58.38196508178074,26.74797434099593
W_cluster_602749962_9153097101,58.381965375180805,26.710506163521362
W_cluster_3029578383_4812389503,58.38196636465781,26.756769060980037
W_2502816697,58.38197381395805,26.75558651783585
W_940352745,58.38197546391926,26.72629061679588
W_cluster_12667609060_12667609061,58.38197942872653,26.713842853100083
W_330041232,58.38198005319284,26.74841713448654
W_10692439129,58.381980856824015,26.749928461769663
W_2502816698,58.38198200109017,26.755593814379818
W_12337844828,58.38198586420935,26.71063031574929
W_8153895126,58.38198607080067,26.713358857401488
W_cluster_4812389546_6690897913,58.38199161618175,26.730648190176293
W_757401113,58.381992260694,26.71055946760791
W_9210729327,58.381994996967855,26.686568730926364
W_6983458767,58.38199619373868,26.750700778433988
W_330043597,58.381999972694125,26.747859006429813
W_4812389502,58.382001355046015,26.75717529668843
W_cluster_4812389515_5160920827_5160920828,58.38200293489907,26.758915251698276
W_3029578407,58.38200420258461,26.753120258346257
W_6138107245,58.382011482850395,26.73413908971471
W_6690909917,58.38201496159522,26.729154119166672
W_6983458769,58.382014995109664,26.750623864949162
W_12656060754,58.38201677373798,26.716581869338388
W_8153598620,58.3820210228619,26.742994642415063
W_2670815540,58.382032427144246,26.739834400814793
W_cluster_12118988854_12118988855,58.38203259880528,26.73104563385886
W_1184743233,58.38203298581612,26.72753114983226
W_9210729346,58.382033999641905,26.690642398985087
W_3032699198,58.38203707571447,26.77795102688727
W_10693880969,58.38203749269781,26.747756136177923
W_cluster_13548404381_2502842588,58.38203950893118,26.7528453789101
W_2502897378,58.38204042148558,26.75044378905918
W_6138107243,58.38204214876841,26.734417596092776
W_10692439128,58.38204267717867,26.749620558647262
W_12338043993,58.382043301700264,26.7106503659613
W_7231290650,58.38205010542809,26.758733665398903
W_330040495,58.38206337087972,26.694610819632835
W_5452025573,58.38206719973018,26.716640290492077
W_1184743493,58.38207116543025,26.727957511756653
W_4812389509,58.382073210499996,26.75779366771788
W_9266984847,58.38207338644211,26.693915085689657
W_6690897904,58.38207751284966,26.72862113157559
W_7231299366,58.38208041766403,26.755818175511873
W_7042338880,58.38208191852261,26.761043546479677
W_cluster_330043099_9153101237,58.382088956984575,26.716447222743955
W_1184743366,58.382091823141565,26.728042171024207
W_12337844827,58.38209261345025,26.71160758875285
W_6138107244,58.382093611080734,26.73432999698854
W_6138077921,58.3820951884437,26.740222974152005
W_12656060757,58.382103504470095,26.71668959076291
W_4812389535,58.3821097925792,26.731236913616936
W_6138077929,58.38210991289511,26.74092997008277
W_13548404333,58.38211097075616,26.75862260991779
W_13548404380,58.382112333780526,26.752418726172284
W_8153923621,58.38211670168712,26.700076703118327
W_10692439142,58.38211715369898,26.749263144327234
W_330040611,58.382122461378984,26.742789212077202
W_2520121328,58.382122723950545,26.744896842832613
W_10692439143,58.38212525081427,26.749224268818043
W_7042338871,58.382128792299554,26.76084571919804
W_cluster_1184743442_1184743471_2139961633_2139961636_#3more,58.382129831288374,26.728346096076805
W_3029578433,58.38213015932097,26.766997258388233
W_330040726,58.382131857604776,26.686047661520185
W_2393659903,58.382136389581774,26.71812029622201
W_9266984849,58.38213679893544,26.694104181065732
W_330036619,58.3821386959754,26.721309006339943
W_2502897379,58.382138874273,26.752441967873732
W_10693880977,58.38213950262812,26.74765451523991
W_cluster_330041412_330043598,58.38213970791859,26.747895630453964
W_561099509,58.38214295740892,26.723399507771223
W_330046108,58.38214647464305,26.707908481792607
W_9160388411,58.38214917498325,26.731943377274465
W_12656060753,58.38215141675566,26.71666731800667
W_10681699608,58.38215166017713,26.6945356694089
W_9266984850,58.382153685300324,26.694593964660815
W_8164649281,58.38215478019584,26.708834576555883
W_cluster_13143333985_13143333988_330042642_330042648_#1more,58.38215573205497,26.760987470815433
W_561099515,58.382160057861384,26.72387391275705
W_2693069400,58.38216065229646,26.735129453985433
W_12340579815,58.382163291409555,26.714249724337023
W_9160412528,58.38216629869265,26.73201438544786
W_6138108230,58.38216771671839,26.73119081475029
W_3029578478,58.38216787441232,26.75229726562122
W_6690897916,58.38216867078457,26.728491664770093
W_13039867311,58.38216999830249,26.721289093897127
W_5636738609,58.38217097971244,26.73643517046434
W_6690897910,58.382174482065274,26.729710714911107
W_6920827688,58.38217509443994,26.684453678778382
W_8157388698,58.38217695812821,26.714860957155246
W_cluster_330040684_6920827751_9210638737,58.382178347281666,26.686216714780617
W_12219030824,58.38217977576854,26.73180206600521
W_7231299365,58.38218047668146,26.75671748283326
W_3032698128,58.382180563823695,26.781797390316182
W_561099511,58.38218101953809,26.723681710254915
W_12339549166,58.382182320278645,26.709849094429305
W_330043096,58.382183582993065,26.716591646837
W_11362674651,58.382185106844624,26.761134678344686
W_12667609065,58.3821861836847,26.713802360693098
W_7913850469,58.38218788940777,26.748601708248284
W_9153097112,58.38218885919696,26.714196163973547
W_3032697883,58.38218895654417,26.76811814959988
W_9160412529,58.38218930999154,26.732109118758643
W_12340579824,58.38219300947377,26.71263878593802
W_6690897902,58.38219746044258,26.728429881726434
W_3744484555,58.382198864987835,26.742193729382933
W_330043371,58.38220102544803,26.721720979321816
W_2502816724,58.38220847880211,26.75463479086822
W_10692439137,58.38221342954856,26.748801431503107
W_2670815516,58.38221383141379,26.736789344565672
W_12656060752,58.38222575651189,26.716492467517472
W_cluster_11832872133_6690909915,58.382231412125165,26.7288969782924
W_11809199469,58.38223165939242,26.684591859234065
W_9210834468,58.38223228866554,26.709942053116542
W_9153101233,58.38223249602031,26.71531948749995
W_10219364376,58.382234396494106,26.76093187511464
W_13039867308,58.382236147762825,26.721640330220236
W_12219030825,58.382236794808115,26.731752554738563
W_7913854801,58.38223878350384,26.74808285837649
W_9026347715,58.38223892038999,26.684039446209425
W_10692439149,58.38224473188876,26.748642003114405
W_4812389552,58.38224502803482,26.73079640134076
W_3029578288,58.38224773320098,26.767000245277934
W_13039867312,58.382248430933856,26.72171308177673
W_2502816730,58.38225496783135,26.754803934286493
W_12340579814,58.382255278473,26.714055573283
W_561099512,58.38225803605543,26.723827317709645
W_12915091017,58.382258621228296,26.72177336646099
W_3029578230,58.38226381401312,26.764595121618942
W_cluster_12656060745_330041115,58.38226628009195,26.715527671108326
W_cluster_1924826848_330043989_330046466,58.38226945188291,26.709893353491264
W_332622468,58.382270770849374,26.747952495259597
W_12339549199,58.382272608744984,26.714174452944686
W_330044011,58.38227502213607,26.731907879555038
W_10692439133,58.38227581933041,26.749610869526833
W_6690897915,58.38227698486878,26.728532386917443
W_1184743423,58.382277585277556,26.72750378406539
W_cluster_2393687164_2393687168,58.38227838610164,26.7184461262597
W_9026473175,58.38227845694944,26.747613849729127
W_12248778267,58.38228036357183,26.75469858976929
W_4812389561,58.382281700619984,26.72965808015555
W_12219030826,58.382281893974046,26.731715275203044
W_11809199470,58.38228424798026,26.68472015726667
W_10692439147,58.38228430847236,26.748854623370946
W_3029578335,58.38228672948925,26.75175554235031
W_11742318598,58.382286926505564,26.749365911036747
W_2670815545,58.38229001932839,26.73723869264066
W_13143337606,58.3822909995187,26.747871465392784
W_9153097085,58.382293335843436,26.71004894362861
W_12340579810,58.382293836197995,26.713504793944548
W_6138077928,58.382301349869,26.74063905420884
W_10692439144,58.382303982051944,26.749131683508836
W_12340579827,58.382303996209394,26.713028118547875
W_7913850471,58.38230697966883,26.747822272786525
W_cluster_12651899738_12656794596,58.382308169289956,26.71671890197617
W_4812389553,58.3823124215608,26.73106812897696
W_9153097086,58.382313105770244,26.710013896228354
W_2502897382,58.38231638587682,26.75060839964381
W_2502816731,58.38231734761089,26.754547506141005
W_4812389510,58.382318550285895,26.757442279826687
W_10692439148,58.38232105758332,26.749045375461932
W_2139961640,58.382324014483494,26.747214568216673
W_cluster_12339549193_12339549198_330042349_757390975_#3more,58.38232591732071,26.714356998026716
W_9153101227,58.38232779066624,26.71451242720891
W_9153101230,58.38232867227796,26.71486794127029
W_8157774656,58.382330168167385,26.73341385085247
W_4812389563,58.38233146806281,26.729960721660483
W_11742318597,58.38233455573939,26.74915027708729
W_7231299354,58.382336524990556,26.756029478874282
W_2670815542,58.38233748660185,26.73756718376183
W_3032839866,58.382338050937754,26.77660999136508
W_12340579808,58.382341088427985,26.713749975369232
W_6920827750,58.38234141212356,26.685870347496433
W_602753211,58.382341834714985,26.711679771446782
W_9210834436,58.382349554410546,26.709689369763314
W_cluster_12340579823_12340579826,58.38235264444147,26.7128936547918
W_6690897901,58.38235448312313,26.72831461408614
W_330041381,58.382357469355675,26.719654508380927
W_602753215,58.38236023341712,26.71179351135085
W_cluster_10218396920_330044102_7231240160,58.38236264820019,26.76466423356792
W_9153101291,58.38236464808102,26.70984999146839
W_9153097087,58.38236484788362,26.70989855555115
W_13039864319,58.38236671622056,26.721505575032722
W_9153097098,58.38236880342473,26.714336472655987
W_cluster_377114395_4812389507,58.382369271113724,26.75723946082371
W_330043996,58.38237057833044,26.709732119576472
W_757390978,58.38237256279567,26.71489511910749
W_12338043980,58.382377683219154,26.71124649146694
W_cluster_11233333541_3032698155,58.38237893309193,26.77941815998637
W_7880499631,58.38238188675197,26.71977196685732
W_12915081750,58.38238300488149,26.722679574370808
W_cluster_13039864318_13039867307,58.382383386095675,26.721654389954658
W_cluster_2670815518_6138107241,58.38238352073095,26.734756187482347
W_10692439146,58.382383559897875,26.749086486034752
W_8163654660,58.38238363098592,26.71737701258752
W_cluster_12915091024_12915091072_330042489,58.38238408718107,26.722847664849326
W_1184743444,58.38238613457475,26.72668502505388
W_9153101239,58.38238721182239,26.714052966661274
W_4387531194,58.38238776233048,26.72914288256424
W_8163654656,58.382392618504305,26.717013552632377
W_9153101292,58.38239277369191,26.709776569881548
W_330046542,58.38239406103448,26.74743740094661
W_4812389517,58.382394459445365,26.75954649951149
W_10219364370,58.382396269212315,26.764631689554783
W_10693880978,58.38239998965872,26.74711911640825
W_3029578441,58.38240448840551,26.75125178647316
W_cluster_330046102_8153923620,58.38240942150018,26.698512417662165
W_12337550693,58.38241005797511,26.70987338849371
W_3744484571,58.382411556754185,26.742153359320525
W_9153101232,58.382412589021364,26.71492130214842
W_12340579825,58.38241326096217,26.712689322817997
W_13315907622,58.3824141764074,26.712096949588023
W_13548404339,58.382417429906056,26.758674896553693
W_7231299385,58.38242177624246,26.75964908826382
W_cluster_3744484556_8153895124,58.38242337360851,26.743117576726654
W_12651899741,58.382423479147036,26.716388106445873
W_8163654655,58.38242370642073,26.71693754788662
W_12340579807,58.38242452692346,26.713950915949287
W_1597860579,58.38242683384033,26.719748866590574
W_8164649243,58.38242763377363,26.68429871489843
W_602753237,58.382427652501285,26.712458518238204
W_2505353432,58.38243113063154,26.770329378478134
W_12340579805,58.382433279157816,26.714049344772466
W_11753147843,58.38243410960227,26.754829881266538
W_12340579851,58.38243413383951,26.713065880174792
W_11632358528,58.38243465099302,26.687932370895496
W_7231299364,58.382437130821174,26.756933748719682
W_12340579804,58.38243990946593,26.714001922346956
W_12339549195,58.38244271726317,26.714052688528504
W_cluster_11832872134_4812389560,58.38244305296367,26.729338432015382
W_6127060715,58.382445496953416,26.71136735192409
W_6690897888,58.38245299873177,26.727758940990007
W_6138077901,58.38245618977624,26.737945936277832
W_1597860567,58.38246330636192,26.720163097040963
W_12651899754,58.382465635350485,26.715714002446006
W_13254970620,58.38246566953856,26.746995179835093
W_12339549196,58.38246798935291,26.71406787461974
W_cluster_6139356644_6690897921,58.382469291397115,26.72904683606392
W_3029578446,58.38246962875412,26.759447488419468
W_2670815553,58.38246973175797,26.7363602645259
W_3029578372,58.382472569923124,26.755874633958626
W_10692439132,58.382475654839844,26.749654770262193
W_2408551291,58.382476912785876,26.723534041028568
W_11742318603,58.382477707275626,26.74969391617896
W_9153101293,58.38248127506871,26.70991008324033
W_2408603298,58.38248352763952,26.72452001303494
W_10692439138,58.38248390227117,26.7490042035117
W_cluster_13548404387_3029578172,58.382486259715755,26.75462516683799
W_11806615402,58.38249225597674,26.74311451090101
W_12340579820,58.3824987337622,26.71323636233287
W_330044099,58.382501017619035,26.765035935005184
W_13548404379,58.38250105282628,26.750750057793347
W_2408551292,58.38250196473568,26.723697498388788
W_4812389518,58.382502091952716,26.759038562079667
W_cluster_12656794597_8145801771,58.38250358520694,26.71699299823701
W_9366029430,58.38250702152879,26.721677015035546
W_12651899743,58.38250775137586,26.71648062875854
W_12915081752,58.382508395824914,26.723514470966332
W_2408603299,58.38250966183328,26.72472792442119
W_2408603300,58.38251010434919,26.72501760627563
W_12651899742,58.38251129820803,26.71601392292542
W_12915091013,58.3825123722809,26.721742126446443
W_cluster_13143337607_8157381572,58.382515333422184,26.74622119057385
W_10219364377,58.38251746171031,26.761154833653087
W_3029578182,58.38252107095016,26.759244495519212
W_2502897385,58.38252255071176,26.75076649379879
W_7913854799,58.38252669189159,26.74715070097134
W_6457540898,58.382529850606154,26.72517888300592
W_13039867306,58.38253091259545,26.721594401593215
W_13638425296,58.38253092060304,26.75491847504153
W_7231299384,58.38253221906618,26.75901150861713
W_13548404388,58.38253355320227,26.754604659667375
W_13040080379,58.382534115434126,26.720507970080053
W_2771897607,58.38253468109314,26.709538217859603
W_9366029429,58.3825346883139,26.7220095763821
W_12915081751,58.3825347055657,26.723678089629917
W_3032697541,58.38253476812696,26.777861883333145
W_2670815551,58.38254351213838,26.738220096569304
W_cluster_8157774655_8157774657,58.38254538415109,26.733120489693885
W_cluster_2505353435_3029578167_3029578227_3029578259_#1more,58.38254614243426,26.75939481054901
W_6445728474,58.38254717388652,26.69452113507435
W_6690897889,58.3825520968552,26.727689261777435
W_6690897919,58.38255414744202,26.72810496366512
W_330044141,58.382554664108724,26.767017545281927
W_12301982517,58.38255513241829,26.714319233767288
W_4812389511,58.38255595090792,26.75764175418953
W_cluster_11832872135_4812389562,58.382556070396234,26.729565005513507
W_6681174339,58.38255706756895,26.747250864595298
W_6445728473,58.38255773347464,26.69491949035061
W_11927798766,58.38255888856849,26.760973970588132
W_12543421984,58.3825620088168,26.714301564456168
W_12174411455,58.382564863190254,26.718389463530855
W_cluster_11160273805_330045795,58.38256663070611,26.72398855962374
W_6445731485,58.38256678297641,26.696043784204452
W_12915091029,58.38256678568564,26.72385209486559
W_12543421985,58.382567632393446,26.714285957351844
W_11101814963,58.38256770016751,26.695938264906044
W_7231299383,58.38257294742082,26.75903380376059
W_2505353434,58.38257391138189,26.75954681750419
W_13638425295,58.38257398837439,26.754754864857116
W_2408603301,58.38258040308651,26.724252999906625
W_3744484572,58.38258152412677,26.74190381709717
W_cluster_12915081794_6958411563,58.38258271351751,26.724116347263042
W_12543421986,58.38258371156978,26.714246666722257
W_7913854798,58.38258374897943,26.7473450695623
W_330040925,58.38258471526269,26.74398648706725
W_7913850464,58.382584798947455,26.750492785782427
W_11927798765,58.38258947234755,26.76099890172328
W_12338052963,58.38259139562506,26.713947000084335
W_12443839650,58.38259231130178,26.714720115945532
W_13638425294,58.38259752024264,26.754661160763817
W_12543421987,58.382600572309464,26.71395393709483
W_13040080380,58.382600676873096,26.720470506091456
W_12174411443,58.382603794106714,26.717877328828564
W_11742318610,58.3826044279362,26.7500112625631
W_330041090,58.3826053702526,26.69773779284337
W_9153101286,58.38260548274357,26.71442382514113
W_12174411444,58.38260765942922,26.71849121377143
W_4812389514,58.38260828659436,26.758388353592657
W_9523606542,58.382611734221975,26.714649675173064
W_13547472782,58.382619181029725,26.751361600796223
W_7231299363,58.38261968980901,26.756158686292178
W_cluster_12340579817_12340579818_8169719228_9153101276,58.382620733105256,26.713450328466614
W_3029578151,58.38262400073664,26.759340755236604
W_13547472786,58.382625622943856,26.75121004320783
W_12301489638,58.382628970083594,26.71448451393544
W_12301489636,58.38263347283613,26.714570494244988
W_330042997,58.38263379253676,26.720994039488623
W_2502897387,58.38263897718369,26.750272317061235
W_11742318612,58.38263980276331,26.749774851443867
W_6855682541,58.38264058736999,26.715305597454968
W_13548404384,58.38265270725288,26.75003605908052
W_1184743445,58.38265412028207,26.727305932141732
W_6925333700,58.382655625507844,26.73365644910304
W_cluster_11632358529_8153886414,58.38265791559188,26.687925269004833
W_10218396916,58.382662202625404,26.7632127818448
W_12651935868,58.38266339954829,26.714780249705843
W_cluster_2520121329_2520121331,58.38266813634161,26.74532948715966
W_cluster_10681699632_418438744,58.38267059694339,26.692837694764922
W_cluster_10692439130_9807234939,58.38267145835434,26.750071666967955
W_13547472785,58.3826752342885,26.75090359084081
W_3029578183,58.3826778741217,26.767799775061285
W_9331315053,58.38268848934485,26.741411389491194
W_12174411442,58.38268926236161,26.718024055016553
W_cluster_12656795274_330042992_3773486979,58.382690662571314,26.719316006153605
W_6138108200,58.382691382420745,26.7336182159352
W_7231299362,58.3826955837917,26.757151544445335
W_cluster_12915091012_13039867304_9366029428_9366029433,58.382696828648214,26.72164798786769
W_cluster_12651935867_6855682537,58.38270011101587,26.714769863944586
W_3029578350,58.38270339946451,26.771455573297875
W_cluster_10218396915_7231240162,58.38270441379387,26.763211643962713
W_4999864212,58.38270506208078,26.778175124264923
W_6681220403,58.38270529044823,26.734217150571656
W_2670815572,58.38270587894025,26.737508186435132
W_12301976899,58.38270607563104,26.714342980612294
W_11806615401,58.38270791287205,26.743881963974236
W_cluster_12338052961_12529464870_8169719231,58.382708523920726,26.7129070091163
W_2408603303,58.38270951819636,26.72423454961169
W_9210620276,58.38271088385206,26.692970730712243
W_11742318611,58.38271387785773,26.749809212449126
W_cluster_10219364378_10219364394,58.382716343728276,26.761363999590237
W_1597860582,58.38271670621621,26.719396685935646
W_9807234937,58.38271902562972,26.749777710617384
W_12108557151,58.382720167688255,26.760285258637204
W_11632358507,58.38273275093373,26.69074777906658
W_cluster_12656794598_330043103,58.38273344648166,26.71732889775989
W_4812389538,58.38273466193286,26.732019309633035
W_10218396868,58.38273761950866,26.760300017909103
W_6925309778,58.38273880342574,26.733574251495813
W_10218396906,58.38274067307326,26.763294681678257
W_9153101274,58.38274229461522,26.712826874074764
W_9567774783,58.38274249465211,26.693268865043535
W_10219364386,58.38274294843839,26.76089269404458
W_8153895117,58.38274898810232,26.687777568774273
W_2408603304,58.38275392861896,26.724587847285676
W_13315907627,58.38275484855293,26.712257486631085
W_330036651,58.382754978835926,26.719565850845523
W_8157381573,58.382755352444235,26.74637337381396
W_2408603305,58.382757309457595,26.724614669171686
W_6855682525,58.382760433273816,26.717429405559
W_330046106,58.3827610000621,26.706418368768013
W_10219364395,58.38276120987596,26.76114891097628
W_cluster_11832872136_4812389551,58.3827640763561,26.729987513175292
W_11806629930,58.38276508517156,26.744852018777546
W_3744484569,58.38276625307052,26.743054718447585
W_418438747,58.38276687786186,26.693624692318366
W_13040080382,58.382768409489415,26.720080649211784
W_11808947745,58.38277749561105,26.731115207932422
W_9366029427,58.382778964016694,26.722288962872973
W_9366029431,58.38278242591137,26.72127759429907
W_cluster_2771897611_330041447_9210834450,58.38278610276018,26.708877770029517
W_12656794599,58.38278649147175,26.71735326961043
W_3029578508,58.382787598814645,26.75425455253199
W_12108557152,58.38279074959788,26.75999047538596
W_10219364389,58.38279308826985,26.76061634814948
W_6127060722,58.382793167064264,26.710966234249018
W_12656795280,58.38279377720021,26.71989336543034
W_8154409015,58.38279532821037,26.723334890603578
W_12656795276,58.38279616754591,26.719549107199043
W_6855682548,58.38279756206035,26.71614517973251
W_cluster_13143337613_3029578173_3029605928,58.38279785091092,26.746971767549976
W_2408290588,58.382801058045594,26.72491119826478
W_12529464873,58.382801867352896,26.71319884572583
W_cluster_4812389512_5226607555_7080704029_7080704031,58.382802939546266,26.75835282112162
W_cluster_330044037_6138108227_6681220404_7868939086,58.382807336686774,26.733878642150106
W_cluster_2670815496_6138077905,58.38280777055326,26.738538265968423
W_10218396866,58.382808108113586,26.76000335408857
W_10218396908,58.38280863181195,26.763326204936178
W_6690897922,58.382808954010684,26.728655530274537
W_13040080381,58.382812733911514,26.720060290147206
W_11832872137,58.38281565918786,26.730171636789557
W_7868910949,58.38281723528778,26.734320452533563
W_6855682549,58.38281900063477,26.715970750142162
W_cluster_8153886412_9210638734,58.38281930578181,26.68766373990628
W_cluster_7913850467_7913854804,58.38281999906364,26.748458352774314
W_10218396913,58.382822881721886,26.76326095546607
W_cluster_12338079516_12338079517_12529464864_12529464865,58.382823033795695,26.712064376105015
W_cluster_4812389506_5160920826,58.38282406465687,26.757507042149005
W_11806629878,58.38282549282796,26.74290123546734
W_6127060724,58.38282671289138,26.711025812771705
W_12656795277,58.382831651433584,26.71988058161155
W_11632236928,58.3828324758288,26.698026222554162
W_12301976900,58.38283339535755,26.714124257822057
W_6925309780,58.3828370971531,26.733720919477854
W_4812389540,58.38283740030631,26.731799640007424
W_4999864209,58.38284040591176,26.77848191798441
W_10219364371,58.382842259698066,26.759775339399475
W_11806629928,58.382842909246044,26.74321080454675
W_6690897917,58.38284861523771,26.72783353090405
W_10218396900,58.382849247398035,26.763142099222538
W_12656795228,58.38285069394468,26.720374644794337
W_3032697534,58.382852261292626,26.779627426341964
W_4812389543,58.3828523356429,26.730101414343558
W_602753161,58.382852954422944,26.71087340068271
W_6681220402,58.382859297479,26.734290893874253
W_cluster_12174411441_12656795220,58.382862756725444,26.717643715941172
W_4812389505,58.382867405904115,26.75729640464145
W_4812389545,58.38286968608404,26.73130535178898
W_7231299361,58.38287662472303,26.75638042113203
W_8153923214,58.38287862559797,26.719060565553278
W_cluster_12287896799_12301982501,58.382880531642016,26.713995962108662
W_13548404008,58.38288342251143,26.752849052940036
W_564730154,58.38288575682464,26.69028505850221
W_11836590213,58.38288598475202,26.728556095884613
W_6855682532,58.38288845647411,26.715659640330532
W_3029578390,58.38288910025657,26.757749256647116
W_10219364401,58.38289092201645,26.759574415850064
W_12337687705,58.38289478051309,26.709867869743245
W_11807644881,58.38289617214026,26.760843774938017
W_330036611,58.38289936164537,26.720821960154634
W_12287896795,58.382899571728174,26.714035824025363
W_9153097091,58.38289961562226,26.710854378961322
W_7868910926,58.382904384255596,26.73424728970065
W_cluster_6138077959_7868910927,58.38290552357508,26.73436356692962
W_7868939088,58.382907317361536,26.734016064102942
W_1184743247,58.38290791747414,26.727169218853163
W_10219364379,58.38291206510817,26.76146767702241
W_cluster_12287917261_12301489635,58.38291302357338,26.71487280270361
W_10218396858,58.382914649860375,26.76044622633106
W_10219364396,58.382916907055886,26.76127047162971
W_10219364382,58.382926400463234,26.760726429556502
W_3744484568,58.38293146239249,26.7426265087023
W_5452025575,58.38293370073866,26.711352248731107
W_12108557149,58.38293422085519,26.759387208949235
W_3029578523,58.382937385573015,26.757540637229937
W_3029578319,58.38293938485422,26.753879159207195
W_6920827691,58.38294331269908,26.683226156304933
W_1296181960,58.38294355975156,26.70911947644427
W_8169719230,58.38294613571173,26.71329001960826
W_cluster_12337828870_330046123_330046126,58.38294822310676,26.711021227919762
W_10218396863,58.38294996020362,26.75939873036353
W_7231299360,58.38295007095038,26.75736218821879
W_10200637442,58.382950715586006,26.746426010370406
W_13039907565,58.382950889813735,26.721181184629977
W_12108557148,58.38295090308361,26.761295038205944
W_cluster_2400170480_3029578312,58.38296024290878,26.76705163810836
W_6138077958,58.38296262454809,26.734309782944457
W_330044682,58.38296308989109,26.72870376826225
W_cluster_1257707892_3029578196_3029578526_3038831595_#1more,58.38296695462288,26.757693487119656
W_8169719232,58.38296736541747,26.712943896230097
W_13039958671,58.38296781094507,26.721610625497537
W_330043093,58.38296844899809,26.71775659236526
W_2505353440,58.38297053598638,26.772731964023755
W_13039958672,58.382970562696386,26.72167832335158
W_12915091071,58.3829710958179,26.723500590173902
W_10218396914,58.3829765029763,26.76260137178802
W_13039958674,58.382976587106455,26.722343671716935
W_11806615386,58.38298464941791,26.74379958407557
W_10218396865,58.38298567960812,26.760150583696024
W_10219364381,58.382990008674525,26.76112154215597
W_2505353441,58.38299419478307,26.75784977339972
W_cluster_12915091033_8154409013,58.382996866508456,26.723705770379425
W_12656795201,58.38299857427041,26.7176918813256
W_8153923216,58.38300320119389,26.719840402662825
W_cluster_6138077956_7868910922_7868938384,58.38300368261297,26.733753352965437
W_12108557150,58.383005493801974,26.759078907697578
W_6855682545,58.38301072468492,26.716686250486838
W_11807644882,58.38301438320178,26.76094746133938
W_cluster_3029606139_330046541,58.38301875854767,26.746770447254118
W_10218396860,58.38302240301523,26.759091618084923
W_6690897898,58.38302504753954,26.727342914855004
W_3029578263,58.38302938298017,26.75444234906768
W_10219364402,58.3830294592437,26.75897528387436
W_6138077915,58.383030554201376,26.738162620663886
W_10219364373,58.383033086010116,26.760814460834847
W_6855682527,58.38303408347897,26.7166080829853
W_cluster_13039864400_9366029443_9366029444,58.38303480119167,26.72152237000459
W_10218396877,58.38303567178365,26.75994007431175
W_9807234938,58.38303782248637,26.750213236438626
W_12287917262,58.38304219696087,26.714558471368857
W_3029578405,58.38304632804246,26.757633602709728
W_6139356658,58.38304830498235,26.72708758958549
W_6855682529,58.38304842184639,26.71651237378001
W_12529464869,58.383049927163704,26.711913065129163
W_3029578377,58.38305467851719,26.755976467131948
W_330044059,58.38306200921126,26.755205336227654
W_3029578571,58.38306782591789,26.767339421285385
W_6445728475,58.3830712352848,26.693612989999682
W_10219369033,58.38307159494561,26.761187855218793
W_cluster_10218396857_10218396875,58.383071852069314,26.759788143381957
W_11806629931,58.383072101294374,26.743381516393285
W_10218396867,58.38307405374033,26.760580413981632
W_12656795257,58.38307494887886,26.719587252890424
W_4812389555,58.383080105404304,26.732240199206927
W_6855682546,58.38308083420079,26.716304508235396
W_11753147847,58.38308385829207,26.755923936794787
W_12108557146,58.383084759863216,26.760590088970805
W_330040479,58.38308652294379,26.694448239691468
W_6855682547,58.38308837560329,26.71626255035688
W_12656795230,58.383090073294255,26.720260739333494
W_13039958666,58.383092436070235,26.721592713742986
W_3032697900,58.383093164187954,26.77740400171236
W_13039958667,58.38309437950461,26.7216604182013
W_5528062151,58.38309677903785,26.750324659810303
W_330040474,58.38309696537419,26.694721935955442
W_7080704030,58.38309780598103,26.75868752205803
W_12656795266,58.383102228232744,26.71875661392599
W_12301982502,58.38310310139748,26.713637092639754
W_12338052978,58.38310375005665,26.71084706530796
W_3029578155,58.383112097819314,26.753037958047
W_6855682528,58.38311318823069,26.71607047830019
W_3032697572,58.383113852419456,26.77773203821239
W_4812434918,58.383115207069956,26.74895405989541
W_330046103,58.38311652170254,26.699230440255906
W_7913850466,58.38311693213601,26.750618995691752
W_6690897885,58.38311888604432,26.72771413668588
W_13039958668,58.383119823991606,26.72200360514267
W_9171558108,58.383120973580894,26.733274497479616
W_4999864211,58.38312326288861,26.77808306117512
W_6690897890,58.38312360253666,26.72727135642781
W_cluster_12287917279_12301489634,58.3831273832679,26.715061064878185
W_6138077957,58.38312883558404,26.73394547984755
W_9366029441,58.38312918291885,26.721061610148237
W_10218396862,58.383129960584014,26.75954765109179
W_5528062152,58.38313049887292,26.750298599123795
W_3032698098,58.38313102162002,26.778986283911287
W_12337550685,58.38313109573343,26.710348690081897
W_4999864208,58.383132484189794,26.77842912623538
W_12535949316,58.38313475483851,26.71305215372221
W_1184743406,58.38313493569561,26.727026041076968
W_cluster_5528062174_7913854805,58.38313585073731,26.74871792005402
W_6758683295,58.38313735206386,26.76464009219746
W_11362674653,58.38313987931294,26.761876562023005
W_330041228,58.38313997998391,26.74305696025315
W_10575135677,58.38314092780714,26.691328889930922
W_13039958669,58.383143792835675,26.72228797681272
W_12287917278,58.38314385734861,26.714997316392697
W_10218396864,58.38314542865259,26.760277072512704
W_cluster_1184743272_330045027_330045029_6809826377_#1more,58.383145660437336,26.72746511122104
W_10219369031,58.38314819411809,26.760315017871175
W_12338052979,58.383149960584134,26.710707998181114
W_10715849485,58.38315455363096,26.764567811596173
W_12108557147,58.38315550001797,26.76028350255348
W_3029578521,58.38315877386264,26.747130616316
W_12656795268,58.383161795877996,26.718929372824558
W_360477913,58.38316475933768,26.767203514486674
W_12656795217,58.383165336878974,26.718333375216755
W_10218396871,58.383176250619705,26.76177781535762
W_3032698161,58.383179248768236,26.778775982492807
W_418438756,58.38318039276192,26.688338945660277
W_11836590217,58.38318139703347,26.72792519425937
W_9171558107,58.38318250946147,26.73340981484007
W_cluster_6127060734_9153101270,58.383183548099886,26.71050764148103
W_12656795272,58.383184476806676,26.71923769441033
W_564730153,58.38318798768762,26.68980289697886
W_12535949314,58.38318831473853,26.712945179546523
W_4999864206,58.38318942106821,26.779101692182923
W_12301982503,58.38319372048717,26.71347424074843
W_12248778264,58.38319764798028,26.755543680065774
W_12287906220,58.38319766134803,26.714032043649002
W_cluster_12656795204_330042238_6855682572,58.383197790670096,26.718183824763262
W_10200637443,58.38319942403579,26.745932059243223
W_10219364374,58.38320164928971,26.7600831080166
W_4812389539,58.38320187437714,26.731200903948558
W_6690897895,58.38320341065611,26.72708485258822
W_10218396856,58.38320707955825,26.75924341286193
W_cluster_12841668553_8511570625,58.38321382030387,26.720663685576138
W_6690897896,58.38321449329651,26.726974978531516
W_12235749519,58.38321927473849,26.710498798284792
W_13548404011,58.383220693809776,26.752623697059086
W_9331315054,58.38322139886942,26.74053978495917
W_9153101288,58.38322337964983,26.70953478003528
W_6690897891,58.38322385886157,26.72719739032464
W_7913854793,58.383231303684916,26.748844643743762
W_10219364380,58.38323153630509,26.76170767059515
W_8164649275,58.38323356707012,26.753898144462067
W_11806615389,58.38323402397113,26.74382291453047
W_cluster_3029578152_330043974,58.38323706467702,26.756480371175993
W_3029578544,58.38323723596251,26.755438748078063
W_13039958670,58.383237524209044,26.72198147392258
W_11836590214,58.38323922296809,26.728256508777708
W_1184743319,58.38324150255643,26.726963141154503
W_6053296516,58.3832435604272,26.755787906796385
W_3029578573,58.38324708462702,26.752522958389232
W_6139356659,58.3832499103224,26.72757956809193
W_7080779540,58.38325036063365,26.748761226375244
W_12656795206,58.383252977950185,26.718243067234056
W_7868910951,58.38325646941489,26.735683863830964
W_3029578547,58.383257168029196,26.767493964782975
W_9153101278,58.38326091457479,26.709967298836226
W_10219369032,58.383260919252194,26.76041463619486
W_12651935865,58.38326102979685,26.715303848001415
W_13638425297,58.3832667316687,26.755316613707144
W_9153101269,58.38326675890716,26.71036707325441
W_6690867677,58.38326719571268,26.72755651945157
W_10219364398,58.38326956696962,26.759900521100366
W_7913854792,58.383270761722365,26.74867626026484
W_11806615394,58.38327140783654,26.743968002214437
W_418438761,58.38327345867743,26.68694609837818
W_11753151433,58.383274311902,26.75708155727965
W_cluster_11832708533_4812416866,58.3832765518765,26.733326165349666
W_13548404389,58.383279732183034,26.755257696174816
W_12337395178,58.38328018680946,26.710387142432506
W_cluster_10681699633_418438750,58.38328080931776,26.691979218538638
W_cluster_12287565057_12301982504_12535949313,58.383281737697345,26.713272589749884
W_12841668549,58.383283211613666,26.72089434315266
W_9366029423,58.38328391234706,26.721092367709108
W_cluster_6139356656_6139356657,58.38328941447075,26.730887118000464
W_3029578369,58.38328997326197,26.755211794495274
W_11806615393,58.38329119960858,26.743894324370185
W_cluster_12656795207_12656795224_330041403_8833397008,58.383291318948025,26.718606158822297
W_12301489633,58.38329538667486,26.715163513570996
W_3029606147,58.38329552944899,26.746069373599713
W_2670815575,58.38329558374701,26.737715687819183
W_10218396911,58.38329746994454,26.763749259423562
W_13638425299,58.38329760622518,26.75610578344232
W_12656795236,58.38329956259449,26.720196491082966
W_cluster_1924825357_757397856,58.383301612543605,26.715257177176216
W_10218396861,58.38330707903003,26.759692488684717
W_10219369030,58.383307977686634,26.758927895412306
W_6138077926,58.383308229903705,26.741106731032
W_8164649274,58.38330843132042,26.753923103615072
W_757390980,58.383313173135065,26.71004040449563
W_3029578423,58.383314780091915,26.755974328939406
W_3029606133,58.38331571661029,26.746013308120627
W_12235749521,58.383317474673916,26.71067174060983
W_12108557153,58.38331940187734,26.75970215247467
W_8145686191,58.38332043608222,26.717960361805016
W_11838366403,58.383323085223715,26.691781161508477
W_12301489632,58.38332417696512,26.715185683900717
W_9210620274,58.38333000347928,26.69211833458917
W_11832872144,58.383332655340446,26.731291057779504
W_cluster_11836609479_4387531199,58.383336272982774,26.72802575312794
W_13638523501,58.38333806382101,26.755985625851004
W_6925333726,58.38334297861803,26.732834350452023
W_9210620291,58.38334406848762,26.69184185837674
W_12287565058,58.383344764677,26.71346275536484
W_cluster_10218396909_6758683296,58.383349744421395,26.76375027801579
W_4999864203,58.38335155034929,26.77942166524692
W_330042741,58.38335581938823,26.752134857875664
W_12287896776,58.3833572573406,26.71483501606878
W_cluster_3029578267_3029606137_330046547,58.383357980510006,26.746129462591494
W_9260364949,58.38336359039485,26.71521905536728
W_9153101279,58.38336389630258,26.71010976072671
W_cluster_11832872138_11832872145_11832885520,58.38336604958203,26.731197260947926
W_402116717,58.383366286105115,26.75561929721262
W_12651899729,58.383370794636,26.717132951229413
W_12337395184,58.38337100205744,26.710551252664715
W_5528062150,58.383371229744405,26.751096201953512
W_cluster_12656795226_12656795271,58.383372223125754,26.71908827828496
W_5528062164,58.38337385969368,26.74954238025344
W_10681699634,58.38337461188039,26.691919060037367
W_7080704038,58.3833748781151,26.758349423003096
W_10219364399,58.383376991248525,26.7594722645512
W_3029578560,58.38337712296718,26.769310847272706
W_402116731,58.383378271411594,26.755687276577603
W_10218396859,58.38337881623074,26.75939187711565
W_11838873567,58.38337931366307,26.736369895375653
W_8833399333,58.38338073243826,26.758548610412102
W_330046109,58.38338370080806,26.704897695561357
W_3029578440,58.38338786160018,26.751984314667197
W_9567774794,58.38338792391265,26.69241299516866
W_12338052969,58.38338911512712,26.71093587908915
W_12108557154,58.383393748854694,26.759404259222908
W_3029606149,58.383399185926564,26.746119418939227
W_cluster_2771897614_330041295_9153101268,58.38340164944154,26.709805906335717
W_6445728480,58.38340166407569,26.694175488019802
W_12301982505,58.38340188942051,26.713102484873477
W_12338052970,58.383404668281045,26.71090274671838
W_9210620292,58.3834087703924,26.692005635939072
W_12504183462,58.383409669858594,26.712446594118045
W_6983458755,58.383410511319944,26.756203848433064
W_8833399331,58.38341130916812,26.758188594698176
W_11832885521,58.383413409591356,26.731039057527607
W_2771897616,58.38341354954235,26.709548094814004
W_402116714,58.383415802489566,26.755398692769333
W_cluster_13039864397_330043235,58.383419635469444,26.721510615668397
W_10218396854,58.38342080827404,26.760136001498854
W_cluster_12656795227_12656795254,58.38342213848808,26.719324047836537
W_12108557155,58.38342396782136,26.75928263574254
W_11832885522,58.383425130719715,26.731017762941736
W_cluster_332622577_7913854806,58.38342684276496,26.748941756259505
W_cluster_12287565048_12301982506,58.38342712483879,26.71302104967282
W_11832885517,58.383430090039234,26.731283818437447
W_12287565063,58.38343309411205,26.71315986230164
W_3029578342,58.383439479996824,26.749111480417838
W_cluster_13638425298_3029578542,58.38343968946832,26.756056064649577
W_2771897618,58.383441282838525,26.707644169222718
W_1423240107,58.383442551207736,26.775451250691653
W_11753190586,58.38344586795975,26.756612833841224
W_12337395189,58.38344793170301,26.7109302676107
W_cluster_12287896774_12301489640,58.38345005498162,26.71500459443315
W_12915091070,58.383452396577425,26.723282889057533
W_3029651110,58.38345522309004,26.74629686788928
W_2771897620,58.3834554702504,26.708588718583794
W_11753151449,58.38345577396561,26.757289456349152
W_7080704034,58.383458620158436,26.75913054186989
W_cluster_11832708534_11832736090_4812389554,58.38345872314645,26.73299337083465
W_6920827756,58.383460409847736,26.684219715236395
W_402116712,58.38346279660734,26.755362455143317
W_9153101285,58.383463806669646,26.7075960996794
W_12287565061,58.383465817065826,26.71309307325172
W_9567774762,58.38346746828958,26.692698918087753
W_8145686192,58.3834682811558,26.718372516210977
W_11753190587,58.38347277864084,26.75664223341534
W_9210620273,58.38347330492766,26.69191306923355
W_10219364400,58.38347343111164,26.75955625861325
W_2771897627,58.38347464881162,26.708570262197707
W_4812416867,58.38347700057426,26.733705323768316
W_3029578558,58.383477487199606,26.75165448907705
W_cluster_10219369027_7080704036,58.38348195243559,26.75902452691371
W_11832885518,58.383482065033895,26.73118474965329
W_5528062140,58.383482208451504,26.74974220846533
W_11832885514,58.38348700769914,26.731400186364237
W_8157875739,58.383489366491396,26.721526312198318
W_3029578481,58.38349027421011,26.758007466490344
W_9366018307,58.38349042088989,26.722301669734414
W_cluster_3029641399_3029641408,58.38349300716345,26.7457842467676
W_11832885519,58.38349700478103,26.731156419119735
W_12915091004,58.38349775984907,26.721586271080135
W_3029578413,58.38350205188784,26.752699195506978
W_2771897626,58.38350295388851,26.707511980061412
W_2408603310,58.383504715067666,26.723803551375187
W_402116721,58.38350773329871,26.755801301092887
W_6138077927,58.38350838251589,26.741395128933178
W_12334800191,58.38350951110893,26.710040845545958
W_9567774763,58.383511286959234,26.6930313258566
W_12301982507,58.383513434239454,26.712899272507624
W_4999864201,58.38351357725337,26.779734801431974
W_2408603311,58.38351375410051,26.724497616537572
W_11838366410,58.38351489727618,26.691431137482994
W_8157875740,58.38351646489455,26.721721051826776
W_12443543248,58.38351939032919,26.721827397988783
W_12338052985,58.383526453371026,26.711298839481803
W_cluster_12656795209_8833397016,58.38352691261707,26.719633601721874
W_402116733,58.3835283664642,26.75578850365928
W_12334800190,58.38353091006755,26.710011255938547
W_2408603313,58.383532557861585,26.72426215793986
W_330045089,58.383533482266586,26.682062088964557
W_11753190534,58.3835366688829,26.75717945339361
W_11832885515,58.383538085718136,26.7313016374473
W_3029611189,58.383544836224274,26.747239524171476
W_11832885516,58.383551861494574,26.731275025886816
W_6173250353,58.383552178330376,26.75773359514374
W_940352834,58.38355341122237,26.726153897855887
W_330044061,58.38355410495776,26.755156609159744
W_12338052983,58.3835583920603,26.711163479190045
W_6690867682,58.383560889019,26.72734373962418
W_cluster_6139356660_8145251913,58.38356146850525,26.728292850313075
W_12504183460,58.38356336626366,26.712736576575583
W_6690867675,58.38356392174491,26.72724948874613
W_418438757,58.383567347338584,26.687723651693524
W_cluster_11632358505_11632358508_1610343208_391614815_#3more,58.38356901828516,26.689260351173065
W_9567774768,58.38356947130127,26.693137018866164
W_12337395180,58.38357050823357,26.71016535472117
W_3029578165,58.383571210042284,26.769109154671632
W_cluster_10219369025_10219369026,58.383573516472104,26.758141311556773
W_11753151420,58.38357571587062,26.756363288565783
W_cluster_330044706_6307706341,58.383576243240505,26.737270513175545
W_12443543252,58.38357694823715,26.72198649894382
W_402116726,58.38357911063989,26.755458100464253
W_12287565066,58.38358118948228,26.71295464291111
W_6138077919,58.38358145136916,26.739866604134082
W_3029578458,58.38358258130929,26.74647825200254
W_11832736091,58.38358309100306,26.733196106160307
W_7868910943,58.383590022574715,26.736982426819036
W_7080704037,58.38359122528802,26.75853024196866
W_9152285870,58.38359209465653,26.714780962272734
W_13143297409,58.38359391216128,26.69344172125046
W_9567774767,58.383597192506784,26.693536433520936
W_402116709,58.38359890000979,26.755567924071546
W_cluster_12656795210_8833399317,58.38359911132353,26.720038327259473
W_11832736102,58.383600310207974,26.734004520373727
W_12337395191,58.38360099942498,26.710621706790956
W_cluster_12059368001_12915091002,58.38360335673074,26.72149155350549
W_6920827693,58.383605101922086,26.68229402124893
W_7868910946,58.383609120242795,26.737447950107047
W_3029641393,58.3836110921807,26.745954067088523
W_13638523505,58.38361329394308,26.755203911341848
W_12287896773,58.38361447108667,26.7145042551212
W_6173250327,58.383616169284835,26.757471166303613
W_12059368000,58.38361642155049,26.72155198879763
W_8145801772,58.38361872358096,26.756544948638957
W_3029578380,58.383618727967914,26.752376705628535
W_cluster_12656795240_330042851,58.38362053694774,26.720431143258153
W_564767746,58.383624547427615,26.688973759265068
W_3029578261,58.38362497238236,26.74729555590578
W_10715849484,58.383627174139754,26.76393961443391
W_9026347706,58.38362772772509,26.691440241931076
W_7080704033,58.38362782651817,26.758364281345845
W_9366018294,58.38363011553835,26.72190211369511
W_11632358568,58.383633383390034,26.694625126080187
W_6758682908,58.38363706915883,26.76394792791394
W_4812416868,58.3836373332676,26.733408777650837
W_7868910945,58.3836396869391,26.737418479931147
W_11632348549,58.383641496356184,26.689259029764507
W_7080704032,58.38364623063511,26.758264797542274
W_3029578297,58.383647602792365,26.75133298799411
W_3029578439,58.38364921774142,26.75524966470331
W_3029651106,58.38364968471393,26.746347801405452
W_cluster_12301982508_8153691218,58.38365058158712,26.712618382133552
W_13039907563,58.383652469372834,26.721071160395397
W_13638523504,58.383653999659074,26.754885204960583
W_11632358569,58.38365919529388,26.695054486254495
W_8164649242,58.38366017748596,26.68241015661313
W_564730152,58.38366138117133,26.68905158776436
W_6053296538,58.38366262338468,26.755967993523537
W_418438748,58.38366282473242,26.69352680064441
W_3029651109,58.383666285680306,26.745389501238563
W_cluster_12287896771_12301489641,58.38366660267739,26.714602166021336
W_9152285896,58.38367141151183,26.716119690810924
W_6681233908,58.38367143204667,26.725945374312943
W_330044891,58.38367758680111,26.73007099834897
W_10681648001,58.38368061042581,26.697533470091095
W_11832885510,58.38368256634488,26.731800407770233
W_7868910944,58.383683518430416,26.737375401153567
W_12656795211,58.383684579826145,26.720391987771567
W_8860119914,58.383684928505176,26.722950159171102
W_cluster_12841668540_12841668541,58.383691631143975,26.72082476440356
W_13638425290,58.3836917262506,26.755875103926055
W_9567774769,58.383692471575664,26.69266771818613
W_4812416865,58.38369437994762,26.733890602084706
W_12301982509,58.38369664929287,26.71257491232539
W_6925333735,58.38369942900976,26.732218918093896
W_6681233907,58.38370215785446,26.726117516546722
W_13039907562,58.38370395114219,26.721037919624482
W_9566896124,58.38370767708968,26.694594214789692
W_3032694127,58.38371059566677,26.777634056947534
W_12235749506,58.383712853747646,26.710835582588793
W_11753190544,58.38371586885743,26.75704688452628
W_402116729,58.38372058747482,26.75574972350037
W_cluster_12301489629_9152285867,58.383721663398916,26.715573072876296
W_12504183457,58.383722001043175,26.712025584592638
W_cluster_12334800173_12334800174_330043055,58.38372748910852,26.709088055446536
W_11832885511,58.38373100675139,26.731685974747876
W_7006543553,58.38373511854957,26.708532714377583
W_cluster_12915091038_8860119913,58.38373527271762,26.72334617168526
W_9152285901,58.38373712042038,26.716671362819017
W_9153101266,58.38373765065725,26.709172623083976
W_8157535489,58.38374434840454,26.710265510412164
W_13039864395,58.38374531607224,26.721267092074918
W_7080704035,58.38374567869291,26.759230508548693
W_2151069140,58.383746601368614,26.755591357154312
W_11838366409,58.383748827738906,26.691079373332627
W_11753190610,58.383753734975464,26.756885872432782
W_2408603315,58.3837572246972,26.723696233859826
W_12287896764,58.383760508865244,26.714019964077906
W_330040931,58.38376079949085,26.69764069284002
W_10218396727,58.38376210108107,26.754444097784194
W_6925333728,58.38376261218161,26.732110530278792
W_4999864210,58.38376729089735,26.77795725572149
W_418438758,58.3837702996929,26.687416257854245
W_7868910958,58.38377323293973,26.73697593274547
W_12915090997,58.38377341250577,26.72138367219638
W_cluster_3029651095_3029651112,58.383775805428854,26.745000513343047
W_cluster_3029578314_3029578379,58.383779428894044,26.746827415696053
W_cluster_12656795242_330043253,58.38378061135609,26.721307343707153
W_6925333730,58.383785216160014,26.73222527951237
W_12334800194,58.38378585227003,26.710190095422963
W_6925333737,58.38378728375868,26.732183194694002
W_8883308871,58.383787614064595,26.734282716346545
W_12235738992,58.383790916189405,26.7113190814745
W_3032698182,58.38379848718743,26.77828591691512
W_6690867674,58.38380347557476,26.727046015458523
W_4209867028,58.38380389794852,26.720864749526676
W_12287565008,58.38380418813734,26.712788316904746
W_3029578286,58.38380492113701,26.749975065522516
W_cluster_8145801783_8145801784,58.38380850994165,26.738193623856255
W_12334800171,58.38380980345449,26.709067540257813
W_9152285869,58.38381198313728,26.715153192926092
W_12334800168,58.383813335123094,26.70900115810403
W_cluster_11198493353_11198493354,58.38381799056477,26.74830161229717
W_6681139738,58.38381865163179,26.708219071359846
W_11742333433,58.383822823239704,26.755292583560852
W_3029651091,58.383824249319396,26.745288149484097
W_13076494641,58.38382659593576,26.72085311234901
W_12334800167,58.38382767497243,26.70902720502472
W_cluster_564767750_9210638726,58.38382920817754,26.6898507951853
W_10219369022,58.38382929406089,26.758417969804754
W_11654005629,58.383832556820465,26.733391742608816
W_12504183455,58.383835109334576,26.712278959383497
W_10681699640,58.3838370580055,26.690980611352675
W_377114330,58.383838956467606,26.759113413199117
W_3029578191,58.38383932753697,26.75034711726421
W_4578346104,58.38384840889605,26.68283616945392
W_2151069128,58.383848964683935,26.75520125261632
W_11654005631,58.383850734667206,26.732848125803535
W_8153691221,58.38385110597833,26.713726456202973
W_3032697846,58.38385495388539,26.7786337448168
W_10219369021,58.38385632168285,26.758319110533034
W_12301095261,58.383857833797144,26.71428595710136
W_4209867029,58.383859355232794,26.721172306263348
W_9567774771,58.38386036409605,26.694067370904296
W_1296183603,58.38386069211204,26.708261477546145
W_cluster_10862718741_330042835,58.38386178859919,26.701485919701543
W_13145785159,58.383864452453516,26.73240629505737
W_8833397011,58.38386457222737,26.718588083742446
W_cluster_12651935863_330042055,58.38386743156458,26.71581473844089
W_cluster_13076494650_13076494651_13076494666_13076494674,58.38386746086641,26.72097626110187
W_11742333434,58.3838710770329,26.75530456233646
W_11632348551,58.383872197846706,26.6897633719834
W_11632348550,58.38387915409298,26.689780070236562
W_cluster_3029606145_330044232_330044234,58.383881281670966,26.744611210227905
W_8154476018,58.38388128976089,26.741747936276
W_3029578296,58.383882191051406,26.750865668335635
W_9567774772,58.38388222381315,26.694571158488564
W_12301489679,58.38388390978976,26.714339444463764
W_cluster_330042061_330044038_6139356649_6925333738_#1more,58.38388418024906,26.732219228153127
W_13076467125,58.38388447785493,26.721160479118588
W_3029578221,58.38388879392554,26.770156073753586
W_11832708532,58.383890086781925,26.732380961976776
W_cluster_13076494640_13076494642_13076494668_13076494671_#3more,58.38389021371609,26.720866119836916
W_323378710,58.38389232856108,26.746919124954132
W_6925333736,58.38389317767859,26.732012062840216
W_12334800170,58.38389469076826,26.708914468342112
W_cluster_12334228298_9153101265,58.38390029823299,26.708734002900954
W_330041134,58.38390082734753,26.70809834131872
W_cluster_3029641377_330041411,58.38390086846526,26.74916053457522
W_11764674705,58.3839036177367,26.753072101222628
W_4999864205,58.38390636288594,26.778965872254528
W_11832610911,58.383907888209016,26.732045811926525
W_9152285900,58.38390836136446,26.717142158028246
W_3029651092,58.383912182612306,26.745199785795666
W_13143297416,58.3839123845451,26.692611252135443
W_9522691951,58.383913577262696,26.78075992602507
W_2151169544,58.38391390143617,26.708317814747755
W_9152285898,58.38391772179456,26.716379191712274
W_8164732907,58.383918734994026,26.722833233931564
W_9567774775,58.38392536142486,26.693791989099285
W_13076494670,58.38392912404008,26.720916603494985
W_cluster_8145801780_8145801785,58.38393050707025,26.73869105319197
W_cluster_12287896761_12301489642_330043068,58.383930769883676,26.71412752179498
W_12301489643,58.38393246273811,26.714081163406924
W_12334228297,58.383933929463886,26.708791186277963
W_13638523502,58.383940321132414,26.756009000089538
W_12656795214,58.38394129495275,26.721556782366765
W_2640930687,58.38394219349432,26.734415970589207
W_8833399318,58.38394661813896,26.717832404994617
W_3029651102,58.38394875648599,26.746068783713977
W_3029578425,58.38394978328144,26.747679381502543
W_cluster_13076467129_13076467134_13076467137_13076467138_#1more,58.38395003353947,26.721279842387943
W_940352596,58.38395085517326,26.725990577964513
W_cluster_11832736117_4812416862,58.38395272126129,26.73425206044033
W_9152285873,58.38395357443568,26.715333668109295
W_cluster_13076467131_13076467132_13076467135_13076467143_#7more,58.38395415289181,26.72106792394108
W_3032697841,58.38395515992882,26.758674484551467
W_8157875744,58.38395709683088,26.72254768219688
W_9210638725,58.38395877969851,26.690282836169924
W_12301095263,58.383959522356264,26.71449513977006
W_4999864204,58.383960204853985,26.779303115860415
W_9153101280,58.383962362274836,26.70837932172219
W_1184743490,58.383962483454766,26.726514644757618
W_cluster_12287551163_12301982511,58.38396328583175,26.712123319243688
W_2441482884,58.383964247533086,26.758635431408813
W_4209867032,58.38396448044087,26.720449285732467
W_11654005630,58.38396580234386,26.733070257667784
W_4209867033,58.383969002144894,26.721535700358146
W_12301489650,58.38397451678694,26.71417077640099
W_cluster_12334228265_12334228266,58.38397563646886,26.708568524529305
W_9152285872,58.38397997622208,26.714806903773425
W_11832610913,58.38398151409793,26.73220669059138
W_3029641395,58.383981979367505,26.74452839587453
W_4812416864,58.38398252609386,26.73325140590422
W_332645305,58.383983724097796,26.72657741343858
W_cluster_12301489624_9152285883,58.38398380770202,26.716006022074804
W_12656795245,58.3839838819811,26.721976969776907
W_12336861160,58.38398436538117,26.7115921493758
W_2408603316,58.38398522348399,26.72400962951562
W_11764690573,58.383988149749,26.75462277530589
W_9567774773,58.38399320109148,26.694556518116634
W_cluster_13076494638_13076494644_13076494655_13076494659_#2more,58.383994127053505,26.720905829265025
W_cluster_13076467128_13076467130_13076467148_13076467149_#9more,58.38399877732561,26.72135042867601
W_332622642,58.38400317638894,26.755953670678256
W_2297251117,58.3840045920764,26.720762265920982
W_13076467142,58.38400623183075,26.721267770160765
W_6681139737,58.384006781067036,26.7084406912024
W_7076108866,58.384011529864296,26.690666300633193
W_4999864202,58.384012956100364,26.779633355733626
W_330040691,58.38401349425358,26.690215490050168
W_3029641411,58.38401782806507,26.744579611861816
W_13076494603,58.38402056406522,26.72075529914313
W_3029578275,58.38402525186443,26.747417875450495
W_13076494605,58.38402533127156,26.72092336826174
W_4209867035,58.38402641997714,26.721093347613838
W_13076494606,58.38402807188618,26.720944552358073
W_1296179817,58.38402864970093,26.707553460455376
W_13076494612,58.38403062877187,26.720963856753915
W_13076467200,58.384032184291414,26.720977012553238
W_4209867037,58.38403455930946,26.720995292305197
W_cluster_12301489623_12651935859_9152285879_9152285897,58.38403575451737,26.716345409616466
W_11832610914,58.38403861814698,26.73211185808503
W_9153101281,58.384041814428855,26.708482471628628
W_2771897632,58.384044014550966,26.70637829462726
W_10681699639,58.384047295547745,26.690748587462778
W_3029578399,58.38404740465447,26.74481864663969
W_11742333422,58.38405213530644,26.753285856908928
W_11632358537,58.384052191662924,26.69017291024276
W_cluster_13076494601_13076494602_13076494620_13076494621_#10more,58.38405240670197,26.720818493756425
W_3029641397,58.384052574085615,26.744618351898836
W_cluster_12656795246_8157875742,58.3840534585046,26.722087068505356
W_cluster_13076467144_13076467146,58.38405406253021,26.72124892333579
W_9153101260,58.3840580811756,26.708447450517045
W_4209867047,58.3840614207125,26.721204572611004
W_13076467165,58.38406389109423,26.72122541685407
W_4209867048,58.38406607906208,26.72107524910222
W_6445731502,58.38406772455279,26.694546639151397
W_cluster_3029578412_3032698146,58.38406834727389,26.75873271137008
W_2771897634,58.384071702580364,26.7073704608184
W_cluster_12301982512_12336861158_9152285902,58.38407604550111,26.7119418094612
W_12334228267,58.38407658357026,26.708723999089873
W_13076467160,58.38408019050973,26.72136894026863
W_13638523515,58.38408036408875,26.756019833072063
W_13076494608,58.384081759831844,26.720728479331854
W_11832885513,58.384082762224956,26.73123268124326
W_330045802,58.38408396426882,26.69083291873163
W_12651935858,58.38408969350985,26.716814411070047
W_9153101256,58.38409106671446,26.708497114568406
W_9210729375,58.384091570266825,26.688670201982763
W_3868757212,58.38409365013504,26.72148700505662
W_cluster_13076467161_13076467169_13076467170_13076467171_#15more,58.384093734099714,26.720989010581274
W_13076494634,58.384095052343625,26.720852017664
W_10218396724,58.38409512553482,26.7545319079837
W_2771897636,58.38409516213134,26.705966066778423
W_3029578507,58.3840952169047,26.747189584414844
W_4209867050,58.38409684777258,26.720357429898346
W_330045934,58.3841038088136,26.723190399431154
W_2297251119,58.38410497845246,26.720749672627605
W_cluster_13076467158_13076467178_13076467180_13076467181_#8more,58.384110825235,26.721289861047598
W_931723378,58.3841108825692,26.70753670450757
W_10572479490,58.38411319254967,26.69701398717857
W_9153101261,58.384114479723166,26.70832659093415
W_12706575679,58.38411677467337,26.720516486675468
W_cluster_13076467162_13076467163_13076467164_13076467166_#6more,58.384120173356095,26.721169393115115
W_12235749511,58.38412145845583,26.710135012442215
W_12706575675,58.38413140192068,26.72063420000439
W_4209867051,58.38414028713271,26.721043367663682
W_cluster_11836609481_330044787_330045028_6139356661,58.384143553251484,26.729391418329282
W_4209867052,58.38414383251684,26.72073311918331
W_1184743391,58.38414478718106,26.726000019052105
W_cluster_12301353529_12301489621_12301489622_12651935857_#3more,58.384149271215364,26.71694989025461
W_12301489631,58.3841500487389,26.71677339689682
W_13076467194,58.38415195098282,26.72132664684361
W_12287551168,58.38415200696696,26.71249151552397
W_330042734,58.38415597059908,26.75287093489526
W_7868910933,58.38415676669505,26.739668609303457
W_12656795252,58.38415969295311,26.72290830049284
W_6445731497,58.38416101829413,26.69382141369448
W_3029578300,58.3841635266166,26.746260828776702
W_12301489671,58.38416542440643,26.714313739612823
W_10681699638,58.38416565092766,26.69100014066221
W_11832736112,58.38416972931017,26.73451857934822
W_3029578475,58.384173957658966,26.746948232521184
W_12706575670,58.38417427495381,26.720483710092456
W_cluster_11654005625_11832736130_11832805594_6139356650,58.384174638172865,26.732775731951502
W_cluster_6690867672_6809826379_6809826381,58.384175977659474,26.72664210849747
W_12330499858,58.3841765041033,26.708191490275077
W_12706575671,58.38417658970272,26.720515500528222
W_2408603319,58.384179957612695,26.723516270081525
W_9152285878,58.384180452058274,26.715052402145933
W_6445731501,58.38418248919065,26.69419951277584
W_12706575665,58.38418471217034,26.72040992014951
W_330040960,58.38418501728922,26.69068838195918
W_9210620268,58.38418550812875,26.691040668588233
W_402116707,58.38418711270202,26.762449073190215
W_4209867053,58.384189747278185,26.721443151886714
W_3029651097,58.384191988521664,26.7457576702221
W_6925333750,58.384192881525756,26.739628838829333
W_8145251918,58.38419461919345,26.727973485580794
W_cluster_12301489655_330043011,58.38419536750921,26.71440977891006
W_12656795253,58.3842012721157,26.722947307859144
W_9153101253,58.384202658887226,26.708554681098317
W_11753163472,58.38421656694855,26.756136550776564
W_cluster_11832782822_2640930684_4812416863,58.384218950637774,26.733611146599156
W_3868757213,58.38422510277514,26.721428507911966
W_7868910962,58.38422706580007,26.73710474910715
W_9210729374,58.384229571310314,26.688503614354968
W_940352783,58.38423181160314,26.725661076576852
W_3029578164,58.3842332921167,26.771291422976407
W_12706575678,58.3842368147255,26.72053776918212
W_3029651093,58.38423700469542,26.7456313083447
W_2419306840,58.38423808927235,26.722985497573823
W_11832805595,58.38423862881925,26.732709749281888
W_cluster_12330499846_12330499847,58.3842421383828,26.707985217006414
W_12336861165,58.38424263105819,26.7113731942056
W_11836691184,58.38424468949046,26.739576981572075
W_11764661767,58.38424600392922,26.753917258425748
W_cluster_2885002087_3029605931,58.38424673403035,26.74366336924185
W_4209867054,58.3842471736015,26.721417559962067
W_cluster_2933256519_330041155_6920684814,58.384250697205886,26.739793100257767
W_13145785137,58.384255163770895,26.72336399120963
W_7868910931,58.384255809981454,26.73961298378447
W_11836691198,58.38425817912674,26.74007197068666
W_12301353534,58.384258677651395,26.71654866731349
W_7868910960,58.3842589286786,26.737006691434065
W_4999865051,58.384259804439964,26.780595997834297
W_12706575668,58.384260660036105,26.720681575366957
W_6681242689,58.38426711699701,26.723035035427756
W_377110727,58.38426896697398,26.75296847825223
W_cluster_2408603321_6681242690,58.38427173377852,26.723425940005022
W_12336861164,58.384272431468546,26.711444777210602
W_12287565014,58.3842786970993,26.712673984129708
W_9153101241,58.384280163770384,26.708670503289035
W_564767763,58.38428158991965,26.688288360324925
W_12287474393,58.384281876734555,26.71381360438453
W_12287474392,58.38428204762389,26.7136891038475
W_7985771199,58.38428698481144,26.726009177328308
W_2121247093,58.38428807359426,26.722675054997705
W_3029578387,58.38428930993787,26.745376461265803
W_10572479489,58.384291920638006,26.697201768795555
W_cluster_12285339629_12301982513_12336861163,58.38429221598127,26.71161546001498
W_cluster_2771897638_330046474,58.38429425076686,26.706265055239523
W_11832610912,58.384296353231534,26.7314085704855
W_2297251122,58.38429709023026,26.72066555398168
W_12285339628,58.38429768629318,26.711691517227063
W_11836691197,58.38429808050604,26.74003918427708
W_9152285882,58.384311216535984,26.716060509812124
W_12301163728,58.384312398159906,26.715419192366053
W_6445731495,58.38431287303601,26.692873526471928
W_cluster_3029651098_3029651124,58.38431445835303,26.745828786466152
W_cluster_2408603320_2419306841_9149543928_9149543939_#1more,58.38431621979615,26.723189077477745
W_3032698050,58.38431878286475,26.757132522113523
W_9153101242,58.38431900540323,26.708728157316017
W_11832805591,58.38432136152199,26.733060389062064
W_6445731505,58.38432560852687,26.693128229133467
W_9152285906,58.384327295078215,26.712037411118683
W_7868910934,58.384327389669785,26.73974396713346
W_12330499859,58.38432872551733,26.708421104224293
W_12330499851,58.38433013383769,26.70785657013802
W_7868910961,58.384331468863195,26.736773057528183
W_cluster_12651935856_330040915_330042035_8833399321,58.384335075452256,26.717916178895205
W_11836691196,58.38433636209785,26.740004870572797
W_cluster_11742333423_2441482885,58.38433637044718,26.75354980120368
W_11753163474,58.38434036914545,26.756250105628716
W_5528061718,58.384341310882476,26.755001687103288
W_6445731508,58.384342689392184,26.69347250652482
W_1423240138,58.38434289063026,26.781125116063293
W_8145251834,58.38434735152417,26.74024198816627
W_13638523519,58.384348949565045,26.75655872919831
W_12235749518,58.384349486868395,26.71001001057724
W_11832736116,58.38435357559968,26.733304868939364
W_9153101243,58.38435379255385,26.70878020136628
W_cluster_10218396748_11742333438_2151069137,58.38435557031194,26.75560185234988
W_4209867057,58.38435572516094,26.721112296327387
W_330045536,58.38435596285189,26.698459896193846
W_3029578482,58.38435752028743,26.746710745574813
W_6445731504,58.38435862862002,26.693790457698743
W_11832805592,58.38435956318408,26.732988615959716
W_4209867058,58.38435956320474,26.72263191102521
W_2408603323,58.38436137995392,26.72388869071183
W_9264955494,58.38436252236387,26.717817967798407
W_6445731503,58.38436300111969,26.69449329494202
W_3032697565,58.38436379582232,26.7596647803726
W_2885002055,58.38436475128179,26.744472442634894
W_12330499848,58.38436852124048,26.70818768133593
W_11832805593,58.38437190976906,26.732965606567994
W_9152285893,58.3843770621066,26.717080260733695
W_3032698055,58.38437948107179,26.75721829674382
W_2463262510,58.38438490527293,26.70741660654123
W_8145251845,58.38438499996245,26.7402054560856
W_9153101244,58.38438641598624,26.708828672015198
W_7868910959,58.3843865098099,26.7371589719173
W_564767762,58.38438651748567,26.68737626141042
W_3029578500,58.38438699452381,26.751765584555862
W_cluster_11832736131_4812416860,58.384388734318236,26.73328134543968
W_12301489657,58.38439369878128,26.71409590097848
W_3037642074,58.38439415980626,26.752497994129538
W_12336861166,58.384397931019464,26.711297362743903
W_cluster_2408290594_2408603324,58.384397931199516,26.723845309112804
W_cluster_12287474388_12287474390_12299072721_12301489658_#2more,58.38439942772043,26.71396656661442
W_4387531200,58.38439993364811,26.727000535228846
W_11832782829,58.38440151564392,26.73381276597623
W_cluster_4247524852_9171417825_9171417826_9171417858,58.384403100878465,26.691176947004422
W_13548404252,58.38440461125076,26.752980356126926
W_10218396729,58.38440473210032,26.75444476241641
W_4209867061,58.38440682459344,26.721068454985502
W_3029578492,58.384406887115944,26.744163625551185
W_3029578333,58.38441305445777,26.745546585322625
W_2297251124,58.384414348498595,26.721554422809646
W_9153101245,58.38441741808574,26.708875103919343
W_2885002075,58.384421087016385,26.74389844824914
W_2885002100,58.38442671892107,26.745507666332045
W_4209867064,58.384427164859375,26.720716685576974
W_10862718733,58.38442908132504,26.706782284155835
W_330045101,58.384430258491015,26.681289406260667
W_8145722328,58.38443101127753,26.719517319976298
W_4209867065,58.3844319617647,26.72271821884357
W_1296179815,58.38443582939304,26.707494681269765
W_377110775,58.384436796552535,26.752345320382346
W_11742333446,58.3844404154098,26.753710001430452
W_9264955481,58.38444387466052,26.717971745644594
W_2441482886,58.3844452900798,26.753116200379097
W_cluster_10218396819_10218396820_10218396822_12248778228_#2more,58.38444658513942,26.756420217763143
W_2121247094,58.38445061191402,26.72303582036041
W_4209867070,58.38445105858358,26.720594391234616
W_9153101246,58.384452475006796,26.708927317052556
W_4209867071,58.3844540209252,26.722618856406527
W_13548404253,58.38445515393604,26.752781966367397
W_12330499856,58.384466420835544,26.707912049722847
W_1296179306,58.384470987988536,26.706021426988574
W_12651935878,58.38447230694164,26.72297562363077
W_3029578496,58.38447406790704,26.751416784251557
W_cluster_12303835900_12303862001,58.38447701135319,26.71833677183902
W_cluster_12301982514_12336861167_9152285907,58.38447794945532,26.71133399050846
W_12150535238,58.38448076359578,26.700048428441736
W_10687550491,58.38448308326359,26.714426094267928
W_cluster_9150294514_9153101262,58.38448323549763,26.707566115700345
W_11972208043,58.38448589047966,26.738145679938285
W_9153101247,58.3844871718737,26.708979191221886
W_2297251125,58.38448730264449,26.722103152146833
W_11742333444,58.38448752246146,26.7543408933781
W_3029578243,58.38448787551778,26.768070057362113
W_332622626,58.38448851973475,26.752154103924255
W_330045926,58.38448981450243,26.72868007530019
W_12330499860,58.384493268535415,26.708105931385692
W_12301163751,58.384494158376604,26.715892811883936
W_4209867077,58.38449777682743,26.72279209447076
W_11832782834,58.384498912046226,26.73404649553003
W_11807649797,58.3845017323259,26.756704066397425
W_13076500124,58.38450397501541,26.720025343441154
W_13076500140,58.38450655866809,26.72013904885221
W_cluster_2885002045_7913854823,58.38450682669547,26.748322529047822
W_330046023,58.3845075533124,26.727136687831912
W_3029578477,58.38450865632426,26.746698888178805
W_6681220398,58.38450878976041,26.730179913698464
W_4247524854,58.38451507181951,26.691127570692977
W_cluster_12301341123_12301341124,58.3845215130369,26.717621910374344
W_9153101248,58.3845270052044,26.70903854792383
W_13548404254,58.38453588169464,26.753099491888456
W_12299072722,58.384536090519035,26.71423190412187
W_12301341129,58.38453718776167,26.717154567948693
W_13076500141,58.384538881866725,26.7202576493267
W_330041394,58.38454382354581,26.75006218602024
W_12248778226,58.38454689931344,26.756745996439207
W_11742333448,58.384550723288015,26.753810987309848
W_13040900811,58.384557329882576,26.718838065381092
W_12463512777,58.38455945748257,26.70751298275424
W_8881081327,58.384560416390556,26.7256468961799
W_12330499853,58.38456056281285,26.70768245116412
W_9153101249,58.38456116120069,26.70908957168077
W_9153130956,58.384561779727726,26.70940167207389
W_6690867669,58.38456575359449,26.726841576785247
W_2297251136,58.38456678121223,26.72147900038851
W_3029578449,58.38456698233694,26.75102381882577
W_13076500144,58.384567456166884,26.719934714671364
W_2297251132,58.384568052520564,26.72185745021821
W_3029641396,58.38456914826814,26.749830450572063
W_10862718731,58.38457220036401,26.705978001746427
W_12303862022,58.384574781940124,26.717707164049255
W_6681220394,58.38457642273676,26.730949485156813
W_4209867086,58.384578021866815,26.720948760006557
W_4209867087,58.38458221104415,26.722712593366367
W_3029578418,58.38458236475425,26.756597994024844
W_cluster_330043883_6690867664,58.38458403886684,26.72644536075956
W_13548404255,58.38458471875165,26.752901455523222
W_11832782832,58.38458675877126,26.734136473170363
W_13076500166,58.38459347896462,26.719964949401874
W_9153101250,58.38459432534048,26.709138893532
W_cluster_11836691180_11972208052,58.38459496476721,26.73886844318287
W_13076500132,58.384598376658595,26.72023340697674
W_402116738,58.384599348690045,26.75210595494697
W_4209867290,58.38460241796507,26.722794864897246
W_cluster_10218396752_13638523520,58.38460306113947,26.756429400100295
W_13076500153,58.38460481841826,26.720180853803914
W_13076500154,58.38460497804706,26.72000727044632
W_2297251138,58.38460502465467,26.72052220178217
W_5528062208,58.384606078999255,26.750161106342375
W_10577374158,58.384608308323095,26.697796419966796
W_4209867294,58.38460970040293,26.722839785196356
W_8881081328,58.38461079467729,26.725810852200127
W_2512921975,58.38461480573234,26.69170285545161
W_6681242692,58.38461576025315,26.723690888637766
W_cluster_12296093302_12301489659,58.38461817929024,26.713627379399625
W_cluster_13040900809_13040900810,58.38461985610719,26.718721960416516
W_2297251140,58.38462041097509,26.721483537151286
W_5528062122,58.38462317689243,26.755861656985616
W_4209867300,58.38462412864507,26.722824964569053
W_10218358716,58.38462477219973,26.753879049096888
W_4209867302,58.38462915353789,26.720631290770932
W_13076500151,58.3846294752178,26.720120289558356
W_12336782278,58.3846297801471,26.71091461352045
W_10572479492,58.38463176217962,26.696433896938597
W_3029578338,58.38463228011733,26.75074767967282
W_9153101251,58.38463307772393,26.70919689135291
W_4209867304,58.38463871152544,26.72097820869428
W_6681220395,58.38463915036174,26.730838530588034
W_12285163111,58.38464132848956,26.713095157707485
W_11832610915,58.38464635074616,26.731102354925905
W_3029578266,58.384649702263246,26.749779088241645
W_12330499861,58.38465223140527,26.708101197880755
W_6681220397,58.38465266337975,26.73043072311611
W_11832782833,58.384652824084625,26.73433418476922
W_4209867309,58.38465889659048,26.721380110492284
W_12303862005,58.38465982384952,26.718149761018452
W_2408603327,58.38466013060902,26.723691567775443
W_9153101252,58.38466083435514,26.709238049075946
W_6139356806,58.38466110346936,26.733606787118482
W_12285163110,58.38466430305012,26.713046915336754
W_9149543931,58.384667854097316,26.72339992318569
W_13548404256,58.384669401335465,26.753220665028188
W_12336782270,58.38467038779246,26.71083988880563
W_6681190280,58.38467069276941,26.730462223731905
W_2885002010,58.38467090261236,26.743289527231475
W_13040900808,58.38467316749624,26.719031590183263
W_13638523544,58.3846752083867,26.756679100582353
W_4209867313,58.38467612819684,26.720672989600015
W_3029611192,58.384680211636706,26.746158270623262
W_cluster_1184743404_6139356662_6681190279,58.384680552570295,26.730282067471308
W_11742333450,58.384682715414975,26.753932173823387
W_12330499864,58.3846846160005,26.708360192588508
W_4209867315,58.384685417358796,26.721309100242124
W_6681242691,58.38469277460338,26.72366890924929
W_12651935875,58.384694533582085,26.723193980583083
W_4209867319,58.38469535520068,26.723033901992636
W_6681190277,58.38469589151992,26.730400807350108
W_11836674762,58.38469636805327,26.73816515527202
W_12301341105,58.38469917995287,26.71689469306047
W_8145251846,58.38470429190136,26.739983009404654
W_cluster_12285266233_12301982515_12336782269_12336782279,58.384705794782306,26.710928186062166
W_cluster_2512921977_4247524856,58.38470722694332,26.6915166660663
W_3029641402,58.38470922959506,26.74530229216741
W_2885002093,58.3847107078069,26.743163540395706
W_13040900807,58.38471071832824,26.71895330767707
W_13145785147,58.38471125388478,26.730359988022595
W_10218396760,58.38471162486292,26.75589815659181
W_6681242696,58.38471202493596,26.723516211240455
W_377110794,58.38471276182935,26.752372288097956
W_4209867325,58.38471386348182,26.720472943014126
W_13548404257,58.384717522372085,26.75302383020743
W_12330499855,58.384722066377655,26.707925328050408
W_12150535234,58.38472285404145,26.70090949891588
W_13145785146,58.38472291825353,26.728610562526953
W_330040910,58.38472374850489,26.723330223599667
W_cluster_11832782830_11832782831_11832805596_11832805597,58.38472626627822,26.733888474459324
W_cluster_13076500179_2297251148,58.38472784951244,26.722610037146787
W_12296093303,58.38472892981228,26.713831873811134
W_8881081330,58.38473010290935,26.725071986264716
W_6925333749,58.38473452494943,26.74200934235932
W_12330499865,58.38473516019444,26.708232196322392
W_12919335658,58.384736217070355,26.72616542420484
W_8881081331,58.38473952218963,26.72515040999016
W_1296177764,58.384741264926056,26.70489798695202
W_9153101257,58.38474131256513,26.70935829626081
W_12160132379,58.38474246610159,26.72098628230225
W_330045531,58.38474296106237,26.6974239889896
W_10218396793,58.384743949731984,26.75537564646371
W_12285314191,58.384747692901826,26.71082831105567
W_931723386,58.38474860337181,26.70590197019871
W_8153886361,58.38474879076069,26.717234791528902
W_4209867338,58.384749176151836,26.720768181962164
W_12651935873,58.384750984862535,26.723174213372495
W_cluster_12285163106_12285163108_12301489674_12301489675,58.384754056400574,26.713259787442006
W_4247524860,58.384754915379844,26.692000401013555
W_9153101258,58.384755371648076,26.709379386806567
W_11742333439,58.3847558641481,26.753999216280473
W_6681190284,58.38475625980105,26.730620104242945
W_2408290596,58.384758327795424,26.723663266070616
W_9152285912,58.38476230123621,26.71169097560456
W_11742333453,58.38476396188131,26.75400668466959
W_6845239744,58.38476575759155,26.723568464217227
W_3029578421,58.38476840474887,26.749623989918312
W_8881081329,58.384768600166424,26.725391318622734
W_12301982516,58.38477350243533,26.710882483469785
W_cluster_12303862040_12303862041_13040900806,58.384779421688826,26.718909835779307
W_9264955480,58.38478403183326,26.717290603326447
W_11832805598,58.38478559000093,26.733823896071737
W_6139356808,58.384785815645294,26.733327772227913
W_3029578315,58.38478619877898,26.75073479371528
W_8145251843,58.38478646619091,26.740156671636363
W_377114301,58.38478816640896,26.760044118025572
W_2297251158,58.384790420406055,26.721024211611407
W_13378982381,58.38479240808529,26.742744808500092
W_2297251183,58.384792993765224,26.723245882722185
W_2297251160,58.38479508082381,26.720813480941366
W_5528062121,58.384795827219094,26.75596906023204
W_cluster_12301341104_9264955491,58.38479613727213,26.71707827340025
W_7868910940,58.38479813158511,26.74183957048328
W_cluster_11101814964_418438755,58.38479877657386,26.692162827799116
W_13548404260,58.38479977242125,26.753339295797048
W_10921679235,58.38480061170709,26.725702151131255
W_12330499863,58.38480777529052,26.70805442217152
W_cluster_3029606138_330044759_330046544,58.38480887999166,26.741958691283816
W_11832809270,58.38481001138106,26.734252453589406
W_9153101259,58.38481007451464,26.709460854461536
W_11836691175,58.38481228430416,26.736657972113285
W_8145251844,58.38481612708083,26.740211692245065
W_13076500014,58.38481800830889,26.720701112064948
W_12336689711,58.384819850164725,26.71056555002618
W_11836691169,58.384820279333645,26.73661498706568
W_12301489660,58.38482141586312,26.713298916980122
W_4247524862,58.38482215474136,26.691874800688815
W_10862718728,58.38482270918646,26.70485096088022
W_4209867343,58.38482729418702,26.721377072466463
W_10218396754,58.384827316297674,26.755432018204782
W_cluster_330044039_330045022_6681190275_6681190278_#1more,58.3848319390118,26.730646035058225
W_6690867670,58.38483322521665,26.726757762506804
W_13076500056,58.384833711589096,26.72048858365248
W_4578346135,58.38483596442791,26.68503326906496
W_13145785142,58.38483599390634,26.723319083641623
W_13076500013,58.38483627522998,26.720716872345577
W_cluster_2885002049_2885002050_7913854824,58.38483671771178,26.74722703362684
W_680161116,58.384837291013575,26.70950150398374
W_cluster_11832809271_11832809272,58.3848397086886,26.734193913139787
W_12285070469,58.38484166461839,26.71239526440689
W_12330499866,58.38484248487253,26.7083877916438
W_cluster_11836691170_11836691176_6138077560,58.384843105842954,26.736708876754506
W_2510332811,58.38484410708703,26.723332872568935
W_13076500178,58.38484562140217,26.72018424841163
W_6681190283,58.38484667588038,26.73077760653523
W_13548404261,58.38484789660456,26.753143999550243
W_4247524863,58.38484798584721,26.691934602827434
W_3029578406,58.38484890347726,26.752269749420307
W_4247524864,58.38485067116728,26.691706783139804
W_13076500010,58.38485191446973,26.720804480983695
W_3029578455,58.384854402397345,26.751399230002566
W_12336689712,58.38485458692857,26.710635382914028
W_332645292,58.38485563469056,26.726148081016557
W_13076500050,58.3848571550447,26.720406993608428
W_6845239743,58.38485869012247,26.723389707394485
W_10218396781,58.38486207215644,26.7552894907759
W_12301296088,58.38486286348758,26.716831302030553
W_13076500027,58.38486300316427,26.720617470598786
W_13076500051,58.38486832905629,26.72046505134979
W_10219346849,58.384872753094676,26.73983418120276
W_12301296087,58.38487648134391,26.716856503587866
W_2297251171,58.384876535839076,26.72039811832723
W_12301296075,58.38487869069433,26.716515304598516
W_cluster_330043354_4408295941_6809826372,58.38488170948059,26.726245359270038
W_13076500026,58.38488491368449,26.720615416156654
W_12303862042,58.38488788741034,26.71873179804691
W_12285266235,58.38488897477436,26.711267184850936
W_cluster_12651935872_9149386507,58.384889426374514,26.723066071369892
W_2297251182,58.384894597315444,26.721763385004106
W_13145785151,58.38489525982229,26.730689162000594
W_330041405,58.38489701276291,26.751279901641364
W_4408295942,58.3848974885685,26.725979987765772
W_9153130951,58.3848981313887,26.709596261000822
W_13076500018,58.38489878731398,26.720758277724357
W_4247524866,58.384899260503055,26.691818376288715
W_13076500054,58.38490139117483,26.720510793707003
W_12301296077,58.38490766824327,26.716744065656734
W_2297251186,58.38490919893309,26.721002409587236
W_11836691187,58.38491218646102,26.736671251053465
W_6681190281,58.384912523116505,26.73065533982641
W_12303862051,58.384914689770646,26.71842169944559
W_13076500190,58.3849187482446,26.72250438834294
W_7985771202,58.38491929216176,26.72563419064313
W_12301296076,58.38492101440613,26.71676824327988
W_12651935853,58.38492192205841,26.719343601913693
W_10218396795,58.38492634936234,26.75550863296367
W_13548404258,58.38492645376982,26.753454190784044
W_2297251188,58.38492797328343,26.72042695544866
W_8881081325,58.38493415404992,26.72473280826988
W_cluster_13076500186_13076500187,58.38493583513724,26.722597459194834
W_13076500023,58.38493696388414,26.720842972187743
W_cluster_3037641460_330041406,58.38493860514157,26.75063709325274
W_10921770519,58.38493990318436,26.72498416057558
W_8881081326,58.38494079484218,26.725022974820185
W_5528062210,58.38494273200217,26.75049631607876
W_8881081324,58.384944176224764,26.7251756679817
W_3029578398,58.38494732946352,26.773620173399774
W_2408290597,58.38494957160001,26.723384207424402
W_4209867355,58.384951871208024,26.720306711363634
W_330041409,58.38495208804243,26.750827170484886
W_cluster_11836891854_12303869608_8145722326,58.3849553598657,26.719232687324862
W_13076500020,58.38495560410782,26.72098887474861
W_13076500022,58.384959430061244,26.72080739385494
W_10218396800,58.3849608554563,26.755376368040793
W_6445731494,58.384965325677,26.692774308092517
W_cluster_12301489662_12301489676_561082991,58.38496856412925,26.712911391903848
W_12160132378,58.384968648744206,26.72099869082262
W_4247524869,58.384972383775036,26.69107808213422
W_12299202070,58.38497259635073,26.715524182216043
W_13548404259,58.38497377210422,26.753260096750047
W_12285314197,58.38497388759394,26.7109649850464
W_2139961668,58.38498117447126,26.708315161213477
W_2297251193,58.38498325139639,26.72259452165997
W_4209867358,58.38499100937981,26.72161640482998
W_2408603329,58.38499250630067,26.723136065218718
W_cluster_12301296074_12311584733_330042572,58.38499756619486,26.716700077247076
W_6445731493,58.38500048068098,26.69368997986693
W_3032697928,58.38500346289633,26.767501286023975
W_cluster_11832805599_11832805600,58.38501004953398,26.7343915264951
W_12301296072,58.38501034789698,26.716590864756434
W_6445731490,58.38501078222463,26.693490824462653
W_8169768480,58.38501449860855,26.732128402083436
W_4408295943,58.38502007357909,26.725847865681995
W_4209867360,58.38502208950967,26.720339846256497
W_12301125262,58.3850227612423,26.716234190811583
W_11632358548,58.38502349832808,26.6926877797058
W_12336689703,58.38502520235594,26.710183179761724
W_11972208040,58.385028048502214,26.734885806534635
W_12285339622,58.385028113840555,26.71067654556167
W_13378982384,58.385028492588425,26.742858869356745
W_931720419,58.38503018286501,26.70372238361493
W_12301489677,58.38503045267692,26.71267351476272
W_12303862046,58.38503051969883,26.71865233600423
W_330045533,58.38503337047514,26.69437411315857
W_12284845152,58.385033950466756,26.710437413235233
W_13076500067,58.38503488334123,26.720605166359636
W_10218396787,58.385035797759706,26.755442375484638
W_11742333451,58.38503763171877,26.754194952238727
W_6809838496,58.38504123076898,26.72683858510215
W_11927874448,58.38504157665006,26.739952309301394
W_11832805601,58.38504297347426,26.734329712212226
W_cluster_12284845153_12336689704_330043137_9260364941,58.385043598131794,26.710295046341134
W_12320109026,58.385047428196415,26.709804703323847
W_10862718723,58.385050990028645,26.70394248175957
W_2885002077,58.385053985928735,26.749010916028013
W_3029578180,58.38505620046269,26.750328087410967
W_9264955479,58.385057678791476,26.716752440169053
W_13076500073,58.38506149110524,26.72065660371891
W_6445731499,58.38506222153881,26.692618180124803
W_266921071,58.385063369659655,26.690930210093313
W_10218396790,58.3850639583275,26.755326571838733
W_12301982519,58.385064372008216,26.71038620023138
W_cluster_11632348484_11632348498,58.38507086716474,26.69495764861616
W_8881081322,58.38507175005781,26.724564992751276
W_11632348496,58.385077067552494,26.696509424148417
W_4209867365,58.385077747539654,26.721522858074472
W_4578346099,58.38508419180921,26.683857008137593
W_4209867366,58.38508512795627,26.72136477820757
W_12311584745,58.385085400121866,26.716697491807817
W_13556685800,58.38508870806597,26.713901985215777
W_12296055692,58.385102450043476,26.713540339167036
W_12299202066,58.385103294089944,26.716017204671246
W_2151059381,58.385106976525876,26.742672571425295
W_10218396785,58.38510723104,26.754284595111745
W_931720423,58.38510830342697,26.704686619937746
W_12320109027,58.38510838759753,26.709674570006715
W_13378982390,58.3851092332097,26.742767641631904
W_2771897644,58.38511402760547,26.708479953307283
W_12284845162,58.38511568244772,26.710596304521818
W_cluster_11836691192_8157879917,58.38511594284053,26.735781800812283
W_cluster_3032698162_330042679,58.38511942319161,26.764115884882695
W_564767759,58.38512069151163,26.686429158096058
W_12301982521,58.38512357865356,26.710275065386014
W_cluster_12301125260_12301125261,58.385123781953105,26.716427144476096
W_3029578434,58.385124536286725,26.77024055679746
W_cluster_12284845151_12284845158_12284845160_12284845161,58.38512709766596,26.710520620436867
W_10218396809,58.38512901292018,26.75529431180128
W_12311584736,58.38513681897363,26.717002007196065
W_2297251217,58.385142996907966,26.72112985422038
W_7006543547,58.38514311391896,26.705763068059543
W_11632348502,58.385146724466146,26.694565187745457
W_12303869613,58.38515070343794,26.71890260667436
W_10218396815,58.385152881303014,26.755282517190775
W_10921770518,58.385153618078824,26.72471177335766
W_4209867372,58.38515440145066,26.721252727226805
W_12284782242,58.38515809652854,26.713241800933897
W_9152285864,58.38515821855895,26.712454767897547
W_330043064,58.385158348653874,26.71255276105226
W_cluster_11832805603_11832809276_11832809277,58.38516235573255,26.73477158394728
W_13638523524,58.38516447637356,26.75618216958029
W_13076500080,58.38516649385405,26.72090768539429
W_2297251231,58.385166990168145,26.720188202193413
W_11632348497,58.38516745226571,26.694933898142835
W_cluster_12444581183_6681139720,58.385174294902185,26.70584780519359
W_13076500081,58.38517735014361,26.72094368478081
W_12284782212,58.3851793792253,26.71320007043238
W_cluster_6681190256_8881081323,58.385179500695806,26.724719096567924
W_4209867373,58.38518148752657,26.720369710235317
W_10218396758,58.38518155919616,26.753609577626246
W_2408290598,58.385183013624115,26.72297381403732
W_9210729377,58.385183166589066,26.6876642222153
W_10218396801,58.385183361850416,26.754454914103956
W_2297251236,58.38518342053997,26.72129798952016
W_12301489664,58.38518532465595,26.71260675484367
W_12296189861,58.38518627207429,26.715243186759935
W_cluster_10218358699_5528062124,58.38518726238793,26.753773032453044
W_4578346110,58.38518852801915,26.680802513767244
W_330044965,58.38519163120424,26.710024647532585
W_2297251240,58.38519355604183,26.72104411636616
W_12463512782,58.38519409204355,26.707433164788632
W_10218396762,58.385196166164356,26.753919534113244
W_6681348331,58.38519830307374,26.69676833304027
W_12299202037,58.385199149954204,26.715824892155872
W_11238349435,58.38520440426124,26.754374559715316
W_11632358495,58.38520690927945,26.69071278531392
W_11832805602,58.385207513557994,26.734675473967027
W_12296055691,58.38520858946158,26.713329466352338
W_10921731575,58.38521040618453,26.725686314446566
W_9273227159,58.38521493535659,26.71059925402652
W_cluster_12299202063_12299202064_12311584746_12311584747,58.38521566909733,26.71630806132051
W_8153886362,58.385223900067956,26.71800211792718
W_10921731574,58.38522534901265,26.725450362123638
W_10218396812,58.385225879555854,26.75466069729688
W_2297251258,58.38523453211613,26.72167280398441
W_13378982394,58.38523659043565,26.74330440057489
W_12444581182,58.38524507958521,26.70600865882951
W_4209867374,58.38524538396708,26.72034577483252
W_6809838494,58.3852478616153,26.7265276126571
W_9273227158,58.385247878485686,26.710511250939433
W_2885002032,58.385250572004914,26.749321801741473
W_11832736132,58.38525078492632,26.735099962402796
W_7006543546,58.385253928322705,26.705520664921597
W_6809838493,58.38525432456483,26.726441710625156
W_12284678509,58.38525481915541,26.71191680782729
W_6809838492,58.38526382646552,26.726306873309394
W_3032698179,58.38526433173334,26.757544337381802
W_cluster_12301982522_9152285913,58.38526566769546,26.709957855155633
W_13638523542,58.38526583009957,26.757197327903494
W_2151059388,58.38526865380869,26.740761614566654
W_12444581185,58.385268792078975,26.70604830922731
W_13076500092,58.38527246219869,26.721107454919107
W_10921731572,58.38527297980169,26.725421773719468
W_12323502570,58.38527442701045,26.709740758684212
W_2297251277,58.38527572887242,26.721866416242158
W_12320109025,58.38527816014351,26.709327372267353
W_10218396786,58.38527872394947,26.75444347715527
W_2771897655,58.38528041835928,26.707635793012848
W_2297251287,58.38528105361904,26.721175795149076
W_12284678504,58.385283521637334,26.712139413104104
W_10218396816,58.38528477035383,26.754739812654382
W_3029578277,58.385287620142044,26.751974742489672
W_5528062125,58.38528935774323,26.75315339980609
W_10218396814,58.385290384450954,26.754716685993227
W_12299202033,58.38529050927635,26.716035025283063
W_12299202061,58.3852929966887,26.71594162826456
W_6681139719,58.38529413350905,26.705584804487323
W_4247524881,58.38529564769956,26.69284087023835
W_cluster_12311458496_12311458497,58.38529700962139,26.719844106057675
W_561082992,58.38530137033209,26.713490669786097
W_cluster_12299202034_12299202035_12299202036_12299202060,58.38530185689372,26.716008425949294
W_10921731571,58.385303760343476,26.72570303375385
W_cluster_330041153_330042050,58.38531114991108,26.73506085928692
W_12323502569,58.385311412668955,26.70981194135344
W_10921731573,58.38531193205458,26.725660386280534
W_940352605,58.38531456564954,26.724251501065353
W_11832736134,58.38532575304286,26.734912817287633
W_12311486617,58.38532599006294,26.719337998129305
W_12596320841,58.385331621052174,26.726888501333075
W_10218396792,58.38533421680343,26.755705049228
W_11632358497,58.3853352087893,26.690656080582805
W_13638551372,58.385335822894476,26.75744841757793
W_10218396789,58.38533952050593,26.755189899780262
W_6139356819,58.3853398262029,26.732953332025456
W_11632348533,58.38534220877179,26.694546566890246
W_10218396813,58.38534422639958,26.754504418193925
W_13638523541,58.385345065468385,26.757871287069054
W_cluster_2139961687_6690867661,58.385348694700845,26.726513663671778
W_cluster_11632358549_6445731486,58.38535067022935,26.693276323524657
W_12320109022,58.38535819396438,26.709727072995523
W_9152285866,58.38535966950591,26.711972560764284
W_cluster_11836609485_11836609486_330043043_6139356663,58.385363063127514,26.731566009681504
W_10218396817,58.385364917030664,26.75550799260347
W_4209867382,58.385368267997976,26.7212599331099
W_12285339612,58.38537125139996,26.711292317403004
W_7985771198,58.385373158768395,26.72535412620635
W_13638551371,58.38537495921449,26.757293888578147
W_2441482888,58.38537589476741,26.740895420845476
W_2885002089,58.38537723664808,26.744965868377292
W_2662982961,58.38537846484731,26.734994853700623
W_10218396808,58.3853789522083,26.755520550994635
W_1184743239,58.38538895607534,26.72829778086098
W_2771897661,58.38539053305554,26.707793589118346
W_3029578257,58.385391186624325,26.752722914043137
W_12313838923,58.385395698529024,26.716082407750477
W_4387531202,58.38539741002349,26.694305805388105
W_4387531203,58.38539806397549,26.694354027611816
W_3029578452,58.385398537030795,26.75146227061665
W_7985771200,58.385400893692726,26.72530380157247
W_12313838921,58.385403261717514,26.715928770360932
W_13638551370,58.38540853464293,26.757143501948995
W_2297251295,58.38541101079071,26.720678296438678
W_2885002017,58.385416584801106,26.746146139636412
W_2640927204,58.385417475691625,26.73505322120983
W_12320109012,58.38542000151114,26.70949568708019
W_4247524886,58.38542007298933,26.692441822789146
W_cluster_11069721476_11836891856,58.38542957789322,26.720090864130754
W_7267122913,58.385431285231945,26.686250250008374
W_cluster_12284845150_9273227155_9273227157,58.3854327909496,26.710940879668495
W_11632358499,58.38543430992842,26.690633151242462
W_12311486603,58.38543696627908,26.7194036437452
W_12313838920,58.38543996236867,26.715994489370992
W_2441482889,58.38544022700202,26.74028645725071
W_9273227156,58.3854480003015,26.71079521638699
W_12320109013,58.38545113466631,26.7095604190941
W_11632358496,58.38545190134998,26.691895133224353
W_11069721475,58.385452014335435,26.72004177440299
W_12313838919,58.38545213540372,26.716016111189383
W_cluster_12313838912_12313838913,58.385452328151466,26.7159004994649
W_2771897663,58.38545635275965,26.70723620026944
W_cluster_9150299522_9150299523,58.38545858023654,26.705347938233047
W_cluster_10219389418_11836691191,58.385458945546006,26.734867523618743
W_9152285918,58.38546511734318,26.710063277132488
W_cluster_12248778224_12248778229_12248778259,58.38546628429947,26.757379626764614
W_10218396798,58.38546772712696,26.755822643560386
W_11632348503,58.38547066748487,26.694292344999493
W_12311584751,58.385472818568296,26.71692047536842
W_12651935852,58.38547305354435,26.720339868400462
W_940352850,58.38547527624064,26.724015434990328
W_3029578403,58.38547877861631,26.74963588726921
W_6681190241,58.3854808978614,26.724415580346168
W_1374524805,58.3854814910248,26.713147509031295
W_6845239746,58.38548795237154,26.724354812838854
W_12284678506,58.38549126746887,26.711701103529627
W_11632358498,58.38549359698328,26.691456099911754
W_12919278492,58.38549376602791,26.7224714829007
W_7985771203,58.38550601270693,26.725739259336425
W_10218396811,58.38550899937467,26.754906540891266
W_6681190258,58.3855092018394,26.724379445139675
W_11632348527,58.385513015499974,26.695669214000954
W_13076500107,58.3855132134506,26.721210903719648
W_9152285863,58.38551356109427,26.711669795752698
W_cluster_12296189854_12296189855,58.38551696510523,26.715643960890663
W_2885002004,58.385520589102214,26.74456361813445
W_10218396810,58.38552456505214,26.754920969710852
W_cluster_8750856890_8750856891,58.38553172070245,26.764384200809758
W_11058132250,58.38553297165906,26.72022156046026
W_12315761150,58.385533317437755,26.715808522863586
W_12651935851,58.38553562372736,26.72044899784773
W_12311486621,58.385536384768955,26.71940028890802
W_12248778223,58.385536628228124,26.757626611306605
W_11632358491,58.3855371609687,26.68668370469742
W_2885002013,58.38553783548608,26.74860557929078
W_11632358501,58.38553840421807,26.69081831129161
W_cluster_3029578545_330041270,58.38554112450982,26.75204444986293
W_10218396791,58.385541230090496,26.754852787698812
W_12596320843,58.385543911974146,26.726873007699883
W_10218396782,58.38554437859979,26.755890180276108
W_8157879923,58.3855447086204,26.736036665711154
W_12303837738,58.385547075446354,26.718419054188118
W_12284745560,58.38554777561221,26.71298740789191
W_12320109011,58.38555060247025,26.709380884019183
W_11632358504,58.38555288053943,26.69213026253409
W_2297251320,58.38555827829317,26.721448267959737
W_2297251322,58.385559473711766,26.721957218371372
W_4578346113,58.38555977614,26.680566228362107
W_6139356821,58.38556588883308,26.732779575935748
W_11632348536,58.38556795967673,26.694715808002684
W_cluster_13041416812_330043894_9498399213_9498399214,58.38556848754659,26.72036271402092
W_12596320844,58.38557052970266,26.726761809011386
W_13041416813,58.38557061298499,26.72051353817363
W_11058132248,58.38557161969616,26.720234081050755
W_11927874433,58.38557230080865,26.741151880838757
W_13638551368,58.38557360500969,26.757469873172365
W_11632348513,58.38557541504908,26.694452370149833
W_12320050832,58.38558110185193,26.70920584904716
W_11836609488,58.38558247170142,26.732806813961346
W_11632348529,58.38558265862785,26.69500453673134
W_12296189851,58.38558944841356,26.71540223705463
W_10219346845,58.385589680498335,26.7396229925207
W_10218396807,58.38558990772537,26.756878198313974
W_11632348509,58.38559163523703,26.693835183250375
W_330042639,58.38559299171549,26.730496917372314
W_11632348535,58.38559372482799,26.695238912093334
W_cluster_6681190276_8606900261,58.38559666657617,26.72857888232512
W_12596320879,58.38559952414505,26.726628016915136
W_10218396788,58.38560398400058,26.754744779806913
W_11927874453,58.385604325202635,26.73958115534285
W_2885005306,58.38560441504603,26.74811598408819
W_13638551369,58.38560757683047,26.75733897958988
W_2297251338,58.385609392604,26.72124605940071
W_9152285852,58.38561040992923,26.71887551948765
W_9273227148,58.385613548978256,26.711161729225555
W_cluster_12296189852_9264955488,58.38561488080377,26.71544923421196
W_330043841,58.38561898892868,26.74342099555903
W_3032697543,58.3856216488886,26.76076187874661
W_12315761151,58.3856237775046,26.716220812926217
W_12919278490,58.385624913038356,26.7224790038883
W_12120159249,58.3856262093121,26.764336881854494
W_7985771211,58.385626837139654,26.724744685102852
W_11069721472,58.38562742063005,26.71926035420846
W_cluster_12301982523_9273227178,58.38562936111668,26.70929746164025
W_10862718740,58.385630319089266,26.70054968327134
W_11836891828,58.38563291816459,26.720377767086894
W_931757639,58.385633051981884,26.701181586205454
W_7985771209,58.38563556393499,26.72496061765012
W_6681190245,58.38563563135608,26.724239931260144
W_11836891826,58.385636286675684,26.72035738883127
W_2297251350,58.385637216330075,26.721691693798274
W_6681348333,58.38564018789756,26.69634776014238
W_2297251354,58.38564332049534,26.721607502964698
W_12315761152,58.38564533174979,26.716179594557524
W_cluster_11998872035_3029578328,58.385645681713896,26.74536548976582
W_7985771210,58.38564570201463,26.72453743068278
W_9273227147,58.38564649287692,26.711073896686525
W_10219346844,58.38564750834969,26.739704827847554
W_3868757215,58.38564777873528,26.700180811821202
W_6681190243,58.38564841399807,26.72416988355535
W_12596320882,58.38565051646234,26.7267435752118
W_9273227184,58.38565348115341,26.709913626431554
W_7985771208,58.38565421184495,26.724944909500888
W_12444581188,58.38566181794915,26.704795210326232
W_3032697834,58.38566616845658,26.767329495116993
W_cluster_11632348511_4387531204,58.38567111720995,26.694284453891136
W_10862718712,58.38567697933762,26.701184806171774
W_4247525594,58.3856821028528,26.692120927514278
W_12296053054,58.38568291022004,26.714780160995485
W_10862718739,58.385686406759376,26.700337482433685
W_10218396799,58.38568948039765,26.754928376923022
W_12284745547,58.38569266789273,26.713437558390176
W_7985771197,58.38569463316244,26.726330899809813
W_12120159246,58.38569685663725,26.763975041469998
W_4387531206,58.385697258857775,26.694474917573892
W_3029578499,58.38569818122604,26.751472476480835
W_12120159245,58.38569899365349,26.76367266052604
W_11632348530,58.38570300215203,26.69469890716474
W_9273227181,58.38570449846012,26.709518146223903
W_5528062220,58.38570738938402,26.749743379420423
W_6681190268,58.385708971217696,26.727495449530714
W_11632348528,58.385710047830784,26.694979665005306
W_11238349433,58.385710691604636,26.75484220574739
W_11632348544,58.38571150964149,26.695745490541025
W_12444581187,58.38571583475456,26.704889505388852
W_10219389419,58.38571771156108,26.735218571585808
W_9152285853,58.38571876178204,26.71905491484219
W_11632348524,58.38572016386397,26.69538096727138
W_12296036494,58.38572165596138,26.714392824805024
W_9152285842,58.38572173383566,26.71811820231448
W_4209867389,58.38572280918315,26.721732406995574
W_12317699173,58.385723972951666,26.70844379485759
W_2297251362,58.38572438252949,26.72134058263118
W_3032697844,58.38572756340429,26.76251157200728
W_8607617739,58.385734869369934,26.727003902831413
W_8750899242,58.38573680953931,26.763236814416338
W_8607617742,58.38573889585124,26.726954617303626
W_12320050829,58.38574059471282,26.708762272459232
W_cluster_11069721469_11836891829,58.385743550335555,26.72065651310177
W_11836609487,58.38574658886557,26.732388107495247
W_12315624673,58.38574832566526,26.715237630954096
W_2297251385,58.385748915639375,26.721553311997546
W_8607617741,58.38575736455395,26.72672838300335
W_8607617740,58.38575946390968,26.726702029319284
W_cluster_330046471_757390981,58.38575952403774,26.70034062481967
W_cluster_12284745550_12296036497_9273834508_9273834509,58.38576130090122,26.71360443276676
W_6690867660,58.385762002478735,26.726671054629723
W_8750856906,58.385767318459806,26.76439066780179
W_9152285846,58.38576853423968,26.717672486393646
W_8606900256,58.385769157796304,26.728812371075684
W_10681699644,58.38577031869048,26.690004950311604
W_2297251389,58.385771981339424,26.721504217797097
W_cluster_12301982524_9152285919_9273227211,58.38577628127806,26.709012526396226
W_2297251390,58.38577997221935,26.721626948981335
W_6681190244,58.38578082029972,26.723761474310635
W_cluster_12284845149_9152285859_9273227146,58.385781763825015,26.7114363845904
W_cluster_11836609483_6139356823,58.38578330925827,26.732381330523634
W_12315624674,58.38578538630486,26.71530351801073
W_12317699175,58.38578823675705,26.70854279975693
W_11632358542,58.38578997764831,26.694223567503794
W_377114293,58.38579143336671,26.760924055484825
W_9273834513,58.38579255721962,26.713524311847454
W_10681699643,58.38579541180161,26.690130602945825
W_8606900264,58.38580146637908,26.728122560068602
W_6681348335,58.38580231777048,26.698482612485467
W_cluster_330040871_4247525597,58.385805157800306,26.694111245158243
W_931759622,58.38580801204607,26.700450523298887
W_12296053013,58.38581016003744,26.71404647250117
W_2885002072,58.38581309195489,26.747632041956624
W_9273227145,58.38581341932493,26.711294861272258
W_12320050828,58.38581510401254,26.70890377823256
W_12120204072,58.3858153852677,26.767595307488516
W_7006543545,58.3858158555868,26.70429060323943
W_12313838914,58.38581642087985,26.71658097877972
W_3029578436,58.38581903487912,26.74937831066618
W_2297251397,58.385826233617315,26.721547229957824
W_12301982525,58.385829948827606,26.708993955993694
W_2297251398,58.38583001029925,26.721301440486425
W_11069721470,58.3858353592169,26.720458597981995
W_8750856910,58.38583714999993,26.764073468410515
W_10862718710,58.38583947437374,26.700538846453075
W_4247525600,58.38584218699194,26.693933744749526
W_9273227210,58.385842217905214,26.709017798151223
W_1296174206,58.38584428571325,26.7002918485023
W_cluster_12315624655_12315624656_12315624686_12315624687_#2more,58.38584469141605,26.715073185418134
W_12315624678,58.38584477022398,26.71547235216941
W_12315761177,58.385845210061134,26.716521573939993
W_8750899247,58.385847959556884,26.763506114292987
W_9273834510,58.38584868689287,26.713401575379844
W_3032697885,58.38585175558885,26.769531556991712
W_4247525603,58.3858538862678,26.690355327539816
W_9273834485,58.385858792980514,26.713824262144648
W_6681139721,58.385860835728884,26.704360859301737
W_6681190272,58.38586100949018,26.727106568091983
W_8157875816,58.38586623362501,26.738042413858786
W_12313838916,58.385866966180565,26.71673398094422
W_10862718709,58.385867691871546,26.7004301786628
W_3029578385,58.385869573890226,26.748310770023828
W_11057097958,58.385869852757445,26.720378286337297
W_3029578417,58.38587221459025,26.749934441618276
W_2297251403,58.385872297117565,26.721459132159847
W_cluster_12313838917_12315761166,58.3858749598132,26.716693384405755
W_2640927203,58.385875399357516,26.735726867091586
W_8750899246,58.38588125356437,26.76334530108002
W_2297251405,58.3858867351815,26.72128371972818
W_10921778981,58.3858868872108,26.72563984596113
W_12296036491,58.385887653820774,26.714481783188635
W_12317699163,58.385896592163675,26.70875688207296
W_8750856916,58.385902112803436,26.763746552012325
W_9273834489,58.385903213109266,26.713726590187633
W_10862718708,58.3859126368554,26.70029246588503
W_8606900253,58.38591408626181,26.72900861940528
W_9152285920,58.385931335347955,26.70938288314212
W_4812497521,58.38593155925935,26.721741024367535
W_12284845157,58.38593650121224,26.711988552388508
W_10921778978,58.38593759998862,26.725582501433728
W_10219389421,58.38593813622741,26.734966370768166
W_12315624690,58.385943552762434,26.7153444863496
W_12313838915,58.385947356463745,26.71681765096896
W_10921778977,58.38595283467386,26.725566648965685
W_10921778982,58.38595558632706,26.725845053593485
W_9152285839,58.38595742658251,26.718411679401903
W_9273834486,58.385959070474826,26.713602487677125
W_2110802926,58.38595948363158,26.742706553182845
W_3029578244,58.385959569017956,26.748997471277292
W_9273227136,58.38596476672707,26.711657391557388
W_8750856914,58.385970311560534,26.76342149399624
W_12249866598,58.38597145848443,26.710323866597225
W_cluster_11632348523_11632348525,58.38597164676907,26.694927638813805
W_8606900255,58.385972485239336,26.72884775155435
W_cluster_8750856896_8750856897,58.385973568940855,26.76440930218925
W_12315624657,58.38597975639921,26.71526723409255
W_12651935869,58.38598189142643,26.72138541218425
W_cluster_8750899263_8750899264,58.38598592358691,26.764778630045086
W_cluster_12301982526_9273227223,58.38599718098554,26.70863633637809
W_10921778976,58.386005483914815,26.725784466127738
W_8750899226,58.38601181877524,26.764207752628145
W_11654005619,58.386012468442644,26.696231856058038
W_6681348334,58.386016553841976,26.69788356908921
W_8750899245,58.38601769375933,26.76310803286318
W_2885002041,58.386018313587904,26.74703661149359
W_9273227138,58.386018572092894,26.711301052062275
W_10921778975,58.386020270286814,26.725768959243176
W_9273227222,58.386023787711025,26.708685200798644
W_cluster_12284845155_12284845156,58.38603111707613,26.711806666937353
W_11058132252,58.386033465326875,26.719173155295334
W_12296036480,58.38603540935649,26.71452608153633
W_9171417833,58.38603743201108,26.690376978270734
W_8833396987,58.3860395820386,26.71733956055544
W_4849102024,58.3860422993659,26.719310759243772
W_cluster_12296036489_330040914_9264955475_9264955486,58.38604269831285,26.71465326437886
W_5528061698,58.38604499363654,26.75992150989968
W_cluster_11632358562_330046420,58.386047623198735,26.699025401506017
W_9171417839,58.3860484054827,26.690569455169616
W_931757642,58.38604933078161,26.701212954528597
W_6845239737,58.386052358925895,26.721533305209284
W_12301982527,58.386053659895275,26.708590207249358
W_10921778980,58.38605458669396,26.725730212541684
W_3029578262,58.38605782862205,26.750146907561188
W_9264955476,58.386057998053325,26.714747888064544
W_9274208408,58.38606280099204,26.714162605385777
W_9264955485,58.38606382117352,26.71445898162108
W_12919335675,58.38606755222279,26.724322414276177
W_11836891825,58.3860680899539,26.719357927987502
W_10921776931,58.38606966206712,26.726185703168262
W_12919278487,58.38606967716118,26.721691194822426
W_11836609497,58.38607152322145,26.73298200663337
W_9743095010,58.38607178134062,26.71923903702528
W_12296036481,58.386073791353304,26.714378690797133
W_cluster_11632348520_11632358544_4247525607,58.38607503620373,26.694706296020076
W_cluster_330040907_330042301_9150113700,58.3860796953594,26.721424318519432
W_9152285847,58.38608000846832,26.71820000091611
W_8750856899,58.386080387729685,26.76388799375862
W_3032697590,58.38608249152418,26.76813791903547
W_10862718734,58.38608495334849,26.700582771403816
W_4247525609,58.38608999258921,26.694612958598334
W_7985771212,58.38609176646774,26.725476808412978
W_8750899252,58.38609551464382,26.764787477797643
W_9273834476,58.386097320459555,26.71201050076845
W_9152285836,58.386097603699234,26.718809219366044
W_11836891824,58.386100621508795,26.719284300262675
W_11057097974,58.38610103259072,26.72082881548356
W_8833396995,58.38610138980607,26.717875910746987
W_6690842272,58.38610182526021,26.721523166980308
W_10921776932,58.38610211216254,26.726282251304585
W_10921778973,58.386104700853096,26.725812770202623
W_8606900259,58.38610923034998,26.728148923945856
W_13638551374,58.38611155631519,26.758159682525328
W_5332067032,58.38611708696659,26.75473813979262
W_cluster_12284845148_9273227129_9273227131,58.38611712287415,26.71190977712548
W_11069721449,58.386117502924215,26.718586558554545
W_10921778974,58.386119731276416,26.725827361640107
W_8881075916,58.386121857744456,26.72397344333647
W_12317699142,58.38612495450464,26.708345054526884
W_cluster_8606900245_8606900248,58.386131162597884,26.72930231323945
W_1296175039,58.38613290411426,26.699083165395635
W_11057097951,58.38613298431449,26.719666795393703
W_4578346111,58.38614005211959,26.682290553441447
W_9273227132,58.38614076736932,26.711760280097323
W_cluster_11836609495_11836609496_11836609505_330041137_#2more,58.38614313071006,26.732950681122293
W_cluster_6681190238_7985771227,58.38614350998494,26.72636299609479
W_9264955474,58.3861438160703,26.71456608046885
W_8750856901,58.38614390829209,26.763558519056485
W_cluster_11058132241_11836891823_330046353_9152285835,58.38614597660297,26.71903766491996
W_9152817632,58.386146597527855,26.703725164858117
W_10862684002,58.386146923397575,26.69927784284257
W_13638425289,58.38614826671287,26.758527817117358
W_8750899251,58.38614942937896,26.76450800763921
W_cluster_12296036482_12296036483_330042521_9260364942_#3more,58.38615261445757,26.71436300346542
W_940352611,58.38615463439616,26.723304482193754
W_11836609504,58.38615603359328,26.733151537112278
W_10921778979,58.38615979368149,26.72587151709198
W_330042694,58.38616018633982,26.757990548847907
W_6139356906,58.386161534757896,26.737992508725537
W_10862718735,58.38616305582443,26.700566888363703
W_cluster_3029578360_377108045,58.386166898662324,26.74975021522192
W_12919335669,58.38616721351738,26.724933390867573
W_12284845147,58.38616758008883,26.712061064409603
W_9273227130,58.386169254381,26.71180707943235
W_12919335670,58.38616933270079,26.7249164429559
W_1808532387,58.386176362061036,26.761587932198537
W_8750899225,58.38617850305468,26.764347051126123
W_12919335671,58.386178679443205,26.724877376617343
W_6681190236,58.386179234237346,26.726773349054334
W_6690842271,58.386179377570706,26.721377013938074
W_4247525612,58.38618382899616,26.693250791238363
W_8606900250,58.38618441048855,26.729083849142242
W_12315333498,58.386189782725566,26.71552669604701
W_7985771204,58.38619017144459,26.726090876832473
W_13638551373,58.38619155019535,26.75785761917506
W_8750899223,58.3861953475707,26.763301809442492
W_11836891831,58.386198999779275,26.72102506170588
W_cluster_1106176234_325137488_6681190274_6690867659,58.386200573326846,26.72662969446658
W_2640927478,58.38620443104811,26.736311704149145
W_8750899243,58.386205566242296,26.763242224520745
W_11069721446,58.386214304543465,26.71874124895758
W_12248778221,58.38621492980325,26.758252696340787
W_10921776930,58.38621631553298,26.72567474232264
W_cluster_6681190273_8606900275,58.38621917610252,26.72714040104569
W_7985771213,58.386219265564804,26.725626319451415
W_12919335672,58.386222383248665,26.724776815873227
W_cluster_8750899254_8750899255,58.386224863383376,26.76499116190928
W_11836609506,58.3862258929964,26.733014018794837
W_1296174220,58.38622686689073,26.70023917709407
W_8157875814,58.38622799034725,26.73807650207143
W_11057097954,58.38623012227406,26.721087582037832
W_6681190239,58.386230527731676,26.725391244094055
W_9171417834,58.386235372025425,26.690222689457226
W_11069721447,58.38624188786618,26.718786692999807
W_8750899275,58.38624310918384,26.76402116060302
W_12315948743,58.38624542221312,26.719415523013257
W_12323887296,58.3862465831684,26.741882689090225
W_3032697627,58.38625002187184,26.759145033456655
W_8881075915,58.38625071497021,26.723627137638424
W_6681190270,58.38625329577193,26.72759985213997
W_12284879276,58.38625691473184,26.71224675351619
W_8607538452,58.38625698788147,26.728069457739878
W_8833396996,58.38625759054176,26.717555018058878
W_11057097972,58.38625790970779,26.72114465600578
W_12315357728,58.38626260312591,26.714951979171175
W_1106176210,58.386262915029896,26.725332501884058
W_12196591423,58.3862709718901,26.71423343587821
W_7006543532,58.386272848216805,26.698591302640104
W_cluster_12248778257_5273715815,58.3862737484121,26.758009267823525
W_12919335674,58.38627406645742,26.724669693755672
W_11069711600,58.38627542106939,26.71794327316568
W_cluster_12315357729_12315797870,58.38627834835124,26.71488361318048
W_cluster_11064369092_11836891822,58.38627933091647,26.71878211936508
W_cluster_3029578476_377108163,58.38627951873927,26.74947013413235
W_12120159382,58.38628138691242,26.754799423333573
W_8750899244,58.38628253348567,26.76333696953411
W_4812497554,58.386283127061624,26.72109383359546
W_12196591422,58.38628475920178,26.714253847368784
W_10921792538,58.386285254863786,26.725279310487732
W_11086804558,58.38628652879254,26.76911963000272
W_4247525615,58.38628747823845,26.694341373981693
W_1296176311,58.38628786288402,26.698827018212473
W_10862683999,58.38629226289189,26.698597464951206
W_cluster_11632358560_330046500_330046501,58.3862954405522,26.698268556441107
W_cluster_12301982529_330044963,58.38630179809852,26.708067560192816
W_8606900247,58.38630668262475,26.728887258984404
W_10921792533,58.38630777430354,26.72522611762724
W_12248778220,58.38630993178397,26.758335848513845
W_cluster_12373471461_4247525616_4247525617,58.38631299478677,26.69498574752928
W_cluster_6681190262_7985771207,58.38631520534375,26.725760000148572
W_11064369066,58.386315816767414,26.719570083780994
W_4247525618,58.38631679167133,26.691544856522672
W_12120204071,58.386317190271214,26.76513626099052
W_cluster_12284879275_12284879277_9273227119_9273227122,58.38631820455504,26.7121826329933
W_1106176222,58.38632171486302,26.725193172391798
W_9265133508,58.38632176748118,26.714416877125007
W_8750899274,58.38632201798544,26.763707658044712
W_8881075914,58.38632239824288,26.72309126826393
W_4812497525,58.38632247831177,26.72122316002758
W_9273834478,58.386322569376915,26.713729862438083
W_8750899217,58.386331912700335,26.76371580106907
W_cluster_9265133511_9265133512,58.38633322289385,26.713995891406043
W_9265151056,58.386333933678884,26.71487888900195
W_8606900274,58.38633535339326,26.727161908149597
W_8750856902,58.386336928192975,26.764098008311365
W_11750807553,58.38633835837936,26.732333172966527
W_8881081320,58.386339073033696,26.724535103427726
W_9273834479,58.38634185567211,26.713759293552034
W_12284845146,58.386342263009034,26.712297194991223
W_6681190240,58.38634239175206,26.725118444577515
W_11057097952,58.38635355903096,26.720524447475235
W_323377928,58.38635456333125,26.72610465263584
W_13638551376,58.38635461376225,26.75816862242779
W_11069721436,58.38635750356004,26.71838830993225
W_13638425288,58.38635778766946,26.757661853352335
W_4247525622,58.38635889280686,26.692207725960248
W_11069711598,58.3863590545544,26.717746268427785
W_11654005624,58.38636165765405,26.696301710794955
W_9265133503,58.38636204840123,26.714758944359065
W_4247525624,58.38636701344559,26.693647177326667
W_12120159250,58.38636725346519,26.75863201403592
W_3629768715,58.38637077140164,26.698296303369894
W_9273834480,58.386376102272784,26.713811520922597
W_cluster_11069721437_11069721438,58.386376612166224,26.718419113232258
W_12919335661,58.38637686555845,26.724943901508524
W_12919335673,58.386378091047575,26.724845381342607
W_8157875790,58.386378412301255,26.727348164335087
W_4247525625,58.386382222525235,26.69482643813439
W_12919335659,58.386384961772556,26.725117258261225
W_8220974,58.38638786044222,26.726639875138314
W_8881081317,58.386388058306906,26.724426462414648
W_9273227226,58.386388718363335,26.70829481908151
W_13638551375,58.386389920584875,26.758030876472617
W_11750807555,58.38639638636716,26.732379594334112
W_9273834462,58.38640388262557,26.71354244367631
W_12444581199,58.38640678386254,26.70228756458985
W_9265134915,58.38641577619599,26.708226185417036
W_9273834463,58.38641758099772,26.713563197746762
W_9152285924,58.386418355045386,26.71714549472336
W_330045102,58.38641862917966,26.68000451074823
W_cluster_297305175_325233595_680161167_966164031,58.38641880936349,26.72557209401444
W_8606900240,58.38642389970394,26.72969856005874
W_cluster_11057097953_11836891832,58.38642726157004,26.72067265681746
W_3029578176,58.38643195663989,26.752484403704585
W_6681190234,58.386440194838386,26.725115631372628
W_9264582424,58.386448287316064,26.708146389923588
W_12919335665,58.38645107481357,26.724535940474937
W_cluster_12315333496_12315797869,58.3864519643893,26.71504622593144
W_9273227125,58.386454105498174,26.711747633373662
W_cluster_330046495_7006543540,58.386455326280924,26.69880883020951
W_9273834450,58.386455657076745,26.712518092176555
W_1106176248,58.386461521939985,26.725176521656856
W_cluster_11632358557_330046477,58.386468004108856,26.69778496045943
W_9273834461,58.386472823849616,26.713365214951835
W_cluster_12284845145_9273226314_9273227267_9273834449,58.38647723773974,26.71240914407829
W_10921792557,58.386478275409786,26.725198795733714
W_9273227266,58.38647842464477,26.71221775636751
W_cluster_12919335664_477367418_477367419,58.386479099638294,26.724704182476952
W_4812497527,58.386479584086366,26.720901588915016
W_12596320809,58.38648018521961,26.72714283203346
W_9273834465,58.38648535505154,26.713386149488162
W_940352827,58.38648613156576,26.722883385721634
W_12249884508,58.38648702400021,26.710175635769637
W_cluster_9265151017_9265151018_9273834464,58.386489801738044,26.71356722995903
W_5332067045,58.38649109633121,26.758291852961243
W_9265133513,58.38649132879738,26.714210788464044
W_11750807554,58.38649372917386,26.73245735791193
W_9152285832,58.386494693141145,26.715844401804294
W_11064369094,58.386499803792915,26.718852879602544
W_11057339278,58.386500168973576,26.720950681800204
W_10921792565,58.386501603641,26.72522956999911
W_9265134916,58.38650776747984,26.708353353297294
W_12323895302,58.38651005496887,26.7411472341192
W_8606900237,58.38651479643293,26.729572502598746
W_12444167452,58.38651483646027,26.70290850540414
W_12120159384,58.386519036988496,26.758058211503304
W_9265151020,58.38651943135649,26.713442482718314
W_9265151055,58.386521683227386,26.715056096245263
W_2139961709,58.38652340062493,26.725258303898773
W_9273227264,58.386523615528155,26.710072719898683
W_377108024,58.38653425406203,26.74870007910077
W_7006543544,58.38653776674703,26.702726682649857
W_8157875788,58.386542711827715,26.727149874315938
W_9273226313,58.38654960082291,26.71231654291745
W_12315357704,58.386552125703204,26.71521541827164
W_6681190231,58.38655257482214,26.72529279536683
W_6681190233,58.38655285843878,26.72559277317668
W_3029578272,58.386554759700545,26.750137749643223
W_9265151021,58.38655538034318,26.713492814950328
W_12315797868,58.38655595424765,26.715200337096924
W_9273227265,58.38655622066307,26.710113327646773
W_9273227227,58.3865574070141,26.70853816510906
W_9171417837,58.38655750307714,26.690839152090533
W_9265133502,58.38655841226308,26.71493249005217
W_2640927479,58.386558431196825,26.73689773435844
W_8606900232,58.386560990622336,26.72988427193448
W_4578346136,58.386562621989576,26.682393987326524
W_8157875791,58.386566273054235,26.72686869617291
W_332637621,58.38656666034743,26.70279245575909
W_11750807547,58.38656835283552,26.732236168963613
W_cluster_11064369075_11836891821_8833396993_8833396994,58.38657190390556,26.718066439703765
W_12444167453,58.38657407574483,26.703007886756993
W_8157875787,58.3865758126063,26.726751298361517
W_9273834456,58.38657704833632,26.713101501796803
W_3029578467,58.386578350159006,26.752295591402785
W_12315797872,58.38657946550157,26.715110358705036
W_9273227237,58.386579528447534,26.70981606344403
W_9273227228,58.38658453221758,26.708459611210614
W_9273834468,58.38658786583979,26.713119200712548
W_3629768720,58.3865897502583,26.698490600997143
W_9273834455,58.38659893439702,26.71304847688033
W_9273227174,58.38660088407091,26.709846672831976
W_9265172917,58.38660120110745,26.708482904309918
W_11836899826,58.38660937872253,26.72028897272547
W_11064369081,58.38661239044313,26.7185065100556
W_12317699148,58.386616611436494,26.706813214896506
W_2662982962,58.38661833071673,26.736981604367912
W_9273227238,58.38662070781543,26.70987507148894
W_cluster_9273834466_9273834467_9273834469,58.38662550132942,26.713120434368896
W_9265151019,58.38662690643782,26.7137084126579
W_cluster_477367417_5409595804,58.38662883548708,26.72479400194028
W_4578346130,58.38663125759281,26.680990778594833
W_3029578366,58.386634509984276,26.751057479126263
W_9264562305,58.38663721396092,26.708402566653955
W_cluster_11836891833_11836899827_330046347,58.38664040637183,26.72030788208027
W_3029578546,58.3866451258246,26.752131963958398
W_8607538490,58.38664571007131,26.728154373681107
W_8607538444,58.38664670466603,26.728665906797378
W_cluster_12301982531_330045281,58.3866504751479,26.707246657932853
W_cluster_8157540217_9265151054,58.38665155935093,26.71517853016249
W_1667166081,58.386652229080276,26.70297507676862
W_9265151023,58.38665420450271,26.713625414492263
W_cluster_8154398161_8154398164,58.38666368413904,26.73384874156934
W_11836899828,58.38666523528526,26.72040842032371
W_8606900234,58.38666938522051,26.729580212785926
W_9264578917,58.386670310408874,26.707279843832183
W_9265133489,58.386675184414514,26.71505896294186
W_6681228783,58.38667690174283,26.722635268750114
W_9265151026,58.38667858422828,26.713161391875612
W_3029578274,58.38668509219126,26.771957093414986
W_12599225271,58.386690030229644,26.72770850765175
W_cluster_11836899829_11836899830,58.38669256984499,26.720463616747445
W_9264955482,58.386693501156884,26.71284401569478
W_9265151025,58.38669641831473,26.713183993683856
W_12599225277,58.386696816851206,26.727563253496974
W_12599351278,58.38669776261646,26.727543407081424
W_12599351277,58.38669940542996,26.72751346470034
W_cluster_11086804553_3032697926,58.38670246118088,26.765410079153646
W_3032697835,58.38670260798089,26.757339668225207
W_12599225279,58.38670302647155,26.7271048533925
W_12284845144,58.38670385785381,26.71281639616724
W_12599225278,58.38670485901207,26.72707969827538
W_8607617717,58.386708023245816,26.72814551391966
W_324808038,58.3867095215127,26.725982011066147
W_12315797867,58.386714516608365,26.715338617076497
W_966095054,58.38671567186082,26.724912360368936
W_8607538461,58.38671655248277,26.72810166537876
W_12599225275,58.38671671838903,26.726912855326013
W_12315885336,58.38672096639309,26.71784821686436
W_332637624,58.38672105400478,26.702444484882406
W_323377943,58.38672570997874,26.726791185587288
W_9273226298,58.38672813306178,26.711867511147528
W_cluster_11058132251_11064369073_11836891820_9152285922,58.3867300728514,26.71770106080022
W_12444300889,58.38673153314034,26.706637813499572
W_cluster_11750807524_11750807548,58.38673356539511,26.732342150867993
W_11412673948,58.38673737371814,26.715965418606213
W_4247525638,58.38673902410368,26.693269401826726
W_9273227229,58.386743906733024,26.708793851640593
W_4812497531,58.3867512089308,26.72041765956861
W_6690842270,58.38675215015732,26.722502987072815
W_cluster_332638236_7006543537,58.38675341868176,26.699763016256004
W_3030393726,58.38675436678949,26.759544192959343
W_9264955471,58.38675714819144,26.712949877394664
W_9264955455,58.386761013591844,26.71267090042342
W_11064369074,58.38676647549669,26.7177950059984
W_cluster_12315797866_9152285826_9152285831,58.38676692729907,26.715319894889625
W_cluster_330043136_9260364943_9260364944_9264955439_#1more,58.3867687630456,26.712802357444772
W_9265172918,58.386769416608495,26.708715823923498
W_3029578375,58.38677020909306,26.752255936247742
W_11057339279,58.38677205150337,26.7204612776365
W_9150294511,58.386775088863544,26.703049124975916
W_11069711597,58.386777833878725,26.71708087598286
W_1667166079,58.38677943382854,26.702870022684753
W_330041172,58.386780947272335,26.730181888136435
W_11750807535,58.38678105409027,26.73168675656785
W_9265133478,58.3867839626947,26.715144967606744
W_9265151029,58.38678779282652,26.71331870566776
W_cluster_8606900221_8607538460,58.38679727719145,26.728177151350213
W_9264562308,58.38680388021071,26.708625579300065
W_cluster_11750807523_11750807529,58.38680410353473,26.732143053683725
W_12315948757,58.38680505520131,26.717654113242148
W_cluster_1106176135_6690842279,58.386811971931216,26.72283704703383
W_7204146282,58.38681494784444,26.726941512818854
W_1106176220,58.3868293160447,26.723548214711204
W_330041725,58.386829526290974,26.73638896113063
W_9264938273,58.38683569714711,26.712771883519416
W_9152285830,58.38683616462831,26.716124706315938
W_9273226310,58.38683825179676,26.712469314749782
W_8607086510,58.38684136538801,26.72796029120115
W_9273226302,58.38684138025852,26.712022735918836
W_680161169,58.3868513020166,26.73028105997763
W_12301982532,58.38685591692708,26.706790021663398
W_13638551377,58.386857915232355,26.759109249407185
W_9273227233,58.386861874591176,26.708969551101557
W_9264578919,58.38686267567087,26.706799885189863
W_9273226297,58.3868658857618,26.71205639969442
W_3029578457,58.38686908270559,26.751090715995755
W_8606900280,58.38687555028104,26.729215713924553
W_8154398163,58.38688101290775,26.733577564684317
W_8607086498,58.38688156363064,26.727561486892682
W_12919335667,58.38688520002049,26.724181948728802
W_8154319196,58.386885784606356,26.733022201449167
W_8157540218,58.38688771051574,26.71458486984676
W_4247525645,58.38688918075046,26.695069023877803
W_966094104,58.38689166916606,26.72460057448023
W_324808040,58.386892792647274,26.72625628662822
W_3629768687,58.38689423557879,26.69971872056915
W_4247525647,58.38689557411239,26.694623440496144
W_cluster_1106176249_297305382_6681190249,58.38689921839805,26.724268721476598
W_cluster_3229832199_9273227234,58.38690249934615,26.708902857593348
W_9265151028,58.38690401873615,26.712999821530953
W_cluster_9171417840_9171417853,58.38690897601111,26.689252868562615
W_12248778219,58.38691111450062,26.75888569546203
W_6681190253,58.38691372991193,26.72412562882861
W_9152285858,58.38691395354313,26.71902129620374
W_9265133490,58.38691601539458,26.714510072959346
W_4578346137,58.386923270315066,26.681649508580183
W_13585297726,58.38692625145766,26.758672662501816
W_11750807514,58.38692801432561,26.73307319074811
W_cluster_12301982534_330045269,58.38692813481047,26.70655733710739
W_12315797865,58.38693320366867,26.71553456368227
W_332623761,58.38693347905679,26.72692965096198
W_cluster_11050702831_11069711594_11069711595_11836891819,58.38693391037475,26.71723320945997
W_940352615,58.38693422653666,26.722263656947156
W_3029578397,58.38693539252202,26.752216125680576
W_4247525649,58.38693628923687,26.694597776400425
W_6690842280,58.38693640023244,26.722852660669357
W_8606900223,58.386939423077436,26.726852984434874
W_8157540219,58.38693985507282,26.71444677092945
W_8607086500,58.38694049057145,26.727987918640455
W_2885002059,58.38694399103049,26.73653929590805
W_cluster_11836891834_8145388536,58.38694620735907,26.719763986105686
W_4247525651,58.386952375497025,26.696453466209128
W_11632358563,58.38695456186101,26.69684578651485
W_1106176166,58.386954852914705,26.723328487391136
W_9264938293,58.38695538238615,26.71307516982288
W_11697646480,58.38695549268944,26.689471888917044
W_5273715794,58.38695863517099,26.758699292705703
W_966094106,58.386964185084835,26.724909399308
W_8606900225,58.38696428105413,26.72722255526119
W_8145801776,58.38696477954146,26.734081295120365
W_1106176180,58.38696513227,26.723721771853896
W_9273227245,58.386968456537964,26.709114902416815
W_cluster_9273226295_9273226296,58.38697146588764,26.712197150715323
W_9265172919,58.38697457310215,26.709000263041617
W_8607086499,58.38697580911799,26.72765961451395
W_330041166,58.386978621215945,26.72932557927193
W_7243248505,58.386982578890986,26.722195378607378
W_3029578307,58.38698317729789,26.751475751732716
W_4812497534,58.386987574937,26.719993349101777
W_cluster_8606900224_8606900226,58.386989294178875,26.726906130753143
W_2885002019,58.38698984762522,26.737044855611074
W_9264938294,58.38699039752361,26.712989200222214
W_332629780,58.386993995170215,26.70240216555108
W_12373471475,58.38699592094677,26.696257606430965
W_9273227249,58.38699817931618,26.709033077114924
W_9265151031,58.386999262561744,26.713298176664644
W_9264861536,58.38699933562065,26.71296980139686
W_11632358564,58.38700301240125,26.696938581386224
W_11057339280,58.38700778858162,26.720036801166525
W_11067338166,58.38700843506671,26.71641047904103
W_2467752517,58.38701082410102,26.724294188876375
W_3029578566,58.387011376330705,26.752494881995045
W_9264562309,58.387012988715256,26.70890998561209
W_332629776,58.38702478317468,26.701776112299665
W_9264578921,58.38702856017293,26.706836990038635
W_13638551380,58.38703435828395,26.758990207877698
W_8607086501,58.3870346158706,26.7276490705386
W_3629768723,58.38703522196637,26.69700004648642
W_10688108913,58.38703920293233,26.7173683345477
W_7006543538,58.38705144949349,26.700847713864352
W_966094110,58.38705762520919,26.72542671765436
W_cluster_9264861532_9264938279_9265151032,58.387059632786396,26.7131841236807
W_cluster_4578346146_9772149917,58.387060123641845,26.681422346173058
W_11750807536,58.38706043485433,26.731970252753136
W_9265134913,58.387063275447446,26.706739557613258
W_13638551379,58.38707802642904,26.75880879074048
W_cluster_9264861538_9264938308,58.38707821627406,26.71205928702706
W_9273227248,58.38708693256588,26.709277259624244
W_8606900283,58.387090235471184,26.728676182936653
W_6061826109,58.387092315015984,26.700732094300605
W_11615120091,58.38710001756323,26.68334880121708
W_9264425989,58.387100316409686,26.706638000989418
W_12444300874,58.387105353201726,26.704959309143504
W_13638551378,58.38711135447672,26.758669174805465
W_11067338162,58.387112666503334,26.715984977402908
W_12444300883,58.387113160957824,26.705112657030707
W_5528061693,58.38712127175594,26.761229749924656
W_1667135188,58.38712598561348,26.72330269014321
W_cluster_330046461_3629617894,58.387128944255885,26.69682906865826
W_9265151034,58.38713000307535,26.71348507673984
W_cluster_11086804561_3030395338,58.38713015745468,26.76146759095363
W_cluster_9265172920_9273227250,58.38713215817433,26.709219421693952
W_330046496,58.38713430098254,26.700865483511542
W_12444300873,58.38713521395637,26.704899541627658
W_8607086508,58.38713757328832,26.72770488751019
W_3029578356,58.3871392319431,26.751452762330718
W_cluster_11836891835_9152285857,58.387141068697325,26.719418158916813
W_12444300884,58.38714319257586,26.70516610955392
W_9273226290,58.38715171110941,26.711631457065607
W_4247525661,58.38715247831487,26.692945645450603
W_11750807522,58.38715312758409,26.73257345331056
W_13078243882,58.38715950086316,26.72364209162717
W_6690842281,58.387164071643,26.723221495057548
W_cluster_11067338163_11067338164,58.387164228610686,26.71663755260457
W_12444300872,58.38716570062184,26.704838571576285
W_7006543539,58.38716579311146,26.70123617957475
W_cluster_11067338160_12315797864_9265133472,58.38716983790285,26.715682993196342
W_9772149930,58.387171503757955,26.680740302253213
W_9265151057,58.387172987058094,26.713387925574064
W_3029578459,58.38717443309331,26.752516486609654
W_6681190251,58.38717569513392,26.723529940791135
W_cluster_9152285824_9264938307_9273226291_9273226292,58.387181995843065,26.711718776923956
W_9264562288,58.38718445537079,26.709151092610306
W_330041169,58.38718559663266,26.728750190412654
W_4247525663,58.3871866312345,26.691646379368404
W_9264861609,58.38718677024273,26.7122044614404
W_12444300871,58.387196722988385,26.70477622870731
W_3029578364,58.387202526705806,26.751856801169343
W_680161170,58.3872044785388,26.730761179706484
W_13078243870,58.387207653546184,26.723689090129476
W_330046458,58.387208950534614,26.69659321643198
W_12444167475,58.38721059026821,26.70192128731657
W_332637611,58.387214454688085,26.7037810304564
W_11058901793,58.387216565720955,26.718500157179417
W_9265134912,58.387218886906105,26.706958039002156
W_12444300870,58.38722622558405,26.704716976963716
W_cluster_12301982536_9265172937,58.387228422945086,26.70582830919384
W_11836609510,58.38723037925226,26.735042362969963
W_9264861612,58.38723523688195,26.712269399964896
W_3029578156,58.38724190762302,26.752993870124907
W_cluster_1106176181_330045977,58.38724686745281,26.723506123834788
W_4812497537,58.38724861848663,26.719518725390525
W_9264425987,58.38724879653995,26.706879972401797
W_9264425998,58.3872500493517,26.705859085512635
W_1106317939,58.38725127810006,26.723053202860232
W_3029578556,58.38725309017303,26.748493151480798
W_6681190252,58.387253793774505,26.723386177853207
W_12313788400,58.38725414760044,26.716359592315044
W_12315885363,58.387255221172175,26.71917079861755
W_1667166071,58.3872558725312,26.702623495672107
W_7243248497,58.387257113252645,26.72664837133447
W_4578346124,58.387259171547896,26.68414950524643
W_9265133473,58.38725942172657,26.71517431402894
W_7243248506,58.38726227020376,26.722115189895067
W_330046543,58.3872683233485,26.701257888510227
W_3629768730,58.387269686384144,26.69671566535928
W_11057339281,58.38727036324726,26.719564046679228
W_13376551431,58.387270971335674,26.744277658114807
W_cluster_2463289442_7243248495,58.38727140968565,26.726697859339648
W_9264861539,58.38727676784615,26.71232550158645
W_9264861533,58.38728843559744,26.712641982893402
W_4247525666,58.38728922885011,26.694432076054888
W_11064389307,58.387289453452,26.719094589273293
W_cluster_12444300876_12444300879_12444300880_12444300885,58.38729100586491,26.705077992859653
W_12444300886,58.38729738634482,26.705352784766497
W_cluster_11064389306_11836891836,58.38730379949582,26.719124405447275
W_9264578925,58.38730833690145,26.707230260990702
W_9772149918,58.38730926789455,26.68105956798998
W_cluster_330045014_6139356670_6139356909_6139356910_#1more,58.38731087953751,26.735011315965142
W_9772148916,58.38731106077967,26.680481469677034
W_9264938282,58.387312811852624,26.71346016315823
W_12444300861,58.387320196177384,26.70539039218977
W_1667166080,58.387322910027294,26.701711340898118
W_9273226285,58.387324994698766,26.711166038179037
W_1667166094,58.387328525802644,26.703977613877793
W_cluster_9265134910_9265134911,58.38733385392317,26.707116485534154
W_9273226284,58.38733409366577,26.711178277962276
W_1667166084,58.38733691934748,26.702057900812658
W_7243248507,58.38733717652712,26.723193971383758
W_11750807567,58.38733760343118,26.73278618652968
W_9273227253,58.38733776571514,26.7095052311768
W_9273227251,58.3873392124505,26.709628360986695
W_8881075911,58.38734413599566,26.721638911333212
W_4247525667,58.387345630814735,26.694770228207844
W_8606900288,58.38734955883172,26.727630223905734
W_9150294506,58.38735091691862,26.70267058416668
W_9264425975,58.3873525876209,26.7070214084611
W_9265133476,58.38735502389212,26.715070412118806
W_9150294460,58.38735540508582,26.70189646337382
W_cluster_9264938309_9264938310_9273226283,58.387359614319415,26.711303605529046
W_12444300865,58.387363473177885,26.705462377135596
W_9273227254,58.38736912022299,26.709548757131746
W_11058132232,58.38737268666987,26.716027355053907
W_5274784021,58.387372866213965,26.750402704571965
W_332637572,58.387378407181615,26.703370893260747
W_9264861588,58.38738178597036,26.71137765152779
W_6681348325,58.38738230494015,26.700260501535897
W_4247525668,58.387383280060625,26.695305399322432
W_332637574,58.387389587860966,26.703622556186094
W_11058132225,58.387391162472184,26.71593450810279
W_9264861551,58.38739175554245,26.712056218655814
W_cluster_12444300875_12444300877_12444300878,58.38739492886393,26.70484674736001
W_3629768710,58.38739620059149,26.696814290137464
W_6681174343,58.38739712021579,26.735106788152002
W_9265134909,58.3873978238922,26.707204377982418
W_1106317930,58.387399459682655,26.723296101625145
W_4247525669,58.387406780115526,26.694349477799285
W_330043890,58.3874094611579,26.716085893951195
W_cluster_9264861613_9264938306,58.3874094895688,26.71119630394175
W_330046459,58.38740997432455,26.696259006680727
W_6690867657,58.38742558811435,26.725840830306037
W_1106317964,58.3874268129956,26.72174310163825
W_9264425973,58.387428897345934,26.70712459124212
W_cluster_11086804565_5528061692,58.387431380427074,26.761602723569222
W_9264861554,58.38743220960052,26.71211267111134
W_11086804564,58.38743435255735,26.761076785387086
W_9265151043,58.38743759354261,26.714317211643074
W_11058132231,58.387440387101634,26.716139691101887
W_9273226280,58.38744231075319,26.710855000566863
W_6690867655,58.38744597392427,26.726175720972538
W_cluster_11058901787_11836891837,58.387448951597946,26.718842419242144
W_9150299545,58.38744945934292,26.701094390798495
W_4247525673,58.38745599606858,26.695744321396866
W_cluster_9264938283_9265172947,58.387456485727554,26.7137275161163
W_9150294461,58.387462866839144,26.70152886663531
W_6681348326,58.3874667165197,26.69998545195737
W_8606900294,58.38747225276935,26.72750630699295
W_7985792306,58.387474305794676,26.721816783898536
W_3029578306,58.38747842095725,26.752683164413476
W_4247525674,58.38748072395399,26.695151828341093
W_9265172946,58.38748579296303,26.713659379412423
W_cluster_330041674_9269687003_9269687004,58.38748780570085,26.715935270354365
W_4247525676,58.38748935109465,26.695947561008357
W_cluster_9264938311_9264938312_9264955452_9273226281,58.3874914761311,26.710910867358766
W_6681348324,58.38749603673518,26.700501716510555
W_9772148915,58.38749818370076,26.68139787245995
W_cluster_8145801773_8145801777,58.38749982762767,26.734392648806338
W_4247525677,58.38750019774047,26.694880918198134
W_3029578400,58.38750061657448,26.74844486909492
W_6061826012,58.38750282826125,26.700064674728377
W_12444581120,58.38750553436959,26.701299837727507
W_cluster_12301982537_9265172936,58.38750611618232,26.7051959189293
W_291380675,58.387509034995205,26.72698027446847
W_9265172922,58.3875105765173,26.709745477072058
W_9150294464,58.38751371745424,26.70161241329789
W_1106317867,58.387515899668685,26.723480587197308
W_11058132219,58.38751621111708,26.71574348729513
W_4812497540,58.387520830155175,26.718977132734533
W_9264425999,58.38752603234116,26.705224999061343
W_332637603,58.3875317821707,26.703551924734537
W_12374500359,58.387534989001395,26.72416969271893
W_9273226267,58.387538057086445,26.709902770959076
W_6061826053,58.38753863617155,26.70043636354968
W_11057339282,58.38754248079138,26.719020402415275
W_9264562283,58.38754332933705,26.709653022215598
W_330043899,58.38754441357108,26.715784136822474
W_9264861593,58.38754468542567,26.71096772741021
W_8606900289,58.387552748075734,26.727896321102968
W_6061826042,58.387553124381306,26.700179522807005
W_cluster_9264938284_9264938292_9265151042,58.387561961158006,26.713902652587226
W_7985792305,58.3875620136087,26.721632063805185
W_9273226277,58.387562932547354,26.710536579458346
W_cluster_11101814967_11101814969,58.38756572621722,26.688779321366948
W_3629768749,58.38756768405471,26.70272742367784
W_9265172935,58.387569368259115,26.705010335289543
W_cluster_9265172923_9273226276,58.38758400729554,26.7098474926097
W_9264861528,58.38758636504866,26.713810611156745
W_966094100,58.387589723867045,26.724646271583495
W_12301982538,58.387590286193834,26.70504539310448
W_cluster_9273226278_9273226279,58.387592667736186,26.710579093680398
W_9264426001,58.38759677799189,26.705056284919497
W_7985792312,58.387598491207534,26.72201009767961
W_1106317970,58.38760001702324,26.722258081095017
W_13078243875,58.38760400705655,26.724229870010912
W_11058901783,58.387605354444005,26.71791811827588
W_7985792310,58.38760600084588,26.721084929979263
W_11697646481,58.38760820959913,26.690484987234587
W_9265133462,58.38761222165612,26.715499679175952
W_9263928716,58.387613077515034,26.71588534815971
W_3629768733,58.38761427509035,26.696398009270936
W_332638214,58.38761578339721,26.701319258390022
W_6681348317,58.38761613585608,26.69974097627648
W_cluster_13078243885_13078243892_325137490_330046076,58.38761815457117,26.72416801724886
W_9150299546,58.387623291455405,26.700918638958722
W_12444300860,58.38762489672257,26.70470817198645
W_9273226268,58.38762698179832,26.710025012480227
W_9152285825,58.387630427522375,26.712390350460403
W_11101814968,58.38763117551207,26.68913842451132
W_9772148914,58.387631531279716,26.681133623115084
W_6061826108,58.387631761324634,26.69985492157975
W_9264562282,58.38763253496392,26.70978022073534
W_9264861614,58.38763752107119,26.711510677331006
W_9265133461,58.38764465280833,26.71542228277911
W_cluster_11058132217_9265151053,58.387646185570546,26.715546268337416
W_9265151047,58.38764639980161,26.714471675093193
W_9152285817,58.387654453502144,26.711930763852767
W_9273226275,58.38765599632311,26.70994746802659
W_4578346145,58.387657071464396,26.682593491788076
W_9265134908,58.38765757960351,26.70756224704273
W_11058132216,58.38765762628491,26.71544030763627
W_3029578531,58.38765870013191,26.750469953002725
W_6061825576,58.38766428886001,26.69814073565127
W_4247525685,58.38766627620325,26.693605296745226
W_1106318003,58.38766795166067,26.723727735092197
W_6809863856,58.38766998561665,26.715788599677744
W_12444300864,58.387671769811504,26.70478149492386
W_11058341518,58.387673026001735,26.71683717067359
W_11809251958,58.38767450269459,26.704525437479443
W_9265133459,58.38767520960057,26.71535020332512
W_6681348304,58.387677125414974,26.69951315662366
W_11809269072,58.387679714950146,26.703244365456978
W_13078243874,58.38768011288855,26.724077912919526
W_cluster_11836891839_330040905,58.38768131838949,26.718358089548737
W_6061826071,58.38768378435306,26.700246997790757
W_7243248508,58.38768852833653,26.722402249181503
W_330045308,58.38769543132866,26.712420264964443
W_cluster_9264938313_9264938314,58.38769646216937,26.710445522687323
W_6681348303,58.38770177559089,26.699147793713276
W_11101814987,58.38770384809335,26.6897731691653
W_cluster_11058132215_9265151051_9265151052,58.387704590242464,26.71543599564574
W_12444581118,58.38771318658207,26.70118366172666
W_9772149923,58.38771419244347,26.681362573273116
W_9152281716,58.38771604889715,26.711762992380226
W_2801013716,58.38771606708217,26.747614344307348
W_9264578929,58.38771680647762,26.7077758888578
W_330042329,58.3877190299625,26.72960895071076
W_9264955451,58.387720287106085,26.71017800443447
W_7985792300,58.38772227665941,26.722350503409192
W_11809269080,58.38772242672794,26.70384792084497
W_2885002097,58.38772800804598,26.737949251146308
W_4247525789,58.387728507068864,26.695559654368402
W_9264861596,58.38772861772553,26.710485964775494
W_3029578530,58.387734025901246,26.751378797055427
W_332638285,58.38773718795525,26.69797506678354
W_330045280,58.387746471416996,26.70461479850533
W_6061826103,58.387746733371586,26.700165223427756
W_6690867658,58.38774701712096,26.72654555343479
W_1106317966,58.387747295666784,26.722498078472995
W_9152281713,58.38774852795754,26.711667975615622
W_9265151046,58.387751385111976,26.71422590866023
W_9264861608,58.38775178944469,26.71211981587919
W_12315974932,58.38775230804598,26.7174360027455
W_9150294463,58.387755005489254,26.702016919042432
W_3029578216,58.387756512830435,26.75274176304083
W_7985792311,58.38775741261774,26.721944710211304
W_332652817,58.387768106993576,26.704571517489473
W_7985792301,58.387770169231274,26.72227726734415
W_cluster_1106176169_1106176191_1106176213_1106176268_#3more,58.3877704367296,26.72725139275642
W_cluster_2801012672_2801013720,58.38777061598761,26.747538871589576
W_12301982540,58.387770805145976,26.704651024933085
W_5528061675,58.38777131069978,26.761832862223745
W_6061826102,58.387774733513204,26.70019406129642
W_6061826122,58.38777590505024,26.699620579963334
W_6061826006,58.38777866070969,26.700452286800285
W_13136915869,58.387778909339346,26.724035922589643
W_9265133458,58.38777922499811,26.71511180151788
W_4247525790,58.38778253590568,26.69245922654044
W_966101236,58.38778310074218,26.724522818516007
W_9264861607,58.38778429565969,26.712156665016913
W_9264578932,58.387784459531616,26.707864266090816
W_6681348318,58.38778499748365,26.69932324839364
W_cluster_11998872025_330044203,58.38778700300019,26.737635311677625
W_cluster_330040937_9260364945_9260364946_9264938304_#1more,58.38778970478861,26.71013399277876
W_9264955459,58.3877905322802,26.71026157610518
W_9264955449,58.38779056737447,26.709999212227675
W_4578346123,58.38779210979989,26.68337406829427
W_cluster_12120159338_13638551381_13638551382,58.38779561867317,26.75941225295542
W_cluster_330044093_9265134906_9265134907,58.38779957391817,26.70775724587331
W_330046084,58.38780369076553,26.724115772138852
W_3629768702,58.38780439868449,26.69608817494925
W_cluster_11058132214_9265151050,58.38781275861493,26.715166774583682
W_11058341516,58.387814420441266,26.716280011109472
W_7985792303,58.387817434917,26.722204891171117
W_8154398149,58.38781831640482,26.67910656837921
W_6681348302,58.38781839435126,26.69939360060938
W_12374500342,58.387833198657304,26.72707371865003
W_cluster_330046464_4247525792,58.38783448813962,26.695521284985123
W_9264938303,58.38785427792255,26.710092415159384
W_9152281714,58.38785671502727,26.71137069313666
W_9152281715,58.38786357068599,26.711942570378596
W_9265134877,58.38787485438603,26.710255069480016
W_1106317927,58.387876001845235,26.7227057273942
W_9264562276,58.3878787508295,26.70884401727245
W_12315974930,58.38787917556592,26.717865306375426
W_2505353460,58.387884695088545,26.750756717696337
W_9264425966,58.38788591396589,26.707218462482025
W_4247525794,58.38788818954081,26.6916498342106
W_9265151049,58.387888700709546,26.714865315697082
W_3629768767,58.387890213080276,26.702844090826517
W_3629768724,58.38789103695574,26.69877401450379
W_6061826027,58.387891383687474,26.700070269815
W_3029578226,58.38790051105123,26.752800787714698
W_9264578933,58.387901518035974,26.708034502080658
W_7243248509,58.38790471534765,26.72207131241735
W_13136915881,58.38790508046115,26.727298413520643
W_6555495014,58.38790564756577,26.697275470099655
W_12195089311,58.38790717010927,26.71016774871603
W_6061826097,58.38790780324094,26.70025501705773
W_9179581503,58.3879110691753,26.756910456905953
W_cluster_9152281712_9152285818,58.387914010147846,26.711806358999006
W_4578346144,58.38791705732357,26.683161722610894
W_11086804563,58.38791872903467,26.76151169537539
W_6061826131,58.38792020278904,26.6998735082148
W_9265172924,58.38792132923842,26.70726999198878
W_cluster_11058132213_9265151048,58.387922402261566,26.71491498532349
W_6061826016,58.387929986731514,26.69994765345477
W_4247525795,58.3879340564302,26.692272849727974
W_9152281711,58.38793621813081,26.710939724547217
W_9265134905,58.387936880847434,26.70794493059383
W_4387531207,58.387939232705115,26.69158679058024
W_3629617682,58.387940767519936,26.695608451135694
W_4812497548,58.38794105056567,26.71802489915483
W_12374500343,58.3879440517245,26.727167785602013
W_cluster_11164842197_2801012670,58.38794495483141,26.745138206045382
W_9264861606,58.38794522297656,26.711587695167385
W_7243248510,58.38794826726068,26.723478571455008
W_11058132211,58.387951271645306,26.71477091355737
W_3629768685,58.38795190925572,26.698687978911714
W_4247525796,58.38795230571154,26.693103570217747
W_4387531208,58.38795262758788,26.692226851064994
W_3029578302,58.387955458185985,26.751814911923777
W_11809251955,58.387956979930976,26.70417827218495
W_966094092,58.38795867815096,26.72480981121661
W_6061826149,58.38796075710077,26.699319187097807
W_cluster_12195096652_12195096653,58.38796307368119,26.709748258859427
W_cluster_11064389310_11836891841_12315974931,58.38797186642803,26.717702768815574
W_9150299556,58.38797310634068,26.700526919031056
W_11836891842,58.38797518486257,26.71761910708017
W_9264861605,58.38797775051636,26.71163395067069
W_6690867654,58.38797966590598,26.727865667804824
W_4812497542,58.38798041293835,26.718076237022622
W_6061826023,58.387982847790035,26.700083860144662
W_12248778242,58.387984564467544,26.75982931291294
W_10687988254,58.3879902794373,26.720159514111145
W_12195096651,58.38799127996879,26.70978975925868
W_8154319194,58.38799167248031,26.732887964296605
W_4812497558,58.38799227290791,26.714831641422265
W_4247525798,58.387999020247136,26.69337048971921
W_3629768695,58.38800255472496,26.69723581516374
W_6061826147,58.38800413485869,26.699356103215667
W_13638551383,58.38800584795034,26.758347166725525
W_9150294465,58.38800693357547,26.702439983324673
W_1106317982,58.388007989814646,26.722935928481785
W_4247525799,58.38801112669907,26.69272541726501
W_12248778241,58.38801770661749,26.759733651136568
W_332629800,58.38801990806453,26.700837803294228
W_3629768684,58.38802133110697,26.695797091162405
W_cluster_330043148_9269687005,58.38802351718865,26.714624780857015
W_7243248511,58.388023616059414,26.723683734855513
W_11058132207,58.38802417222563,26.714515656238962
W_9264861598,58.388025397712596,26.710578456374282
W_11064389322,58.38803582997434,26.716489288377215
W_cluster_9264861562_9264861566,58.38803650083164,26.711080690845655
W_9264938315,58.38803650118949,26.709492131540866
W_9150299527,58.38803902218095,26.703418880307176
W_2801012671,58.38804255848392,26.746528686979172
W_9265172926,58.38804306798221,26.706972582137094
W_3629768713,58.38804586975542,26.698540943806282
W_4247525800,58.38804637273881,26.69364150919967
W_12248778239,58.38804675956206,26.759612704078037
W_9265172938,58.38805012894163,26.710513089983486
W_6809863857,58.388050591490355,26.714925068122355
W_cluster_13136915873_7243248512,58.38805201054644,26.72377296330438
W_8154319191,58.3880579542601,26.732973150945472
W_4247525801,58.38806241385468,26.69302616166514
W_12444167634,58.388063808609076,26.70117590727769
W_330043017,58.38806488284914,26.71997985102948
W_9264938316,58.388068478192174,26.709532916686438
W_9264562277,58.388068764308294,26.70922351440894
W_12248666795,58.388069236044466,26.759481197520113
W_9264861563,58.38806967079321,26.71093384373384
W_6690867652,58.388077678834286,26.727370112638475
W_9264235128,58.38808271299125,26.709552297501496
W_443046347,58.388084421115984,26.69740666054134
W_9264425965,58.38808859830068,26.706695129764707
W_6061826092,58.38810002396857,26.700184801637892
W_cluster_9264955417_9264955418_9264955457_9264955458,58.38810595431881,26.709305475610535
W_3029578404,58.38810811239897,26.752634287740612
W_9264955448,58.388109216935305,26.709160069971393
W_9263928715,58.38811168301116,26.714529315951157
W_9150299535,58.38811566646691,26.70153737652155
W_9264832183,58.38812028324526,26.71199127438742
W_4247525803,58.38812087904921,26.69264954980478
W_3629768769,58.38812231610453,26.701577342300492
W_9265134903,58.38812238869906,26.708198408710867
W_7799521095,58.388125013254644,26.71474778958539
W_9264562270,58.3881268946478,26.708323397325366
W_9265172925,58.38812862012728,26.706757909049717
W_12444167651,58.388129110777804,26.700755295370005
W_6061826110,58.38813011002031,26.699034684448105
W_1106317958,58.38813021869355,26.72313901336714
W_9264832213,58.38813198666396,26.71433023941018
W_9152281710,58.38813370965678,26.711212789300767
W_12444167650,58.38813636704221,26.70082416063784
W_9265172927,58.38813687162493,26.70710623687116
W_12120159372,58.38813778139143,26.75992080058904
W_cluster_330043814_821947404,58.38813799748949,26.736495330157986
W_12248778210,58.388139093374676,26.760381727505052
W_9264235126,58.38814395298979,26.709387601366554
W_3029578222,58.388144528987524,26.75354119588485
W_12444167646,58.3881488778918,26.70156719796098
W_9264362794,58.38815265794952,26.708120167160523
W_4247525804,58.388154967463166,26.693569588339614
W_9265134904,58.38815788638056,26.708246860247414
W_6690867651,58.38817059396668,26.728957959880464
W_12248778274,58.38817137436461,26.760113669542264
W_9265172945,58.38817307451652,26.71438942706733
W_11058132208,58.388173236638366,26.714623400473997
W_3029578281,58.38817815134242,26.752253588915945
W_332629704,58.388179856763486,26.703692208036543
W_cluster_9264562275_9264955419_9264955420,58.388184357771415,26.709144742458413
W_2801012647,58.38818621301696,26.744739153640413
W_5274794245,58.3881866181754,26.73879092883102
W_4247525805,58.38818994830829,26.69377521032435
W_11836891845,58.388196480876076,26.716719750614367
W_12195096614,58.38819667845302,26.709191333391452
W_9265134878,58.38819701235745,26.710727389653893
W_9264425962,58.38819807666832,26.7064176583847
W_9152285819,58.3881986493085,26.712092058882114
W_3629768757,58.38820310010519,26.70217339889325
W_330045043,58.38820411745031,26.678872680690926
W_12248778209,58.38820500111665,26.760420789358168
W_3032697589,58.388206057643394,26.761999597249805
W_9264562269,58.38820951130994,26.708435768974617
W_12195096613,58.38821118002773,26.709209514702973
W_9265172929,58.38822570030938,26.706517997100548
W_5528061678,58.38822608221121,26.763354907681023
W_12120159378,58.388228067649756,26.759692882695344
W_6555495034,58.3882282109189,26.697746984970713
W_9260384979,58.388233488251544,26.716437076042855
W_9264235125,58.38823385842674,26.709150150113096
W_9264235119,58.38823414899303,26.710627030422135
W_9265134902,58.38823843193935,26.708356854429837
W_4999865082,58.38824111865816,26.778339792017544
W_9265172932,58.38824159745256,26.70647869813558
W_3629768716,58.38824300407095,26.699262395984626
W_6555495036,58.38825946199286,26.69782111769863
W_10687988244,58.38826200224934,26.723358102079864
W_6555495033,58.388276061326906,26.69716745188534
W_12120159353,58.38828075916217,26.760204088159796
W_9150294466,58.38828169423837,26.70086500454607
W_1106317932,58.38828318498129,26.72339334038038
W_cluster_330046532_6139356914,58.388284764306604,26.732211016979285
W_9264832214,58.38829179330855,26.713938817033284
W_cluster_330045303_9265134882,58.388300633841624,26.710875170456745
W_3029578177,58.38830480686239,26.75365911783804
W_9264832174,58.388306868253416,26.710971241006185
W_4247525809,58.38830741258722,26.693693976798816
W_4812497544,58.38831088153555,26.716708742276005
W_13272590731,58.38831629365397,26.682583464422137
W_2801012676,58.388318093083406,26.74561270099691
W_3032697870,58.38831930694131,26.76064543779381
W_12444167594,58.38832105305857,26.70087339407945
W_11057319678,58.3883253201991,26.716658342247268
W_9264955447,58.38832558109773,26.708606017052563
W_2441364071,58.38833373629563,26.723511300728095
W_12120159354,58.38833388584713,26.759701227774734
W_6555495035,58.388337196672595,26.697687558583464
W_9265172944,58.38833748437706,26.714008058301133
W_11057319679,58.388344679747,26.71668059256549
W_11335497962,58.38834770646269,26.679615549895928
W_9265172931,58.38834863544493,26.706665092239728
W_4247525812,58.38835042547595,26.693352388748163
W_1667166093,58.38835230104106,26.70334219223965
W_3029474016,58.38835435562455,26.74249909271282
W_11057319680,58.38835791605824,26.71669570853707
W_7799521092,58.38835802881609,26.71654365749071
W_12374500353,58.38836113236562,26.725265905372865
W_332629745,58.38836155952009,26.700911705067
W_11057319681,58.388370972361635,26.716710654928246
W_9264425961,58.38837257281558,26.705980068669238
W_4247525813,58.38837309924866,26.69202119548301
W_cluster_12248666791_12248666796,58.38838130837073,26.759414079732387
W_11057319682,58.38838294824873,26.716724412747215
W_9264938301,58.38838567520903,26.708688302449858
W_3097877683,58.388386584906385,26.69503044452941
W_9264955445,58.388390132868906,26.708436843890826
W_cluster_330044091_9260364947_9260364948_9264938300_#1more,58.38839015372741,26.708564436008324
W_cluster_3029578420_3029578562,58.38839906374898,26.75284074227705
W_9265134880,58.38840018228022,26.711009131582934
W_4578346141,58.38840379080897,26.683461458648384
W_330041720,58.388412035576465,26.73842923321874
W_2467752525,58.388412815319136,26.72557747174455
W_12120159368,58.38841341806463,26.759965106989174
W_9265172933,58.38841637619843,26.70604674999927
W_1667147661,58.38842507874388,26.703198766537042
W_9264832211,58.38843207021085,26.713610490485205
W_9171417848,58.388432778015975,26.688324254367426
W_330046465,58.38843376674604,26.694853870635697
W_2157151119,58.38843416179553,26.719098828510532
W_332629741,58.38843717000259,26.701021040813
W_12374500348,58.388443849982245,26.72551617104928
W_8169788936,58.38844861179328,26.727198951408333
W_9264938299,58.38845265011735,26.708518253981463
W_9264362790,58.38845604860577,26.708235675196455
W_11164842196,58.38845690159548,26.743831565787005
W_10685198683,58.3884589811475,26.733836756349426
W_12120159360,58.38846483171813,26.75955495713911
W_9264832160,58.38846742426181,26.711873166484235
W_9150294469,58.38847508136781,26.701101961943642
W_12374500349,58.38847667393231,26.725451606666166
W_9265172943,58.388479912785286,26.71367783277522
W_cluster_9264955460_9264955461,58.38848010875374,26.708270538812535
W_9265172934,58.38848273342653,26.70588302982066
W_cluster_9171417830_9171417872,58.388483948200474,26.688166449973718
W_1674352530,58.38848426166238,26.70308008365228
W_4247525816,58.388491352619084,26.692680362986515
W_12182340536,58.388492894501006,26.704716823417
W_12182340544,58.38849427850626,26.705239839231417
W_2801013706,58.38849635249496,26.746415968518743
W_9152285821,58.38849756521177,26.712496345928827
W_9150299551,58.388498633595866,26.700111465282863
W_2361192243,58.38849889319276,26.720648068233952
W_cluster_8169788933_8169788937,58.38849899379088,26.7276189679872
W_8157879935,58.388508478724084,26.702253092806487
W_330046462,58.38851110654788,26.69478205169516
W_8157879940,58.38851215672673,26.703025117735024
W_12248666800,58.388512784275854,26.75964596374999
W_9264832175,58.3885133883404,26.7117438306229
W_9264362805,58.38851697615629,26.705932174117564
W_9264233108,58.38852149905006,26.70885633698382
W_3097877686,58.388523104193645,26.69844519639368
W_330040565,58.38852595828464,26.705775943562223
W_2157151092,58.388526203754836,26.719254081368383
W_10685198666,58.38853291669642,26.73540613659174
W_330044542,58.388533990393206,26.725667863643558
W_4578346122,58.38853996546244,26.685216950745698
W_9264832209,58.38854132359007,26.713346209502802
W_9265134900,58.388548007402605,26.70878291512362
W_3629617906,58.38854830657269,26.69664191889373
W_9264832176,58.38856788350855,26.711813510783234
W_9264832208,58.38857570828624,26.71325938624383
W_9265134879,58.388578080002446,26.710559561722985
W_9264832158,58.3885800616028,26.711358284278354
W_4247525817,58.3885919479549,26.69155988410135
W_13272590730,58.38859606744954,26.683126899046332
W_12055504758,58.3885961908422,26.699888803102645
W_cluster_12568541114_8163652508,58.38860626466234,26.72310843012419
W_cluster_9265172941_9265172942,58.388610009154036,26.713375925624398
W_cluster_9264832198_9264832199_9264832200,58.388611763516906,26.712635495321827
W_8169788940,58.388622618832805,26.727257299434424
W_9265134899,58.38862549299698,26.70889037140552
W_2801013729,58.388627118666655,26.746594959941525
W_12182340541,58.38863070417269,26.70492587537298
W_cluster_9264832159_9265134881_9265134884,58.38863576436125,26.711326016412006
W_12374500356,58.388643089355185,26.725278079823763
W_9264233057,58.38864362828483,26.71118878092395
W_2157151083,58.38864966477068,26.718623857263985
W_11086804511,58.38865161748365,26.759204087939512
W_330040954,58.38865443177514,26.699944408361475
W_9264323417,58.38865727784125,26.708806985746957
W_330040953,58.388661154508284,26.699670350610276
W_9265134898,58.388663424715354,26.70894290914891
W_10685198693,58.388664455250215,26.731244006722495
W_2505353497,58.3886817653244,26.752681753144433
W_2316044253,58.388686425207645,26.725340855333865
W_9264233059,58.38868908492687,26.71123304989304
W_4247525818,58.38869320503142,26.694460639673768
W_9264323419,58.38869736629276,26.708860018785135
W_6809863868,58.388701328672624,26.71344599395304
W_9264362789,58.388702013460836,26.707587809123954
W_332637553,58.388706212417226,26.70046340742889
W_9264832201,58.38870762420902,26.712527646593767
W_9264832205,58.388711374426805,26.71295845769471
W_11335497965,58.38871260842607,26.680795303723098
W_2801012654,58.38871842292332,26.74612207302627
W_10685198685,58.38872029659935,26.733943566976546
W_4578346120,58.38872211877316,26.68332468453307
W_9264832155,58.388723496785424,26.711557567573124
W_cluster_330043712_6139356673,58.388724752695644,26.737540947976107
W_330046463,58.38872606627381,26.694606592082305
W_8157535475,58.388729760606225,26.690122996275047
W_cluster_9264955444_9264955462,58.38873065741393,26.707624002902346
W_2361192246,58.38873593249943,26.720943969062454
W_9264233107,58.38873985045144,26.70913743265686
W_8154398151,58.388745956136724,26.68149146573192
W_4247525819,58.38874912272908,26.69470867294765
W_9265134886,58.38875107752041,26.711481059904287
W_330040893,58.388754382508125,26.7154891132769
W_4247525820,58.38875661213262,26.69250736050362
W_10685198690,58.38875873591803,26.731360278733167
W_9265134897,58.388760911776124,26.7090779094101
W_3629617907,58.38877226755892,26.696132699559993
W_cluster_6690867644_8169788938_8169788941,58.38877356600418,26.727833212854968
W_9265134885,58.38877468039944,26.711512680045917
W_2361192249,58.38877625938791,26.720820161796414
W_12182340537,58.38877626425968,26.705146494794555
W_cluster_330046539_6139356916,58.38877779925645,26.730814696882664
W_cluster_9150005836_9152285820_9265172940,58.38878531771735,26.71296965848201
W_330043249,58.38878797864157,26.73288895622258
W_3097877700,58.38880075043018,26.700293621052428
W_3097877698,58.38880199943184,26.696247551950755
W_2361192252,58.38881288874873,26.71998999980957
W_9264233054,58.38881316177253,26.711410940717116
W_2801013702,58.38881355842526,26.745996703364707
W_cluster_8157535474_9171417860,58.388817983822655,26.690058767562032
W_cluster_332629791_8157879933,58.38882465600328,26.70230310763568
W_9264955422,58.388826417798484,26.707552743016095
W_10685198664,58.38883125555967,26.735479500654254
W_4578346139,58.38883819744752,26.68275870688292
W_cluster_9264323464_9264938297_9264955421,58.38883876409253,26.707452926000023
W_9026347714,58.388851391046494,26.694506991098578
W_443046344,58.38885364801379,26.699218885483532
W_10687988266,58.38885612550133,26.718122099471483
W_10685198688,58.38885832165244,26.732983521147272
W_9264362788,58.38885835408799,26.707182182432266
W_2640929731,58.38886477318028,26.732674749917173
W_9264955443,58.38886826527579,26.707195954327805
W_10687988261,58.388868496623154,26.71897000463738
W_1870777763,58.38887360794395,26.70529551131014
W_9264233091,58.38887769772308,26.709326662607367
W_9150005837,58.38887958369196,26.71303183444658
W_9264323439,58.38888197081178,26.70745530482158
W_8157535449,58.388882431190105,26.734428263382682
W_2157151094,58.38889061002495,26.718038357982397
W_9265134896,58.38889885321832,26.709269019881074
W_9264955463,58.38890619768626,26.707248490609963
W_cluster_4247525821_9171417845,58.38891886716493,26.69058741593558
W_8157535492,58.38893241957995,26.72917531944223
W_9264955465,58.38893691923432,26.707014769306987
W_5272631298,58.3889390554674,26.74984380606428
W_2157151069,58.38894510554992,26.719091174191508
W_1112951960,58.38895088055579,26.730433503129646
W_12182340540,58.38895932734807,26.704180654582917
W_12444581201,58.388964149269725,26.70188237583022
W_3868757234,58.388973295492555,26.70548743966236
W_4596254279,58.388974910327136,26.746472054692617
W_9264832194,58.38897534789645,26.712360245360962
W_3097877704,58.3889785515301,26.69654004859906
W_2157151103,58.38898297790607,26.718177871986
W_9264955427,58.38899449900264,26.707804830232345
W_9264955469,58.388997477430124,26.706671335515654
W_9264233084,58.38901536624917,26.709516408615922
W_6690867641,58.389017692347835,26.728048379562676
W_9265172939,58.38902022611282,26.712427098009258
W_12444581200,58.3890247556358,26.701989960652345
W_10687988255,58.38902840766372,26.71989028672297
W_10688168570,58.38903383028535,26.738122576128745
W_9265134895,58.389037064979014,26.709460642733305
W_3097877707,58.38903883582993,26.694582166510287
W_2157151081,58.38904457321121,26.719233200307528
W_10688168571,58.38906003253343,26.73806696549565
W_10687988268,58.389071822729875,26.71847169151165
W_2640929736,58.38907218388623,26.732945986704998
W_cluster_9264955432_9264955433_9264955466,58.38907848905684,26.706788166396077
W_5470044439,58.38907894982431,26.706597112469293
W_9264955423,58.38908002641541,26.707933085947897
W_10688121445,58.389082404515506,26.73653771628487
W_12145965623,58.38909600488857,26.7138195907891
W_2361192270,58.38911215215446,26.71839098195809
W_10687988240,58.38911252647066,26.71970848982787
W_3097877711,58.389114760597636,26.697357983565738
W_330044050,58.3891149781559,26.73197690062754
W_10685198689,58.38912163686468,26.730783342537606
W_12182340526,58.38912557822511,26.705741702174578
W_9265134894,58.38912977623541,26.709589014588722
W_5470044438,58.389130949439505,26.70667399016954
W_cluster_330043489_9265134887,58.389137375535064,26.71200059980231
W_9418317787,58.38913967621757,26.74667611863996
W_12568541109,58.389139876234545,26.721665811777672
W_2640929732,58.38914560304388,26.732749763402087
W_cluster_10687988269_2157151126,58.38914776057084,26.718614245884112
W_12145858986,58.389151059332555,26.713697878246165
W_10687988273,58.3891544498591,26.719411917896732
W_12323895304,58.38915459571373,26.740355275881704
W_10687988248,58.389155785087276,26.72162976828012
W_5352317099,58.38916131773077,26.706717866085985
W_2157151106,58.38916687736329,26.71959106799029
W_9264323465,58.38916691546094,26.709490190832604
W_3097877716,58.3891747170395,26.69635398342944
W_12145858987,58.389181901042754,26.71375372910972
W_9264323434,58.38918206103351,26.708408073122182
W_10688121443,58.38918502161495,26.737173215744534
W_6964770808,58.38918770055911,26.73342710123075
W_5470044442,58.389191565866504,26.70584736785539
W_9264323435,58.389192761747765,26.708295270016325
W_3097877715,58.38919447679049,26.693900768983685
W_9264233105,58.389199521440965,26.709768887566295
W_6690867643,58.389205478551034,26.728632913833753
W_10687988274,58.38920952281012,26.719501276038464
W_9264955438,58.389209893918895,26.706986507520977
W_330043248,58.38921499143831,26.733464010784537
W_9152285823,58.38921715902075,26.710935914388553
W_9265134893,58.38921969460656,26.709713647201262
W_cluster_4247525823_4247525826,58.389223719224454,26.692198160619377
W_12568541108,58.38922510809827,26.72178845954087
W_9150005840,58.38923169208266,26.71296568978773
W_11417932348,58.3892324795098,26.713518140285824
W_cluster_330043013_330043015_330046036_330046037_#1more,58.38923370533884,26.72161153726707
W_9264323432,58.38923706209919,26.708186294248367
W_9264955435,58.38924288234915,26.707037203650355
W_12568541107,58.38924652768235,26.72143646302324
W_2801012691,58.38924900929325,26.745330966875283
W_9263920882,58.389251868115984,26.712790894652677
W_2505353535,58.38925339485517,26.7530306051909
W_330041721,58.38926025447486,26.739488014507668
W_11951923950,58.38926110028911,26.692654510585637
W_5470044342,58.38926302424315,26.706615595348424
W_3097877717,58.3892674500294,26.701031631374914
W_6809863860,58.38926816314564,26.712167665409858
W_6809863866,58.389270597301206,26.711852077738378
W_10687988270,58.3892761080176,26.71886020459714
W_469875086,58.389277393327326,26.705988102946268
W_cluster_2640929730_6964770809,58.38928229805146,26.73322182431997
W_9150036904,58.38928232809605,26.70806756097211
W_9150005835,58.38928820369927,26.712893394030218
W_8163652510,58.389289902831585,26.722261215595868
W_4247525827,58.389289978684786,26.692374951507073
W_3097877719,58.389291090466415,26.6943781588929
W_924300467,58.38929232726317,26.704359510331805
W_9263920884,58.38930192204361,26.7125624919067
W_330040949,58.38930282201728,26.70141018499399
W_13136915868,58.38930375577806,26.72160893279291
W_13165878478,58.38930706930253,26.755305909083464
W_13136915863,58.3893109658989,26.72153772349807
W_11951923951,58.38931477739425,26.693127994970897
W_2801012690,58.38931497514778,26.744855172627176
W_cluster_2157151102_2157151110,58.38931538347193,26.718831157385274
W_cluster_12568541106_13556690216,58.389317877998764,26.721577350213686
W_cluster_8157535490_8157535493,58.389318230695004,26.72924317224073
W_5352317098,58.38931978441776,26.704386989002764
W_2505353543,58.38932245810819,26.756784096513808
W_9263920883,58.3893329231578,26.712609104574984
W_11951938778,58.389334819677025,26.69260905678823
W_6809863867,58.38935423034644,26.711978478237103
W_3097877721,58.389357971887854,26.70114187027151
W_cluster_3868757235_9265134892,58.38936222915707,26.709910711307685
W_9264233086,58.389364763728615,26.70999877606955
W_cluster_924287419_924287420,58.38937496152688,26.706313806362584
W_9150036901,58.38938386462419,26.70840281563719
W_2157151080,58.389383903788236,26.717316908159596
W_9264323452,58.38938506461674,26.708219792869624
W_10685198659,58.38938695320751,26.729164651341378
W_3097877727,58.38938778916094,26.701218244007332
W_4247525829,58.389391351855096,26.69446486411393
W_11951938769,58.3893931017557,26.69256818418606
W_3097877723,58.38939532400185,26.6971212550436
W_9265134888,58.38939593569233,26.711194261496054
W_9264323453,58.38940660613777,26.70817411827177
W_3097877726,58.389406758714934,26.693695220722315
W_10687988241,58.38940932170084,26.720180942391952
W_11951938774,58.389418828264844,26.69228523063752
W_10685198691,58.38942558119722,26.730744765847625
W_1184743317,58.38942917054409,26.72819110930761
W_6809863864,58.38942938750503,26.71149125598868
W_330045042,58.38943017586892,26.678079196859507
W_cluster_13165878475_13165878477,58.38943091144823,26.755110920932097
W_cluster_11417932347_12145858984,58.389438378840545,26.7130553460125
W_9264323449,58.38943878937431,26.70783228490321
W_2476661763,58.389440084483404,26.72812825358646
W_1296612175,58.38944428975101,26.706623326199878
W_2157151076,58.389448558365864,26.720092887948134
W_cluster_9263920388_9263920881,58.389450723317324,26.712392122323134
W_4578346114,58.389452623797446,26.68439415258969
W_10688168574,58.38945406338377,26.736976057315143
W_11286156528,58.389455185383355,26.718976284213444
W_330042806,58.38945929187134,26.71659998790417
W_9265134901,58.389465928260776,26.70957684406726
W_2476661766,58.38946692018216,26.727949994091293
W_9264323450,58.38946780772079,26.707875147114535
W_11951938780,58.3894685833863,26.693633281121254
W_4247525831,58.389469181430144,26.694297255414394
W_4713011155,58.389469380943424,26.70433237259866
W_11750806730,58.38947593292931,26.73399585897098
W_9263920395,58.38947631295126,26.71214869444309
W_2476661768,58.38947632240962,26.728529406457938
W_9264307410,58.3894830790957,26.708823269552123
W_11750806729,58.38948399582209,26.734288961453505
W_2640929733,58.38948650865126,26.732604365798036
W_12145858985,58.38949101591737,26.713057655128047
W_2505353571,58.38949136164576,26.754409407789392
W_3097877720,58.389492611233614,26.693052560667343
W_cluster_9264307408_9264323438,58.389495466004284,26.70866187618156
W_9152285822,58.389496317158205,26.711339338493953
W_9264307390,58.38949676362286,26.709629100038896
W_4423569791,58.3894991616088,26.758655771308984
W_2476661770,58.389499776245636,26.728577459647898
W_3097877736,58.38950090104776,26.70150258321441
W_cluster_12526462768_330045030_5531925615_5531925616,58.38950837765178,26.738808180464464
W_6809863865,58.38951579204493,26.711611818195554
W_330043247,58.389516990592305,26.733871887522703
W_9150005830,58.389522879227755,26.71248731768818
W_9264323451,58.38952345750127,26.707741275179558
W_9264233085,58.38952432256859,26.710217766730125
W_11951938779,58.389525260597765,26.693597213117975
W_9157374996,58.38952610083477,26.718345093145132
W_2801013728,58.389532525393676,26.745270085155973
W_9263920390,58.389533724196696,26.7122371678498
W_cluster_330044054_6964770807,58.389536254252576,26.732512482539082
W_2476661774,58.389540261740805,26.728270814748015
W_6555279682,58.38954267769612,26.6975251876197
W_9265134891,58.38954421913319,26.710159278607716
W_9157374995,58.38955415011236,26.718275597992278
W_12145965618,58.3895589000552,26.71276975509686
W_4578346138,58.38956641325392,26.681704711761643
W_6809863862,58.38957012721243,26.711171799448646
W_11951923968,58.38957942955904,26.69356390341315
W_9150068630,58.38958381770328,26.709282710628084
W_3097877740,58.389587529537,26.696286636944667
W_330046483,58.38959446080873,26.693953062744658
W_924312813,58.389621284190916,26.703643515530953
W_10687988239,58.38962217516452,26.720588215794038
W_2139961795,58.38962286851684,26.71261837668623
W_3097877744,58.38963319893251,26.694190303603257
W_2476661782,58.38964085858117,26.728738693783725
W_9263920394,58.38964112651726,26.711790046323586
W_3097877745,58.38964208466328,26.696643473389432
W_cluster_1106176127_1106176132_1106176253_330046538_#2more,58.38964495436163,26.72850980923196
W_2441482893,58.38964882423796,26.728216956952355
W_2640928627,58.3896511609151,26.718035195539173
W_2476661780,58.38965298637824,26.727808307444096
W_6809863863,58.3896554677737,26.711298356497185
W_330043840,58.38965581805439,26.733469921142554
W_11286156529,58.38966988290666,26.718461965373756
W_cluster_10687988249_12568541116_2157151090,58.3896741498438,26.720575147658867
W_4247525837,58.38967959493264,26.696250610894626
W_6964763762,58.38968235300835,26.728780964472453
W_5470044389,58.389686765414424,26.70629821512977
W_13136915860,58.38968770672966,26.720696308812936
W_13426638701,58.3896903135246,26.71089886083269
W_9157375003,58.38969266789546,26.71808155858085
W_9263920391,58.38969403500561,26.711873082954597
W_8157381602,58.389695830210606,26.708892669317567
W_12568541117,58.38970006008579,26.720718617583206
W_5470044480,58.389700621653134,26.700681606263586
W_11224556842,58.389708798408925,26.680813156230275
W_5470044424,58.389709770212995,26.70657784800563
W_9150068629,58.38972190169897,26.70807470417134
W_4247525838,58.38973356591244,26.696588296545663
W_9150005825,58.38974181856749,26.712353491628033
W_11951923963,58.389746578224006,26.693752481113208
W_3097877755,58.38974700680889,26.694119875424633
W_9264233050,58.389750753886354,26.71057817595122
W_6516924152,58.38975349608411,26.728361366104803
W_6555495043,58.389762325789135,26.694216210466383
W_11951923962,58.38976239508219,26.693831536440634
W_6164194377,58.38976350141854,26.727912646636266
W_13426638702,58.38976946529699,26.71102906015609
W_4247525839,58.38977030499914,26.696211175470385
W_9263920393,58.38977971027554,26.711470093542612
W_2157151098,58.38978132795393,26.71771995262919
W_9150068632,58.38978375242128,26.709562258351145
W_2476661784,58.38978807894386,26.72840557108151
W_3097877760,58.38978887086694,26.69397361402662
W_4423569793,58.389789794043175,26.75841210390635
W_13165878476,58.38979327584562,26.755606995726193
W_cluster_4423569794_4423569796,58.3897970327924,26.75810725802197
W_11286156530,58.389799116440855,26.718661396686638
W_9150068635,58.38980017999307,26.70975659811734
W_9265134890,58.38980067689617,26.71065131504074
W_5470044387,58.389803002925845,26.706344456390227
W_924300480,58.38980395859752,26.704299811094145
W_4097980679,58.38980402118005,26.76889977327086
W_cluster_9264323446_9264323447,58.389818564615084,26.708439080417232
W_3097877761,58.38982027647335,26.696528713297376
W_5470044479,58.38982780708706,26.70064597813072
W_330043836,58.38983602675373,26.732927897543664
W_6809863869,58.38984419231372,26.713027248716273
W_cluster_330044213_9149987571,58.389853587469275,26.71053611228843
W_2157151097,58.38985390608276,26.717193759817352
W_5274784028,58.38985471229512,26.747594105482968
W_330043173,58.38986302881969,26.734337936409883
W_6516924153,58.38987146281552,26.728083370545935
W_9150005826,58.38987189907816,26.71256589337777
W_2454133318,58.3898786570142,26.72779151697624
W_924312791,58.38988948318988,26.70442532461781
W_4713011178,58.38989079322162,26.699620728405357
W_6132917402,58.389895606614495,26.708430405584497
W_9150005829,58.38989665490819,26.711631799853496
W_10158140513,58.38989775639889,26.710725949668525
W_2110802850,58.3899168242164,26.747664815341285
W_cluster_2157151073_9152692167,58.38991761705267,26.71728954676474
W_932343981,58.389926309836156,26.700712192199997
W_9263803339,58.38992808382872,26.7124681129701
W_9150068626,58.38994296528022,26.70923220524444
W_634113075,58.38994546952447,26.696107727647835
W_330043021,58.38995502772175,26.72257036303693
W_4247525840,58.38998329791667,26.698128104635682
W_4713011184,58.38999611928178,26.69991556632519
W_2157151071,58.38999958757356,26.718049860967096
W_9150068634,58.39000633366973,26.710046190720895
W_330040881,58.39001871441729,26.712631234609205
W_2801013712,58.39003149524875,26.74737955186749
W_6132917403,58.39004605957517,26.708041237727606
W_9152692168,58.39005082948051,26.716849412765608
W_9026347713,58.390051729698726,26.69362223743033
W_3097877770,58.3900540179913,26.69605359940043
W_4423569798,58.39005771589116,26.75694135437443
W_4247525844,58.390071982393195,26.691693717430486
W_13426638703,58.39008010136728,26.71153126829479
W_5470044384,58.39009959384723,26.706509955746633
W_4247525846,58.39012964901946,26.6960183978521
W_9150068624,58.390131170908546,26.708776193158617
W_2410162510,58.39013948492277,26.728385765131463
W_9152692170,58.39016009123872,26.717236293209194
W_2640928626,58.39016352566503,26.717653270421756
W_4741729724,58.39018905420167,26.700534475108533
W_8153886366,58.39025438001387,26.729456986371424
W_4800987252,58.39028246412626,26.752314262133638
W_9263803338,58.39030187885375,26.711860770479593
W_8587134294,58.390305060192,26.72929838220378
W_3032698132,58.390323898606475,26.755697741334462
W_5219965653,58.390382193860574,26.7145580058713
W_1808532389,58.390446073286775,26.76527233040281
W_4578346116,58.39044846653807,26.683834318690156
W_6964770804,58.39049562452955,26.72971239097289
W_330044286,58.39053990611313,26.729756181911725
W_6555495044,58.3905526642861,26.694840357380375
W_5470044377,58.390554352572615,26.707226451232042
W_4800987261,58.3905595007832,26.751503103636686
W_5470044362,58.39058958197158,26.708851950472198
W_13136915854,58.39059895505055,26.718389563661077
W_924319346,58.390615806457,26.707982991619804
W_11224556837,58.390659478411955,26.678828980226687
W_cluster_12568541102_330046071,58.390691011352345,26.718428341518027
W_330041180,58.39075547603846,26.7355733648719
W_12374500361,58.39096498651806,26.72033197049948
W_537983830,58.39097558378474,26.718895086059057
W_6516932899,58.39113018703754,26.724073886163673
W_330043002,58.39118554822492,26.724131781339732
W_8587134312,58.39126519977258,26.73041173784198
W_12526462774,58.39128748385246,26.73458927127508
W_330044000,58.391306151891094,26.730281941058934
W_13556690224,58.3913226336332,26.719388025464117
W_9149997328,58.39148615632021,26.710174989662463
W_5531925624,58.39156182965216,26.741466002079143
W_2110802798,58.391650103337476,26.749920396407365
W_330358774,58.391690387029456,26.751051100126478
W_12120159229,58.391736357368615,26.75016661263245
W_1808532408,58.39174801553797,26.768419572853656
W_11360748643,58.39225819577612,26.714972876331924
W_10779959360,58.39229462880105,26.72083255310807
W_6516924151,58.39239545697619,26.720981600046184
W_1106176207,58.39245855620973,26.73202850613779
W_5532038958,58.39299186568037,26.76836865391622
W_330045768,58.394279921582466,26.744110079929907
W_6809279358,58.394284611488914,26.690616879385857
W_5531925513,58.39446926498027,26.743263307690174
W_7040886381,58.39544836936963,26.683417315725784
W_11331190078,58.395843095671424,26.683921346780664
W_330046001,58.39596271681309,26.712797397819806
W_564767813,58.40334586504463,26.67280455130212
W_8662904998,58.42693236280821,26.656429434310603
